population,crop_z,crop_y,crop_x,mega_id,mega_vox,mega_frac,n_flagged_sites,n_tier1_sites,crop_mask_vox,crop_n_megas
site,0,512,0,3,10677,0.0766,1,1,139371,6
site,0,512,0,4,19679,0.1412,0,0,139371,6
site,0,512,0,10,33077,0.2373,0,0,139371,6
site,0,512,0,12,12949,0.0929,0,0,139371,6
site,0,512,0,13,17457,0.1253,0,0,139371,6
site,0,512,0,15,7200,0.0517,0,0,139371,6
site,0,512,2560,1,6768474,0.9267,1,1,7303889,1
site,0,512,3072,2,209642,0.3883,0,0,539854,7
site,0,512,3072,9,39412,0.073,0,0,539854,7
site,0,512,3072,19,29354,0.0544,0,0,539854,7
site,0,512,3072,23,27699,0.0513,0,0,539854,7
site,0,512,3072,28,48678,0.0902,0,0,539854,7
site,0,512,3072,29,16967,0.0314,0,0,539854,7
site,0,512,3072,30,20670,0.0383,0,0,539854,7
site,0,1024,0,2,3132414,0.8696,2,2,3602044,1
site,0,1024,512,1,12148719,0.9469,1,1,12829953,1
site,0,1024,1536,1,2256778,0.2848,5,5,7924652,2
site,0,1024,1536,28,4681938,0.5908,1,1,7924652,2
site,0,1024,2048,4,2885481,0.3714,1,1,7769612,2
site,0,1024,2048,27,3908248,0.503,2,2,7769612,2
site,0,1024,2560,1,10599796,0.9395,1,1,11282502,1
site,0,1024,3072,1,4895967,0.9114,2,2,5371658,1
site,0,1024,3584,1,13849,0.1429,1,1,96930,13
site,0,1024,3584,5,5705,0.0589,0,0,96930,13
site,0,1024,3584,6,3554,0.0367,0,0,96930,13
site,0,1024,3584,7,4837,0.0499,0,0,96930,13
site,0,1024,3584,13,3522,0.0363,0,0,96930,13
site,0,1024,3584,14,5079,0.0524,0,0,96930,13
site,0,1024,3584,15,3508,0.0362,0,0,96930,13
site,0,1024,3584,16,4842,0.05,0,0,96930,13
site,0,1024,3584,17,7350,0.0758,1,1,96930,13
site,0,1024,3584,19,3434,0.0354,0,0,96930,13
site,0,1024,3584,20,4944,0.051,0,0,96930,13
site,0,1024,3584,24,7585,0.0783,0,0,96930,13
site,0,1024,3584,25,3379,0.0349,0,0,96930,13
site,0,1536,0,1,10217894,0.8904,3,3,11475177,2
site,0,1536,0,155,553370,0.0482,1,1,11475177,2
site,0,1536,3584,2,2926239,0.8582,2,2,3409608,2
site,0,1536,3584,55,257397,0.0755,1,1,3409608,2
site,0,2048,2048,2,11231889,0.948,1,1,11848202,1
site,0,2560,2560,1,10673279,0.9786,1,1,10907008,1
site,0,3584,1024,1,5011,0.0493,0,0,101677,7
site,0,3584,1024,2,9722,0.0956,0,0,101677,7
site,0,3584,1024,3,14398,0.1416,0,0,101677,7
site,0,3584,1024,5,15652,0.1539,0,0,101677,7
site,0,3584,1024,7,17744,0.1745,0,0,101677,7
site,0,3584,1024,8,17636,0.1735,0,0,101677,7
site,0,3584,1024,10,9953,0.0979,0,0,101677,7
site,0,3584,1536,5,107535,0.4231,0,0,254148,7
site,0,3584,1536,6,9643,0.0379,0,0,254148,7
site,0,3584,1536,8,11366,0.0447,0,0,254148,7
site,0,3584,1536,9,13181,0.0519,0,0,254148,7
site,0,3584,1536,14,13488,0.0531,0,0,254148,7
site,0,3584,1536,23,13302,0.0523,0,0,254148,7
site,0,3584,1536,25,20781,0.0818,1,1,254148,7
site,0,3584,2048,1,15863,0.08,1,1,198299,9
site,0,3584,2048,5,10573,0.0533,0,0,198299,9
site,0,3584,2048,8,5977,0.0301,0,0,198299,9
site,0,3584,2048,9,8906,0.0449,0,0,198299,9
site,0,3584,2048,14,6338,0.032,0,0,198299,9
site,0,3584,2048,21,33256,0.1677,0,0,198299,9
site,0,3584,2048,26,20587,0.1038,2,2,198299,9
site,0,3584,2048,27,11254,0.0568,0,0,198299,9
site,0,3584,2048,30,36773,0.1854,0,0,198299,9
site,0,3584,2560,1,3808,0.1626,0,0,23423,6
site,0,3584,2560,2,1626,0.0694,0,0,23423,6
site,0,3584,2560,3,1432,0.0611,0,0,23423,6
site,0,3584,2560,4,7845,0.3349,1,1,23423,6
site,0,3584,2560,5,2197,0.0938,0,0,23423,6
site,0,3584,2560,6,6515,0.2781,0,0,23423,6
site,128,1536,512,2,133497,0.0464,0,0,2879450,3
site,128,1536,512,5,1539275,0.5346,0,0,2879450,3
site,128,1536,512,9,665760,0.2312,1,1,2879450,3
site,256,1536,0,2,2979531,0.9407,3,3,3167473,1
site,256,1536,512,25,753813,0.472,3,3,1597001,3
site,256,1536,512,31,51034,0.032,1,0,1597001,3
site,256,1536,512,64,53790,0.0337,0,0,1597001,3
site,256,1536,1024,1,38659,0.0539,1,1,717705,4
site,256,1536,1024,2,39442,0.055,0,0,717705,4
site,256,1536,1024,17,60627,0.0845,1,1,717705,4
site,256,1536,1024,38,32336,0.0451,0,0,717705,4
site,256,1536,1536,2,4319342,0.9178,4,4,4706052,1
site,256,1536,3584,1,26226,0.0391,0,0,670767,5
site,256,1536,3584,4,359798,0.5364,3,3,670767,5
site,256,1536,3584,19,80678,0.1203,0,0,670767,5
site,256,1536,3584,21,59754,0.0891,0,0,670767,5
site,256,1536,3584,22,74768,0.1115,1,1,670767,5
site,256,2048,512,1,16087,0.0341,0,0,471846,8
site,256,2048,512,23,17533,0.0372,0,0,471846,8
site,256,2048,512,25,17321,0.0367,0,0,471846,8
site,256,2048,512,28,14521,0.0308,0,0,471846,8
site,256,2048,512,30,28069,0.0595,0,0,471846,8
site,256,2048,512,33,17369,0.0368,0,0,471846,8
site,256,2048,512,35,38623,0.0819,0,0,471846,8
site,256,2048,512,37,81684,0.1731,0,0,471846,8
site,256,2048,1536,12,45010,0.0629,0,0,715174,6
site,256,2048,1536,20,35550,0.0497,0,0,715174,6
site,256,2048,1536,23,183209,0.2562,0,0,715174,6
site,256,2048,1536,38,41956,0.0587,0,0,715174,6
site,256,2048,1536,39,29844,0.0417,0,0,715174,6
site,256,2048,1536,40,28661,0.0401,0,0,715174,6
site,256,2048,2048,12,2608645,0.8829,6,6,2954785,1
site,256,2048,2560,2,2721248,0.8455,4,4,3218589,1
site,384,1536,0,13,2678754,0.893,4,4,2999616,1
site,384,1536,512,33,980624,0.761,2,2,1288584,1
site,384,1536,3072,1,65298,0.3537,1,1,184621,8
site,384,1536,3072,7,8260,0.0447,0,0,184621,8
site,384,1536,3072,9,7976,0.0432,0,0,184621,8
site,384,1536,3072,15,14025,0.076,0,0,184621,8
site,384,1536,3072,17,21871,0.1185,0,0,184621,8
site,384,1536,3072,18,9899,0.0536,0,0,184621,8
site,384,1536,3072,23,5794,0.0314,0,0,184621,8
site,384,1536,3072,25,7765,0.0421,0,0,184621,8
site,384,2048,1024,1,24111,0.0936,0,0,257653,6
site,384,2048,1024,6,54904,0.2131,0,0,257653,6
site,384,2048,1024,7,17561,0.0682,0,0,257653,6
site,384,2048,1024,10,10319,0.04,0,0,257653,6
site,384,2048,1024,11,23110,0.0897,1,1,257653,6
site,384,2048,1024,20,7734,0.03,0,0,257653,6
site,384,2048,1536,1,78335,0.1172,0,0,668540,3
site,384,2048,1536,12,50682,0.0758,0,0,668540,3
site,384,2048,1536,26,42838,0.0641,1,1,668540,3
site,384,2048,2048,2,292303,0.4684,3,3,624079,4
site,384,2048,2048,37,23875,0.0383,1,1,624079,4
site,384,2048,2048,38,20362,0.0326,0,0,624079,4
site,384,2048,2048,42,25037,0.0401,0,0,624079,4
site,384,2048,2560,1,1009052,0.8728,2,2,1156117,1
site,384,2048,3072,4,164696,0.2857,1,1,576437,6
site,384,2048,3072,10,85550,0.1484,2,2,576437,6
site,384,2048,3072,11,42575,0.0739,0,0,576437,6
site,384,2048,3072,13,34748,0.0603,0,0,576437,6
site,384,2048,3072,28,19548,0.0339,0,0,576437,6
site,384,2048,3072,43,20260,0.0351,0,0,576437,6
site,512,2048,512,2,3026077,0.7974,12,12,3794927,1
site,512,2048,1024,1,695594,0.1193,0,0,5830279,2
site,512,2048,1024,97,941088,0.1614,5,5,5830279,2
site,512,2048,1536,5,192380,0.0795,3,3,2419141,5
site,512,2048,1536,9,77771,0.0321,0,0,2419141,5
site,512,2048,1536,21,99373,0.0411,0,0,2419141,5
site,512,2048,1536,41,535826,0.2215,0,0,2419141,5
site,512,2048,1536,117,100222,0.0414,0,0,2419141,5
site,512,2560,1024,1,42003,0.1399,0,0,300279,9
site,512,2560,1024,2,43196,0.1439,0,0,300279,9
site,512,2560,1024,3,19841,0.0661,0,0,300279,9
site,512,2560,1024,7,37208,0.1239,0,0,300279,9
site,512,2560,1024,8,11155,0.0371,0,0,300279,9
site,512,2560,1024,10,11902,0.0396,0,0,300279,9
site,512,2560,1024,14,31296,0.1042,0,0,300279,9
site,512,2560,1024,21,30623,0.102,0,0,300279,9
site,512,2560,1024,22,11870,0.0395,0,0,300279,9
site,512,2560,1536,2,59765,0.4147,2,2,144105,5
site,512,2560,1536,3,42674,0.2961,0,0,144105,5
site,512,2560,1536,5,9185,0.0637,0,0,144105,5
site,512,2560,1536,6,11316,0.0785,0,0,144105,5
site,512,2560,1536,9,10294,0.0714,0,0,144105,5
site,640,1536,512,3,985903,0.7357,1,1,1340171,1
site,640,2048,512,1,2591778,0.3985,4,4,6503567,2
site,640,2048,512,53,199244,0.0306,0,0,6503567,2
site,640,2048,1024,1,303090,0.0391,0,0,7759803,5
site,640,2048,1024,111,240532,0.031,0,0,7759803,5
site,640,2048,1024,130,413568,0.0533,0,0,7759803,5
site,640,2048,1024,201,242189,0.0312,0,0,7759803,5
site,640,2048,1024,217,255283,0.0329,1,1,7759803,5
site,640,2048,1536,2,263690,0.0418,0,0,6314381,4
site,640,2048,1536,27,236062,0.0374,1,0,6314381,4
site,640,2048,1536,84,305632,0.0484,0,0,6314381,4
site,640,2048,1536,126,411802,0.0652,0,0,6314381,4
site,640,2048,2048,13,1115023,0.4097,14,5,2721287,3
site,640,2048,2048,117,127457,0.0468,5,2,2721287,3
site,640,2048,2048,119,114201,0.042,4,1,2721287,3
site,768,1536,0,3,25361,0.6144,1,1,41276,4
site,768,1536,0,4,1877,0.0455,0,0,41276,4
site,768,1536,0,7,3241,0.0785,0,0,41276,4
site,768,1536,0,8,2713,0.0657,0,0,41276,4
site,768,1536,512,6,3739065,0.6251,4,4,5981240,1
site,768,1536,1024,20,150382,0.0353,0,0,4260797,3
site,768,1536,1024,67,1425763,0.3346,9,9,4260797,3
site,768,1536,1024,107,132756,0.0312,0,0,4260797,3
site,768,1536,1536,13,104857,0.0607,2,0,1728377,4
site,768,1536,1536,20,356164,0.2061,6,0,1728377,4
site,768,1536,1536,22,66991,0.0388,1,0,1728377,4
site,768,1536,1536,44,123457,0.0714,0,0,1728377,4
site,768,1536,2048,7,385739,0.3758,4,0,1026455,4
site,768,1536,2048,13,34239,0.0334,1,0,1026455,4
site,768,1536,2048,26,85890,0.0837,0,0,1026455,4
site,768,1536,2048,77,40074,0.039,1,1,1026455,4
site,768,2048,0,8,23858,0.0382,0,0,623948,7
site,768,2048,0,9,267590,0.4289,6,6,623948,7
site,768,2048,0,13,22992,0.0368,0,0,623948,7
site,768,2048,0,15,23214,0.0372,0,0,623948,7
site,768,2048,0,27,25608,0.041,0,0,623948,7
site,768,2048,0,30,36159,0.058,0,0,623948,7
site,768,2048,0,32,49745,0.0797,0,0,623948,7
site,768,2048,512,1,308615,0.0517,0,0,5970792,4
site,768,2048,512,31,292884,0.0491,0,0,5970792,4
site,768,2048,512,127,343011,0.0574,0,0,5970792,4
site,768,2048,512,184,189731,0.0318,1,1,5970792,4
site,768,2048,1024,39,244179,0.0314,0,0,7786838,4
site,768,2048,1024,49,292431,0.0376,0,0,7786838,4
site,768,2048,1024,112,265564,0.0341,0,0,7786838,4
site,768,2048,1024,128,494621,0.0635,0,0,7786838,4
site,768,2048,1536,4,277633,0.0376,1,1,7391898,7
site,768,2048,1536,8,267566,0.0362,1,1,7391898,7
site,768,2048,1536,18,524590,0.071,1,1,7391898,7
site,768,2048,1536,20,223032,0.0302,1,0,7391898,7
site,768,2048,1536,37,297617,0.0403,0,0,7391898,7
site,768,2048,1536,48,373353,0.0505,0,0,7391898,7
site,768,2048,1536,53,226152,0.0306,0,0,7391898,7
site,768,2048,2048,18,1844212,0.3013,8,6,6120889,3
site,768,2048,2048,44,335242,0.0548,2,0,6120889,3
site,768,2048,2048,98,419139,0.0685,11,1,6120889,3
site,768,2560,1536,4,76400,0.0513,0,0,1488665,7
site,768,2560,1536,7,180900,0.1215,0,0,1488665,7
site,768,2560,1536,13,81051,0.0544,1,0,1488665,7
site,768,2560,1536,14,183040,0.123,0,0,1488665,7
site,768,2560,1536,28,50946,0.0342,1,0,1488665,7
site,768,2560,1536,29,190817,0.1282,0,0,1488665,7
site,768,2560,1536,30,176253,0.1184,0,0,1488665,7
site,768,2560,2048,3,17737,0.0378,0,0,468700,6
site,768,2560,2048,4,229712,0.4901,4,0,468700,6
site,768,2560,2048,6,27084,0.0578,1,0,468700,6
site,768,2560,2048,7,37381,0.0798,1,0,468700,6
site,768,2560,2048,12,16483,0.0352,0,0,468700,6
site,768,2560,2048,18,26844,0.0573,0,0,468700,6
site,896,1024,512,2,364235,0.689,1,1,528628,2
site,896,1024,512,9,26261,0.0497,0,0,528628,2
site,896,1536,512,2,6282248,0.666,8,8,9432885,1
site,896,1536,1024,117,234754,0.0314,0,0,7479335,4
site,896,1536,1024,122,278645,0.0373,0,0,7479335,4
site,896,1536,1024,295,294623,0.0394,0,0,7479335,4
site,896,1536,1024,376,321123,0.0429,0,0,7479335,4
site,896,1536,1536,5,603810,0.1016,8,1,5943600,3
site,896,1536,1536,16,449744,0.0757,9,1,5943600,3
site,896,1536,1536,51,880006,0.1481,1,1,5943600,3
site,896,1536,2048,1,2024268,0.3491,7,3,5797818,2
site,896,1536,2048,11,1546568,0.2668,3,3,5797818,2
site,896,2048,0,1,44362,0.0531,0,0,836040,8
site,896,2048,0,8,62631,0.0749,0,0,836040,8
site,896,2048,0,19,28086,0.0336,0,0,836040,8
site,896,2048,0,21,34764,0.0416,0,0,836040,8
site,896,2048,0,25,118075,0.1412,0,0,836040,8
site,896,2048,0,34,60503,0.0724,0,0,836040,8
site,896,2048,0,35,78937,0.0944,0,0,836040,8
site,896,2048,0,52,31231,0.0374,0,0,836040,8
site,896,2048,512,17,212004,0.0409,0,0,5186692,3
site,896,2048,512,54,166176,0.032,1,1,5186692,3
site,896,2048,512,215,162536,0.0313,0,0,5186692,3
site,896,2048,1024,6,417888,0.0533,0,0,7843258,4
site,896,2048,1024,53,253347,0.0323,0,0,7843258,4
site,896,2048,1024,69,403574,0.0515,0,0,7843258,4
site,896,2048,1024,92,586134,0.0747,0,0,7843258,4
site,896,2048,1536,1,256977,0.032,4,0,8024301,5
site,896,2048,1536,11,753596,0.0939,0,0,8024301,5
site,896,2048,1536,86,294351,0.0367,0,0,8024301,5
site,896,2048,1536,134,278790,0.0347,0,0,8024301,5
site,896,2048,1536,204,402015,0.0501,0,0,8024301,5
site,896,2048,2048,9,419279,0.0669,2,2,6269577,3
site,896,2048,2048,23,209267,0.0334,0,0,6269577,3
site,896,2048,2048,314,398748,0.0636,0,0,6269577,3
site,896,2560,1536,4,41657,0.0429,1,1,970188,6
site,896,2560,1536,11,408740,0.4213,0,0,970188,6
site,896,2560,1536,15,53204,0.0548,0,0,970188,6
site,896,2560,1536,18,62613,0.0645,0,0,970188,6
site,896,2560,1536,24,35966,0.0371,0,0,970188,6
site,896,2560,1536,40,62506,0.0644,0,0,970188,6
site,1024,1024,512,2,2543223,0.7883,8,8,3226392,1
site,1024,1024,1024,2,2152845,0.5548,6,5,3880258,3
site,1024,1024,1024,10,134512,0.0347,0,0,3880258,3
site,1024,1024,1024,13,151929,0.0392,1,1,3880258,3
site,1024,1024,1536,3,1097499,0.4236,9,0,2590948,2
site,1024,1024,1536,37,329814,0.1273,0,0,2590948,2
site,1024,1536,512,1,274585,0.0318,0,0,8635783,5
site,1024,1536,512,4,689807,0.0799,1,1,8635783,5
site,1024,1536,512,52,912660,0.1057,1,1,8635783,5
site,1024,1536,512,53,640049,0.0741,2,2,8635783,5
site,1024,1536,512,246,377653,0.0437,0,0,8635783,5
site,1024,1536,1024,385,281382,0.0323,0,0,8700621,1
site,1024,1536,1536,11,660995,0.0697,0,0,9479181,2
site,1024,1536,1536,37,743639,0.0784,12,1,9479181,2
site,1024,1536,2048,1,1727422,0.1849,5,5,9340146,4
site,1024,1536,2048,14,1063807,0.1139,4,4,9340146,4
site,1024,1536,2048,25,291026,0.0312,1,1,9340146,4
site,1024,1536,2048,113,292606,0.0313,1,0,9340146,4
site,1024,1536,2560,1,38433,0.0409,0,0,939301,7
site,1024,1536,2560,2,31818,0.0339,0,0,939301,7
site,1024,1536,2560,18,30032,0.032,0,0,939301,7
site,1024,1536,2560,30,30274,0.0322,0,0,939301,7
site,1024,1536,2560,35,123614,0.1316,0,0,939301,7
site,1024,1536,2560,48,41273,0.0439,0,0,939301,7
site,1024,1536,2560,60,33928,0.0361,0,0,939301,7
site,1024,2048,0,1,66022,0.073,0,0,904016,9
site,1024,2048,0,6,83165,0.092,0,0,904016,9
site,1024,2048,0,11,30377,0.0336,0,0,904016,9
site,1024,2048,0,19,27330,0.0302,0,0,904016,9
site,1024,2048,0,26,94663,0.1047,0,0,904016,9
site,1024,2048,0,47,37571,0.0416,0,0,904016,9
site,1024,2048,0,50,52707,0.0583,0,0,904016,9
site,1024,2048,0,57,33738,0.0373,0,0,904016,9
site,1024,2048,0,68,55885,0.0618,0,0,904016,9
site,1024,2048,512,11,204928,0.0391,0,0,5241394,2
site,1024,2048,512,37,162888,0.0311,0,0,5241394,2
site,1024,2048,1024,10,378078,0.0472,0,0,8006365,3
site,1024,2048,1024,65,405860,0.0507,0,0,8006365,3
site,1024,2048,1024,156,302640,0.0378,0,0,8006365,3
site,1024,2048,1536,27,567544,0.0671,0,0,8454059,3
site,1024,2048,1536,57,402038,0.0476,0,0,8454059,3
site,1024,2048,1536,120,487383,0.0577,0,0,8454059,3
site,1024,2048,2048,80,210405,0.0381,1,0,5524646,2
site,1024,2048,2048,106,317616,0.0575,0,0,5524646,2
site,1024,2048,2560,1,24335,0.1031,1,1,235997,4
site,1024,2048,2560,4,120892,0.5123,0,0,235997,4
site,1024,2048,2560,13,23452,0.0994,0,0,235997,4
site,1024,2048,2560,23,9810,0.0416,0,0,235997,4
site,1024,2560,1536,2,42962,0.0681,0,0,630594,11
site,1024,2560,1536,3,87666,0.139,1,1,630594,11
site,1024,2560,1536,7,30027,0.0476,0,0,630594,11
site,1024,2560,1536,13,52986,0.084,0,0,630594,11
site,1024,2560,1536,14,41387,0.0656,0,0,630594,11
site,1024,2560,1536,16,41865,0.0664,0,0,630594,11
site,1024,2560,1536,17,20843,0.0331,0,0,630594,11
site,1024,2560,1536,21,74232,0.1177,0,0,630594,11
site,1024,2560,1536,25,21485,0.0341,0,0,630594,11
site,1024,2560,1536,28,64381,0.1021,0,0,630594,11
site,1024,2560,1536,29,38911,0.0617,0,0,630594,11
site,1152,1024,512,1,397082,0.1041,0,0,3813728,4
site,1152,1024,512,5,1399519,0.367,8,7,3813728,4
site,1152,1024,512,46,166255,0.0436,0,0,3813728,4
site,1152,1024,512,199,186381,0.0489,2,0,3813728,4
site,1152,1024,1024,3,3100758,0.3716,3,3,8344644,1
site,1152,1024,1536,1,1705699,0.2738,5,4,6230233,2
site,1152,1024,1536,169,678870,0.109,5,4,6230233,2
site,1152,1024,2048,4,3183706,0.6135,9,2,5188998,1
site,1152,1024,2560,1,6353,0.0363,0,0,174898,7
site,1152,1024,2560,2,53912,0.3082,1,1,174898,7
site,1152,1024,2560,3,20082,0.1148,0,0,174898,7
site,1152,1024,2560,4,8107,0.0464,0,0,174898,7
site,1152,1024,2560,7,5637,0.0322,0,0,174898,7
site,1152,1024,2560,8,19108,0.1093,0,0,174898,7
site,1152,1024,2560,10,7949,0.0454,0,0,174898,7
site,1152,1536,0,8,14344,0.0314,0,0,456630,13
site,1152,1536,0,14,15492,0.0339,0,0,456630,13
site,1152,1536,0,17,15534,0.034,0,0,456630,13
site,1152,1536,0,20,38422,0.0841,0,0,456630,13
site,1152,1536,0,21,16893,0.037,0,0,456630,13
site,1152,1536,0,23,30268,0.0663,1,1,456630,13
site,1152,1536,0,27,20442,0.0448,0,0,456630,13
site,1152,1536,0,32,18818,0.0412,0,0,456630,13
site,1152,1536,0,33,19313,0.0423,0,0,456630,13
site,1152,1536,0,34,14598,0.032,0,0,456630,13
site,1152,1536,0,35,18095,0.0396,0,0,456630,13
site,1152,1536,0,36,28598,0.0626,0,0,456630,13
site,1152,1536,0,45,16619,0.0364,0,0,456630,13
site,1152,1536,512,8,1262400,0.1503,20,1,8396831,5
site,1152,1536,512,40,253542,0.0302,0,0,8396831,5
site,1152,1536,512,109,519189,0.0618,3,3,8396831,5
site,1152,1536,512,138,406679,0.0484,0,0,8396831,5
site,1152,1536,512,247,994531,0.1184,9,0,8396831,5
site,1152,1536,1024,49,441197,0.0488,5,3,9039815,3
site,1152,1536,1024,71,370897,0.041,8,0,9039815,3
site,1152,1536,1024,561,937455,0.1037,13,1,9039815,3
site,1152,1536,1536,191,675266,0.074,3,1,9131215,1
site,1152,1536,2048,7,271919,0.0312,1,1,8718292,2
site,1152,1536,2048,133,536684,0.0616,3,0,8718292,2
site,1152,1536,2560,8,1010450,0.6028,5,0,1676352,2
site,1152,1536,2560,34,88375,0.0527,5,0,1676352,2
site,1152,2048,0,2,77832,0.0853,1,1,912397,4
site,1152,2048,0,16,376942,0.4131,0,0,912397,4
site,1152,2048,0,31,55846,0.0612,0,0,912397,4
site,1152,2048,0,58,32333,0.0354,0,0,912397,4
site,1152,2048,512,9,253044,0.0524,0,0,4832797,3
site,1152,2048,512,48,158176,0.0327,1,1,4832797,3
site,1152,2048,512,125,148934,0.0308,0,0,4832797,3
site,1152,2048,1024,7,816013,0.0968,0,0,8433839,2
site,1152,2048,1024,35,324575,0.0385,0,0,8433839,2
site,1152,2048,1536,132,534714,0.0586,0,0,9128847,3
site,1152,2048,1536,277,463526,0.0508,0,0,9128847,3
site,1152,2048,1536,291,589232,0.0645,1,0,9128847,3
site,1152,2048,2048,5,329871,0.0602,7,2,5483991,4
site,1152,2048,2048,21,239561,0.0437,0,0,5483991,4
site,1152,2048,2048,129,346175,0.0631,0,0,5483991,4
site,1152,2048,2048,189,240397,0.0438,0,0,5483991,4
site,1152,2048,2560,1,94617,0.7525,1,0,125736,4
site,1152,2048,2560,5,4610,0.0367,0,0,125736,4
site,1152,2048,2560,6,5548,0.0441,0,0,125736,4
site,1152,2048,2560,11,4182,0.0333,0,0,125736,4
site,1280,512,1024,3,25358,0.0307,0,0,827157,3
site,1280,512,1024,5,455228,0.5504,2,1,827157,3
site,1280,512,1024,11,31842,0.0385,0,0,827157,3
site,1280,512,1536,3,337254,0.6738,1,0,500519,2
site,1280,512,1536,10,26735,0.0534,0,0,500519,2
site,1280,1024,512,1,159911,0.0363,0,0,4407704,5
site,1280,1024,512,5,191416,0.0434,1,1,4407704,5
site,1280,1024,512,27,390390,0.0886,2,0,4407704,5
site,1280,1024,512,35,184150,0.0418,0,0,4407704,5
site,1280,1024,512,164,243312,0.0552,0,0,4407704,5
site,1280,1024,1024,3,2016866,0.2042,2,2,9875860,2
site,1280,1024,1024,197,311383,0.0315,0,0,9875860,2
site,1280,1024,1536,3,3118215,0.3191,6,2,9770758,2
site,1280,1024,1536,57,578927,0.0593,6,0,9770758,2
site,1280,1024,2048,2,1387123,0.1593,7,7,8704966,3
site,1280,1024,2048,13,1418414,0.1629,2,2,8704966,3
site,1280,1024,2048,49,344043,0.0395,1,0,8704966,3
site,1280,1024,2560,2,625302,0.7424,1,1,842293,1
site,1280,1536,0,2,58660,0.1018,0,0,576428,8
site,1280,1536,0,3,39133,0.0679,0,0,576428,8
site,1280,1536,0,4,35415,0.0614,0,0,576428,8
site,1280,1536,0,5,36820,0.0639,1,1,576428,8
site,1280,1536,0,9,27220,0.0472,0,0,576428,8
site,1280,1536,0,19,109218,0.1895,0,0,576428,8
site,1280,1536,0,21,62802,0.109,0,0,576428,8
site,1280,1536,0,22,31057,0.0539,0,0,576428,8
site,1280,1536,512,58,297231,0.0405,1,0,7336536,6
site,1280,1536,512,59,379532,0.0517,1,1,7336536,6
site,1280,1536,512,110,277784,0.0379,4,1,7336536,6
site,1280,1536,512,129,302564,0.0412,1,0,7336536,6
site,1280,1536,512,170,248372,0.0339,1,1,7336536,6
site,1280,1536,512,233,372467,0.0508,1,0,7336536,6
site,1280,1536,1024,14,621014,0.068,8,0,9133412,1
site,1280,1536,1536,8,393632,0.0414,3,0,9500764,3
site,1280,1536,1536,35,359364,0.0378,2,1,9500764,3
site,1280,1536,1536,88,374902,0.0395,3,0,9500764,3
site,1280,1536,2048,156,274995,0.0314,0,0,8770951,1
site,1280,1536,2560,2,825662,0.6039,1,0,1367245,1
site,1280,2048,0,1,34687,0.0361,2,2,960775,5
site,1280,2048,0,7,286613,0.2983,0,0,960775,5
site,1280,2048,0,53,84448,0.0879,0,0,960775,5
site,1280,2048,0,72,40258,0.0419,0,0,960775,5
site,1280,2048,0,84,32201,0.0335,0,0,960775,5
site,1280,2048,512,27,278585,0.0629,0,0,4429866,7
site,1280,2048,512,50,220241,0.0497,0,0,4429866,7
site,1280,2048,512,65,180092,0.0407,0,0,4429866,7
site,1280,2048,512,77,140832,0.0318,0,0,4429866,7
site,1280,2048,512,86,181476,0.041,0,0,4429866,7
site,1280,2048,512,91,410859,0.0927,0,0,4429866,7
site,1280,2048,512,114,179187,0.0404,0,0,4429866,7
site,1280,2048,1024,2,1157081,0.1408,15,3,8220229,3
site,1280,2048,1024,4,295522,0.036,2,2,8220229,3
site,1280,2048,1024,40,565938,0.0688,2,2,8220229,3
site,1280,2048,1536,57,591876,0.0676,2,1,8756259,2
site,1280,2048,1536,360,352455,0.0403,1,1,8756259,2
site,1280,2048,2048,3,185414,0.0318,2,0,5827594,2
site,1280,2048,2048,7,1764770,0.3028,10,2,5827594,2
site,1408,512,1024,5,57738,0.0684,0,0,844339,7
site,1408,512,1024,11,32092,0.038,0,0,844339,7
site,1408,512,1024,12,26721,0.0316,0,0,844339,7
site,1408,512,1024,24,34804,0.0412,0,0,844339,7
site,1408,512,1024,44,39281,0.0465,0,0,844339,7
site,1408,512,1024,47,52278,0.0619,0,0,844339,7
site,1408,512,1024,81,46704,0.0553,0,0,844339,7
site,1408,512,1536,2,1192831,0.5859,17,1,2036043,2
site,1408,512,1536,42,102196,0.0502,1,1,2036043,2
site,1408,512,2048,8,35124,0.0853,0,0,411667,9
site,1408,512,2048,12,12466,0.0303,0,0,411667,9
site,1408,512,2048,13,58016,0.1409,1,1,411667,9
site,1408,512,2048,23,15504,0.0377,0,0,411667,9
site,1408,512,2048,31,44528,0.1082,0,0,411667,9
site,1408,512,2048,41,18698,0.0454,0,0,411667,9
site,1408,512,2048,43,29783,0.0723,0,0,411667,9
site,1408,512,2048,46,14647,0.0356,0,0,411667,9
site,1408,512,2048,47,12793,0.0311,0,0,411667,9
site,1408,1024,512,11,143594,0.031,0,0,4629775,3
site,1408,1024,512,14,303705,0.0656,1,1,4629775,3
site,1408,1024,512,23,251072,0.0542,1,1,4629775,3
site,1408,1024,1024,65,307808,0.0326,5,0,9445374,4
site,1408,1024,1024,75,570344,0.0604,0,0,9445374,4
site,1408,1024,1024,108,327280,0.0346,8,2,9445374,4
site,1408,1024,1024,110,866865,0.0918,12,0,9445374,4
site,1408,1024,1536,2,674032,0.0686,1,1,9831235,5
site,1408,1024,1536,58,476958,0.0485,2,1,9831235,5
site,1408,1024,1536,71,310852,0.0316,0,0,9831235,5
site,1408,1024,1536,81,1080636,0.1099,3,1,9831235,5
site,1408,1024,1536,88,306131,0.0311,1,0,9831235,5
site,1408,1024,2048,69,533580,0.0616,1,1,8666826,2
site,1408,1024,2048,561,353198,0.0408,0,0,8666826,2
site,1408,1024,2560,7,294986,0.3384,0,0,871581,8
site,1408,1024,2560,10,31602,0.0363,0,0,871581,8
site,1408,1024,2560,34,50779,0.0583,0,0,871581,8
site,1408,1024,2560,38,27639,0.0317,0,0,871581,8
site,1408,1024,2560,41,42336,0.0486,1,1,871581,8
site,1408,1024,2560,43,37587,0.0431,0,0,871581,8
site,1408,1024,2560,60,30141,0.0346,0,0,871581,8
site,1408,1024,2560,69,36548,0.0419,0,0,871581,8
site,1408,1536,0,2,255936,0.3573,1,1,716368,2
site,1408,1536,0,27,97780,0.1365,0,0,716368,2
site,1408,1536,512,35,260290,0.0369,0,0,7054394,1
site,1408,1536,1024,1,273844,0.0301,3,1,9109183,3
site,1408,1536,1024,117,323401,0.0355,3,0,9109183,3
site,1408,1536,1024,322,451024,0.0495,4,1,9109183,3
site,1408,1536,1536,40,413778,0.0454,2,2,9104160,1
site,1408,1536,2048,2,792625,0.0866,1,1,9155702,4
site,1408,1536,2048,102,418187,0.0457,2,1,9155702,4
site,1408,1536,2048,415,1097135,0.1198,5,1,9155702,4
site,1408,1536,2048,541,381263,0.0416,1,0,9155702,4
site,1408,2048,512,25,426491,0.0986,0,0,4326091,8
site,1408,2048,512,29,181697,0.042,2,2,4326091,8
site,1408,2048,512,35,146319,0.0338,0,0,4326091,8
site,1408,2048,512,52,146230,0.0338,0,0,4326091,8
site,1408,2048,512,57,430281,0.0995,0,0,4326091,8
site,1408,2048,512,58,186035,0.043,0,0,4326091,8
site,1408,2048,512,100,167871,0.0388,0,0,4326091,8
site,1408,2048,512,105,158654,0.0367,0,0,4326091,8
site,1408,2048,1024,151,651362,0.0918,5,5,7096319,1
site,1408,2048,1536,9,3955087,0.4141,3,3,9552119,2
site,1408,2048,1536,50,353882,0.037,1,1,9552119,2
site,1408,2048,2048,3,1175674,0.1787,14,1,6578023,3
site,1408,2048,2048,334,240641,0.0366,1,1,6578023,3
site,1408,2048,2048,351,204583,0.0311,0,0,6578023,3
site,1536,512,1536,6,1130876,0.4589,9,7,2464316,4
site,1536,512,1536,47,81109,0.0329,0,0,2464316,4
site,1536,512,1536,137,77958,0.0316,0,0,2464316,4
site,1536,512,1536,172,100543,0.0408,0,0,2464316,4
site,1536,1024,512,38,179520,0.0407,0,0,4413133,1
site,1536,1024,1024,6,717149,0.0783,2,0,9155163,3
site,1536,1024,1024,11,340544,0.0372,0,0,9155163,3
site,1536,1024,1024,128,343528,0.0375,0,0,9155163,3
site,1536,1024,1536,33,435264,0.049,0,0,8890520,1
site,1536,1024,2048,52,309365,0.0379,0,0,8165275,4
site,1536,1024,2048,150,611360,0.0749,4,4,8165275,4
site,1536,1024,2048,208,245667,0.0301,0,0,8165275,4
site,1536,1024,2048,230,265126,0.0325,0,0,8165275,4
site,1536,1536,0,1,927369,0.6139,2,1,1510624,2
site,1536,1536,0,15,53765,0.0356,0,0,1510624,2
site,1536,1536,512,34,418803,0.0502,0,0,8350483,1
site,1536,1536,1024,44,369280,0.0424,0,0,8708102,2
site,1536,1536,1024,79,476921,0.0548,2,1,8708102,2
site,1536,1536,1536,68,281544,0.0326,0,0,8639800,2
site,1536,1536,1536,146,357676,0.0414,4,3,8639800,2
site,1536,1536,2048,544,988823,0.1144,3,0,8639827,1
site,1536,1536,2560,1,212750,0.1593,0,0,1335441,6
site,1536,1536,2560,8,161866,0.1212,0,0,1335441,6
site,1536,1536,2560,23,240174,0.1798,0,0,1335441,6
site,1536,1536,2560,33,48698,0.0365,0,0,1335441,6
site,1536,1536,2560,36,59235,0.0444,0,0,1335441,6
site,1536,1536,2560,53,46749,0.035,0,0,1335441,6
site,1536,2048,0,1,62301,0.0574,0,0,1085212,4
site,1536,2048,0,9,202283,0.1864,3,3,1085212,4
site,1536,2048,0,10,173673,0.16,0,0,1085212,4
site,1536,2048,0,74,125509,0.1157,0,0,1085212,4
site,1536,2048,512,5,1503800,0.3085,10,4,4874075,2
site,1536,2048,512,32,436324,0.0895,0,0,4874075,2
site,1536,2048,1024,70,1719508,0.3209,9,4,5357571,1
site,1536,2048,1536,66,898340,0.1477,1,1,6080595,1
site,1536,2048,2048,8,406132,0.0587,1,0,6915654,2
site,1536,2048,2048,207,283910,0.0411,1,1,6915654,2
site,1664,512,1536,4,294432,0.1431,2,2,2057120,3
site,1664,512,1536,7,1127579,0.5481,2,2,2057120,3
site,1664,512,1536,53,76352,0.0371,0,0,2057120,3
site,1664,512,2048,4,459447,0.5575,1,1,824169,3
site,1664,512,2048,47,132199,0.1604,0,0,824169,3
site,1664,512,2048,53,29653,0.036,0,0,824169,3
site,1664,1024,512,6,909451,0.2539,6,6,3581729,4
site,1664,1024,512,89,130057,0.0363,0,0,3581729,4
site,1664,1024,512,106,120942,0.0338,0,0,3581729,4
site,1664,1024,512,241,136778,0.0382,0,0,3581729,4
site,1664,1024,1024,38,1554240,0.1708,2,2,9101416,3
site,1664,1024,1024,41,626143,0.0688,1,1,9101416,3
site,1664,1024,1024,220,372933,0.041,1,1,9101416,3
site,1664,1024,1536,38,426234,0.049,0,0,8692115,2
site,1664,1024,1536,71,454414,0.0523,2,2,8692115,2
site,1664,1024,2048,1,931142,0.1141,2,2,8157951,3
site,1664,1024,2048,207,267656,0.0328,0,0,8157951,3
site,1664,1024,2048,264,340131,0.0417,0,0,8157951,3
site,1664,1536,0,2,133438,0.0724,6,6,1844207,4
site,1664,1536,0,7,420587,0.2281,2,2,1844207,4
site,1664,1536,0,67,74910,0.0406,0,0,1844207,4
site,1664,1536,0,156,111243,0.0603,1,1,1844207,4
site,1664,1536,512,42,264531,0.0332,1,0,7975242,1
site,1664,1536,1024,29,333887,0.0392,0,0,8510010,4
site,1664,1536,1024,54,406373,0.0478,0,0,8510010,4
site,1664,1536,1024,68,451465,0.0531,0,0,8510010,4
site,1664,1536,1024,77,267719,0.0315,0,0,8510010,4
site,1664,1536,1536,84,325624,0.0401,0,0,8118284,2
site,1664,1536,1536,100,364113,0.0449,1,0,8118284,2
site,1664,1536,2048,22,283515,0.0339,0,0,8358839,1
site,1664,1536,2560,5,123340,0.1155,1,1,1068180,6
site,1664,1536,2560,9,37718,0.0353,0,0,1068180,6
site,1664,1536,2560,14,72006,0.0674,0,0,1068180,6
site,1664,1536,2560,31,38835,0.0364,0,0,1068180,6
site,1664,1536,2560,39,102173,0.0957,0,0,1068180,6
site,1664,1536,2560,41,71169,0.0666,0,0,1068180,6
site,1664,2048,0,1,171218,0.1467,0,0,1166935,5
site,1664,2048,0,3,104937,0.0899,0,0,1166935,5
site,1664,2048,0,5,310835,0.2664,2,0,1166935,5
site,1664,2048,0,40,43720,0.0375,0,0,1166935,5
site,1664,2048,0,65,45733,0.0392,1,1,1166935,5
site,1664,2048,512,19,900128,0.1728,9,2,5209412,4
site,1664,2048,512,21,210068,0.0403,0,0,5209412,4
site,1664,2048,512,34,443887,0.0852,3,2,5209412,4
site,1664,2048,512,48,295251,0.0567,6,0,5209412,4
site,1664,2048,1024,8,2047781,0.3636,21,6,5632607,2
site,1664,2048,1024,128,207887,0.0369,1,0,5632607,2
site,1664,2048,1536,13,163222,0.0326,4,4,4999698,7
site,1664,2048,1536,22,226601,0.0453,0,0,4999698,7
site,1664,2048,1536,49,254668,0.0509,0,0,4999698,7
site,1664,2048,1536,71,325922,0.0652,0,0,4999698,7
site,1664,2048,1536,94,171043,0.0342,0,0,4999698,7
site,1664,2048,1536,100,236473,0.0473,0,0,4999698,7
site,1664,2048,1536,138,179043,0.0358,0,0,4999698,7
site,1664,2048,2048,50,844466,0.1561,17,3,5408426,2
site,1664,2048,2048,55,356901,0.066,6,6,5408426,2
site,1792,512,1536,4,142263,0.1912,0,0,743977,7
site,1792,512,1536,6,98201,0.132,0,0,743977,7
site,1792,512,1536,25,24068,0.0324,0,0,743977,7
site,1792,512,1536,53,35504,0.0477,0,0,743977,7
site,1792,512,1536,55,33539,0.0451,0,0,743977,7
site,1792,512,1536,69,31128,0.0418,0,0,743977,7
site,1792,512,1536,75,31179,0.0419,1,0,743977,7
site,1792,512,2048,8,219546,0.2592,1,0,847032,7
site,1792,512,2048,12,43344,0.0512,0,0,847032,7
site,1792,512,2048,22,31642,0.0374,0,0,847032,7
site,1792,512,2048,26,28802,0.034,0,0,847032,7
site,1792,512,2048,39,38406,0.0453,0,0,847032,7
site,1792,512,2048,48,107928,0.1274,0,0,847032,7
site,1792,512,2048,51,32499,0.0384,1,0,847032,7
site,1792,1024,512,21,390059,0.1957,0,0,1993656,3
site,1792,1024,512,81,129291,0.0649,0,0,1993656,3
site,1792,1024,512,107,86377,0.0433,0,0,1993656,3
site,1792,1024,1024,15,165395,0.0311,0,0,5317177,2
site,1792,1024,1024,18,249454,0.0469,2,2,5317177,2
site,1792,1024,1536,39,782220,0.0888,5,3,8805870,1
site,1792,1024,2048,27,420597,0.0533,1,1,7890995,2
site,1792,1024,2048,184,290365,0.0368,3,3,7890995,2
site,1792,1536,0,2,131006,0.0645,3,3,2030991,4
site,1792,1536,0,4,78175,0.0385,0,0,2030991,4
site,1792,1536,0,7,312773,0.154,0,0,2030991,4
site,1792,1536,0,17,68193,0.0336,0,0,2030991,4
site,1792,1536,1024,20,283533,0.0335,0,0,8475269,3
site,1792,1536,1024,73,705540,0.0832,0,0,8475269,3
site,1792,1536,1024,125,538200,0.0635,0,0,8475269,3
site,1792,1536,1536,30,490488,0.0606,0,0,8087264,2
site,1792,1536,1536,79,1129741,0.1397,0,0,8087264,2
site,1792,1536,2048,30,343515,0.0407,2,1,8433591,1
site,1792,1536,2560,8,73549,0.1064,0,0,690943,10
site,1792,1536,2560,16,44399,0.0643,0,0,690943,10
site,1792,1536,2560,18,32570,0.0471,0,0,690943,10
site,1792,1536,2560,20,23350,0.0338,0,0,690943,10
site,1792,1536,2560,21,37164,0.0538,0,0,690943,10
site,1792,1536,2560,30,100277,0.1451,1,1,690943,10
site,1792,1536,2560,31,26449,0.0383,0,0,690943,10
site,1792,1536,2560,37,37025,0.0536,0,0,690943,10
site,1792,1536,2560,38,23138,0.0335,0,0,690943,10
site,1792,1536,2560,42,22210,0.0321,0,0,690943,10
site,1792,2048,0,1,484074,0.4173,1,1,1160078,2
site,1792,2048,0,19,39413,0.034,0,0,1160078,2
site,1792,2048,512,4,255816,0.0561,0,0,4557452,3
site,1792,2048,512,58,153084,0.0336,0,0,4557452,3
site,1792,2048,512,63,424076,0.0931,2,2,4557452,3
site,1792,2048,1024,170,206810,0.0431,0,0,4797004,1
site,1792,2048,1536,164,196640,0.0458,0,0,4290401,1
site,1792,2048,2048,6,646836,0.1394,4,1,4639469,3
site,1792,2048,2048,35,194345,0.0419,0,0,4639469,3
site,1792,2048,2048,164,153657,0.0331,0,0,4639469,3
site,1792,2048,2560,1,94966,0.2265,3,2,419346,6
site,1792,2048,2560,3,86689,0.2067,2,0,419346,6
site,1792,2048,2560,4,12714,0.0303,0,0,419346,6
site,1792,2048,2560,8,16278,0.0388,0,0,419346,6
site,1792,2048,2560,19,46835,0.1117,0,0,419346,6
site,1792,2048,2560,38,18323,0.0437,0,0,419346,6
site,1920,512,1536,8,46475,0.0529,1,0,878054,13
site,1920,512,1536,14,42861,0.0488,0,0,878054,13
site,1920,512,1536,27,30833,0.0351,0,0,878054,13
site,1920,512,1536,28,48230,0.0549,0,0,878054,13
site,1920,512,1536,30,30746,0.035,0,0,878054,13
site,1920,512,1536,31,55703,0.0634,0,0,878054,13
site,1920,512,1536,35,33355,0.038,1,0,878054,13
site,1920,512,1536,39,40134,0.0457,0,0,878054,13
site,1920,512,1536,51,35610,0.0406,0,0,878054,13
site,1920,512,1536,53,37718,0.043,1,0,878054,13
site,1920,512,1536,66,30087,0.0343,0,0,878054,13
site,1920,512,1536,70,46906,0.0534,0,0,878054,13
site,1920,512,1536,74,72061,0.0821,0,0,878054,13
site,1920,512,2048,9,27910,0.0321,0,0,869454,5
site,1920,512,2048,21,48916,0.0563,0,0,869454,5
site,1920,512,2048,46,158799,0.1826,0,0,869454,5
site,1920,512,2048,60,81123,0.0933,0,0,869454,5
site,1920,512,2048,61,62767,0.0722,0,0,869454,5
site,1920,1024,512,32,60767,0.0401,1,1,1515203,6
site,1920,1024,512,52,50778,0.0335,0,0,1515203,6
site,1920,1024,512,61,88380,0.0583,0,0,1515203,6
site,1920,1024,512,73,54923,0.0362,0,0,1515203,6
site,1920,1024,512,75,93735,0.0619,0,0,1515203,6
site,1920,1024,512,86,60247,0.0398,0,0,1515203,6
site,1920,1024,1024,10,624318,0.1461,1,1,4273606,1
site,1920,1024,1536,17,3681498,0.3898,25,3,9443408,2
site,1920,1024,1536,32,324121,0.0343,2,2,9443408,2
site,1920,1024,2048,13,323996,0.0501,1,1,6469891,2
site,1920,1024,2048,25,222282,0.0344,0,0,6469891,2
site,1920,1536,0,8,260339,0.1154,1,1,2256884,9
site,1920,1536,0,11,274541,0.1216,2,2,2256884,9
site,1920,1536,0,17,73062,0.0324,0,0,2256884,9
site,1920,1536,0,18,76533,0.0339,0,0,2256884,9
site,1920,1536,0,40,177411,0.0786,0,0,2256884,9
site,1920,1536,0,58,120462,0.0534,0,0,2256884,9
site,1920,1536,0,74,145166,0.0643,0,0,2256884,9
site,1920,1536,0,80,71707,0.0318,0,0,2256884,9
site,1920,1536,0,83,68741,0.0305,0,0,2256884,9
site,1920,1536,512,36,230850,0.0303,0,0,7621949,4
site,1920,1536,512,55,312529,0.041,0,0,7621949,4
site,1920,1536,512,57,233671,0.0307,0,0,7621949,4
site,1920,1536,512,77,511479,0.0671,0,0,7621949,4
site,1920,1536,1024,18,289229,0.0334,0,0,8649216,4
site,1920,1536,1024,68,373383,0.0432,0,0,8649216,4
site,1920,1536,1024,92,342507,0.0396,0,0,8649216,4
site,1920,1536,1024,102,369778,0.0428,0,0,8649216,4
site,1920,1536,1536,149,817392,0.0945,0,0,8645317,2
site,1920,1536,1536,283,379958,0.0439,0,0,8645317,2
site,1920,1536,2048,32,377496,0.0441,0,0,8562443,2
site,1920,1536,2048,508,363198,0.0424,1,0,8562443,2
site,1920,2048,512,9,128333,0.031,0,0,4142551,5
site,1920,2048,512,13,186486,0.045,0,0,4142551,5
site,1920,2048,512,17,169637,0.0409,2,2,4142551,5
site,1920,2048,512,57,159110,0.0384,0,0,4142551,5
site,1920,2048,512,128,452709,0.1093,0,0,4142551,5
site,1920,2048,1024,4,165406,0.0384,0,0,4305350,4
site,1920,2048,1024,16,191780,0.0445,0,0,4305350,4
site,1920,2048,1024,66,191792,0.0445,0,0,4305350,4
site,1920,2048,1024,130,197297,0.0458,0,0,4305350,4
site,1920,2048,1536,11,145045,0.0315,1,0,4598215,3
site,1920,2048,1536,155,866530,0.1884,1,1,4598215,3
site,1920,2048,1536,174,168163,0.0366,0,0,4598215,3
site,1920,2048,2048,26,187811,0.0432,1,0,4345181,1
site,1920,2048,2560,1,461100,0.683,5,1,675139,2
site,1920,2048,2560,11,22775,0.0337,0,0,675139,2
site,2048,512,1536,1,13478,0.0348,0,0,387753,4
site,2048,512,1536,2,247031,0.6371,4,0,387753,4
site,2048,512,1536,11,48735,0.1257,0,0,387753,4
site,2048,512,1536,12,17488,0.0451,0,0,387753,4
site,2048,512,2048,1,424841,0.4774,5,0,889993,6
site,2048,512,2048,4,31558,0.0355,0,0,889993,6
site,2048,512,2048,9,76106,0.0855,1,0,889993,6
site,2048,512,2048,15,34622,0.0389,0,0,889993,6
site,2048,512,2048,31,68643,0.0771,1,0,889993,6
site,2048,512,2048,41,61526,0.0691,0,0,889993,6
site,2048,1024,1024,6,72665,0.0318,3,0,2287677,5
site,2048,1024,1024,59,68685,0.03,0,0,2287677,5
site,2048,1024,1024,88,69632,0.0304,0,0,2287677,5
site,2048,1024,1024,149,95937,0.0419,0,0,2287677,5
site,2048,1024,1024,167,82374,0.036,0,0,2287677,5
site,2048,1024,1536,1,825513,0.1285,13,3,6423186,4
site,2048,1024,1536,14,263883,0.0411,4,1,6423186,4
site,2048,1024,1536,36,299512,0.0466,9,0,6423186,4
site,2048,1024,1536,90,219873,0.0342,0,0,6423186,4
site,2048,1024,2048,6,265632,0.033,3,0,8051616,2
site,2048,1024,2048,180,767175,0.0953,16,3,8051616,2
site,2048,1536,0,2,1083886,0.4311,3,3,2514140,4
site,2048,1536,0,8,161841,0.0644,0,0,2514140,4
site,2048,1536,0,54,96976,0.0386,0,0,2514140,4
site,2048,1536,0,79,175835,0.0699,0,0,2514140,4
site,2048,1536,512,2,249475,0.0315,1,1,7928308,5
site,2048,1536,512,8,255115,0.0322,1,1,7928308,5
site,2048,1536,512,14,447272,0.0564,0,0,7928308,5
site,2048,1536,512,198,470937,0.0594,1,1,7928308,5
site,2048,1536,512,265,281995,0.0356,0,0,7928308,5
site,2048,1536,1024,122,552736,0.0608,0,0,9097500,1
site,2048,1536,1536,41,266631,0.0303,0,0,8786295,2
site,2048,1536,1536,293,1093909,0.1245,0,0,8786295,2
site,2048,1536,2048,113,504414,0.0632,0,0,7986310,1
site,2048,2048,0,4,35642,0.0439,0,0,812133,10
site,2048,2048,0,7,30010,0.037,0,0,812133,10
site,2048,2048,0,9,26207,0.0323,0,0,812133,10
site,2048,2048,0,11,52443,0.0646,0,0,812133,10
site,2048,2048,0,12,35640,0.0439,0,0,812133,10
site,2048,2048,0,18,34616,0.0426,0,0,812133,10
site,2048,2048,0,23,36800,0.0453,0,0,812133,10
site,2048,2048,0,26,47303,0.0582,0,0,812133,10
site,2048,2048,0,31,25107,0.0309,0,0,812133,10
site,2048,2048,0,41,58236,0.0717,0,0,812133,10
site,2048,2048,512,22,215140,0.0441,2,2,4879157,3
site,2048,2048,512,69,182510,0.0374,0,0,4879157,3
site,2048,2048,512,164,333429,0.0683,0,0,4879157,3
site,2048,2048,1024,15,5901655,0.6275,13,6,9404446,1
site,2048,2048,1536,14,876903,0.0945,1,1,9282304,2
site,2048,2048,1536,19,3864556,0.4163,19,3,9282304,2
site,2048,2048,2048,3,163632,0.0307,0,0,5335751,2
site,2048,2048,2048,26,218519,0.041,4,4,5335751,2
site,2048,2048,2560,1,63581,0.0879,0,0,722951,9
site,2048,2048,2560,2,22195,0.0307,0,0,722951,9
site,2048,2048,2560,3,59161,0.0818,0,0,722951,9
site,2048,2048,2560,6,152311,0.2107,2,2,722951,9
site,2048,2048,2560,18,25423,0.0352,0,0,722951,9
site,2048,2048,2560,24,21824,0.0302,0,0,722951,9
site,2048,2048,2560,27,22450,0.0311,0,0,722951,9
site,2048,2048,2560,34,22132,0.0306,0,0,722951,9
site,2048,2048,2560,44,25556,0.0353,0,0,722951,9
site,2048,2560,1536,2,25856,0.4138,1,0,62479,3
site,2048,2560,1536,3,1898,0.0304,0,0,62479,3
site,2048,2560,1536,4,3185,0.051,0,0,62479,3
site,2176,512,2048,2,27477,0.0429,0,0,641095,12
site,2176,512,2048,4,64233,0.1002,1,1,641095,12
site,2176,512,2048,9,24073,0.0375,0,0,641095,12
site,2176,512,2048,14,33988,0.053,1,0,641095,12
site,2176,512,2048,15,26201,0.0409,0,0,641095,12
site,2176,512,2048,18,32373,0.0505,0,0,641095,12
site,2176,512,2048,23,23751,0.037,0,0,641095,12
site,2176,512,2048,29,26458,0.0413,0,0,641095,12
site,2176,512,2048,31,37176,0.058,0,0,641095,12
site,2176,512,2048,37,20633,0.0322,0,0,641095,12
site,2176,512,2048,39,28477,0.0444,0,0,641095,12
site,2176,512,2048,48,29213,0.0456,0,0,641095,12
site,2176,1024,1536,5,417653,0.0939,1,1,4447348,2
site,2176,1024,1536,11,505355,0.1136,1,1,4447348,2
site,2176,1024,2048,1,360533,0.0425,6,0,8473482,2
site,2176,1024,2048,336,333823,0.0394,2,0,8473482,2
site,2176,1536,0,3,1071724,0.352,5,5,3044609,3
site,2176,1536,0,13,155172,0.051,1,1,3044609,3
site,2176,1536,0,30,118929,0.0391,0,0,3044609,3
site,2176,1536,512,5,246185,0.0334,0,0,7379081,6
site,2176,1536,512,20,303297,0.0411,2,2,7379081,6
site,2176,1536,512,44,331984,0.045,0,0,7379081,6
site,2176,1536,512,81,245034,0.0332,0,0,7379081,6
site,2176,1536,512,111,744793,0.1009,0,0,7379081,6
site,2176,1536,512,117,280162,0.038,0,0,7379081,6
site,2176,1536,1024,45,461974,0.0515,0,0,8967793,2
site,2176,1536,1024,167,570885,0.0637,0,0,8967793,2
site,2176,1536,1536,56,312567,0.0344,0,0,9078412,4
site,2176,1536,1536,60,742785,0.0818,2,0,9078412,4
site,2176,1536,1536,238,300988,0.0332,0,0,9078412,4
site,2176,1536,1536,521,319695,0.0352,1,0,9078412,4
site,2176,1536,2048,177,233323,0.0301,0,0,7755567,1
site,2176,2048,512,28,160838,0.0303,0,0,5314488,2
site,2176,2048,512,124,184201,0.0347,0,0,5314488,2
site,2176,2048,1024,8,1326065,0.1712,5,4,7743697,4
site,2176,2048,1024,75,461180,0.0596,1,1,7743697,4
site,2176,2048,1024,91,251894,0.0325,0,0,7743697,4
site,2176,2048,1024,211,264801,0.0342,3,3,7743697,4
site,2176,2048,1536,2,285023,0.0332,1,1,8579453,2
site,2176,2048,1536,19,997860,0.1163,5,2,8579453,2
site,2176,2048,2048,6,308831,0.0464,0,0,6651811,2
site,2176,2048,2048,97,332619,0.05,0,0,6651811,2
site,2176,2048,2560,3,318544,0.3309,4,1,962744,7
site,2176,2048,2560,5,41788,0.0434,0,0,962744,7
site,2176,2048,2560,8,35114,0.0365,0,0,962744,7
site,2176,2048,2560,11,45046,0.0468,0,0,962744,7
site,2176,2048,2560,20,71714,0.0745,0,0,962744,7
site,2176,2048,2560,32,50555,0.0525,0,0,962744,7
site,2176,2048,2560,58,30418,0.0316,0,0,962744,7
site,2304,512,2048,1,75629,0.1855,0,0,407785,7
site,2304,512,2048,11,71925,0.1764,0,0,407785,7
site,2304,512,2048,17,54027,0.1325,0,0,407785,7
site,2304,512,2048,18,13064,0.032,0,0,407785,7
site,2304,512,2048,20,33994,0.0834,0,0,407785,7
site,2304,512,2048,21,15836,0.0388,0,0,407785,7
site,2304,512,2048,24,12495,0.0306,0,0,407785,7
site,2304,1024,1024,14,172339,0.0934,0,0,1846113,4
site,2304,1024,1024,19,110927,0.0601,0,0,1846113,4
site,2304,1024,1024,76,61905,0.0335,0,0,1846113,4
site,2304,1024,1024,122,70670,0.0383,0,0,1846113,4
site,2304,1024,1536,55,125971,0.0303,3,0,4160550,3
site,2304,1024,1536,85,265692,0.0639,2,1,4160550,3
site,2304,1024,1536,101,170123,0.0409,0,0,4160550,3
site,2304,1024,2048,6,434626,0.0502,7,0,8658233,5
site,2304,1024,2048,7,1305069,0.1507,4,4,8658233,5
site,2304,1024,2048,50,1316099,0.152,11,2,8658233,5
site,2304,1024,2048,51,278724,0.0322,5,1,8658233,5
site,2304,1024,2048,96,350224,0.0404,2,0,8658233,5
site,2304,1536,0,5,628585,0.2448,1,1,2568258,3
site,2304,1536,0,39,146136,0.0569,0,0,2568258,3
site,2304,1536,0,87,158275,0.0616,0,0,2568258,3
site,2304,1536,512,53,235053,0.0301,1,1,7806203,2
site,2304,1536,512,239,249387,0.0319,0,0,7806203,2
site,2304,1536,1024,39,263330,0.0303,1,0,8687097,5
site,2304,1536,1024,40,304307,0.035,1,1,8687097,5
site,2304,1536,1024,159,498057,0.0573,0,0,8687097,5
site,2304,1536,1024,211,780053,0.0898,0,0,8687097,5
site,2304,1536,1024,329,462095,0.0532,2,0,8687097,5
site,2304,1536,1536,72,1658520,0.1833,17,5,9050423,1
site,2304,1536,2048,16,314127,0.0351,3,0,8953002,2
site,2304,1536,2048,261,288223,0.0322,4,0,8953002,2
site,2304,1536,2560,10,309994,0.19,3,0,1631154,4
site,2304,1536,2560,60,60962,0.0374,0,0,1631154,4
site,2304,1536,2560,69,79215,0.0486,1,0,1631154,4
site,2304,1536,2560,75,98425,0.0603,0,0,1631154,4
site,2304,2048,0,1,157373,0.141,2,2,1115938,6
site,2304,2048,0,2,52612,0.0471,0,0,1115938,6
site,2304,2048,0,63,44203,0.0396,0,0,1115938,6
site,2304,2048,0,65,37443,0.0336,1,1,1115938,6
site,2304,2048,0,68,41364,0.0371,0,0,1115938,6
site,2304,2048,0,75,151801,0.136,0,0,1115938,6
site,2304,2048,512,112,153236,0.0314,0,0,4878359,2
site,2304,2048,512,238,151585,0.0311,0,0,4878359,2
site,2304,2048,1536,34,407916,0.0462,2,2,8836264,3
site,2304,2048,1536,58,300634,0.034,0,0,8836264,3
site,2304,2048,1536,95,270583,0.0306,0,0,8836264,3
site,2304,2048,2048,48,295312,0.037,0,0,7978565,2
site,2304,2048,2048,247,265741,0.0333,1,1,7978565,2
site,2304,2048,2560,13,355520,0.1297,10,2,2740428,3
site,2304,2048,2560,32,88834,0.0324,1,1,2740428,3
site,2304,2048,2560,67,576516,0.2104,6,3,2740428,3
site,2304,2560,1536,3,67529,0.0385,0,0,1753781,10
site,2304,2560,1536,5,362569,0.2067,1,1,1753781,10
site,2304,2560,1536,7,57927,0.033,0,0,1753781,10
site,2304,2560,1536,23,58384,0.0333,0,0,1753781,10
site,2304,2560,1536,26,68745,0.0392,0,0,1753781,10
site,2304,2560,1536,32,53468,0.0305,0,0,1753781,10
site,2304,2560,1536,41,159974,0.0912,0,0,1753781,10
site,2304,2560,1536,51,60429,0.0345,0,0,1753781,10
site,2304,2560,1536,59,67049,0.0382,0,0,1753781,10
site,2304,2560,1536,66,72073,0.0411,0,0,1753781,10
site,2304,2560,2048,1,724761,0.789,2,1,918626,1
site,2432,1024,1536,5,106344,0.0322,0,0,3300688,5
site,2432,1024,1536,35,121417,0.0368,0,0,3300688,5
site,2432,1024,1536,43,135067,0.0409,0,0,3300688,5
site,2432,1024,1536,106,99309,0.0301,0,0,3300688,5
site,2432,1024,1536,199,142786,0.0433,0,0,3300688,5
site,2432,1024,2048,16,782760,0.0863,3,0,9065633,3
site,2432,1024,2048,25,285870,0.0315,0,0,9065633,3
site,2432,1024,2048,58,1496769,0.1651,12,2,9065633,3
site,2432,1024,2560,2,81115,0.1014,0,0,799993,7
site,2432,1024,2560,4,130186,0.1627,1,0,799993,7
site,2432,1024,2560,9,31836,0.0398,1,1,799993,7
site,2432,1024,2560,26,44181,0.0552,0,0,799993,7
site,2432,1024,2560,33,70785,0.0885,0,0,799993,7
site,2432,1024,2560,35,50153,0.0627,0,0,799993,7
site,2432,1024,2560,36,29788,0.0372,0,0,799993,7
site,2432,1536,0,6,445008,0.2007,1,1,2217645,2
site,2432,1536,0,51,406996,0.1835,12,2,2217645,2
site,2432,1536,512,80,391704,0.047,0,0,8334135,2
site,2432,1536,512,211,753191,0.0904,2,2,8334135,2
site,2432,1536,1024,126,291273,0.0338,0,0,8605680,5
site,2432,1536,1024,137,266400,0.031,2,1,8605680,5
site,2432,1536,1024,155,264683,0.0308,0,0,8605680,5
site,2432,1536,1024,196,277525,0.0322,0,0,8605680,5
site,2432,1536,1024,283,291498,0.0339,0,0,8605680,5
site,2432,1536,1536,43,405077,0.0475,0,0,8530176,2
site,2432,1536,1536,68,328534,0.0385,0,0,8530176,2
site,2432,1536,2048,54,571952,0.0669,5,1,8544014,3
site,2432,1536,2048,89,366761,0.0429,0,0,8544014,3
site,2432,1536,2048,326,415623,0.0486,1,1,8544014,3
site,2432,1536,2560,3,1010898,0.2329,10,0,4339686,2
site,2432,1536,2560,157,212614,0.049,1,0,4339686,2
site,2432,2048,0,4,418138,0.4683,2,0,892826,4
site,2432,2048,0,47,60009,0.0672,0,0,892826,4
site,2432,2048,0,48,33191,0.0372,0,0,892826,4
site,2432,2048,0,53,34782,0.039,0,0,892826,4
site,2432,2048,512,38,255463,0.0493,0,0,5184808,2
site,2432,2048,512,66,221748,0.0428,0,0,5184808,2
site,2432,2048,1024,55,265253,0.0309,0,0,8579507,1
site,2432,2048,1536,86,633454,0.0724,8,1,8743464,1
site,2432,2048,2048,15,388177,0.0422,3,0,9199460,3
site,2432,2048,2048,63,609955,0.0663,2,2,9199460,3
site,2432,2048,2048,67,638636,0.0694,4,0,9199460,3
site,2432,2048,2560,1,387681,0.0671,4,1,5778488,2
site,2432,2048,2560,12,2162543,0.3742,12,3,5778488,2
site,2432,2560,1536,2,227464,0.0824,0,0,2760245,6
site,2432,2560,1536,18,178408,0.0646,0,0,2760245,6
site,2432,2560,1536,43,244895,0.0887,0,0,2760245,6
site,2432,2560,1536,52,88616,0.0321,0,0,2760245,6
site,2432,2560,1536,62,102632,0.0372,0,0,2760245,6
site,2432,2560,1536,165,110965,0.0402,0,0,2760245,6
site,2432,2560,2048,4,283997,0.144,1,0,1972263,3
site,2432,2560,2048,20,71435,0.0362,0,0,1972263,3
site,2432,2560,2048,110,90010,0.0456,0,0,1972263,3
site,2560,1024,1536,1,142342,0.0407,0,0,3499449,5
site,2560,1024,1536,44,113135,0.0323,0,0,3499449,5
site,2560,1024,1536,52,144054,0.0412,2,2,3499449,5
site,2560,1024,1536,82,105723,0.0302,0,0,3499449,5
site,2560,1024,1536,95,110532,0.0316,1,1,3499449,5
site,2560,1024,2048,200,915984,0.1416,1,0,6469417,1
site,2560,1024,2560,5,187879,0.0986,0,0,1904980,7
site,2560,1024,2560,14,86846,0.0456,0,0,1904980,7
site,2560,1024,2560,22,63121,0.0331,0,0,1904980,7
site,2560,1024,2560,30,64123,0.0337,0,0,1904980,7
site,2560,1024,2560,42,137240,0.072,0,0,1904980,7
site,2560,1024,2560,52,135870,0.0713,1,1,1904980,7
site,2560,1024,2560,66,96221,0.0505,0,0,1904980,7
site,2560,1536,0,4,1086594,0.5721,19,6,1899445,2
site,2560,1536,0,24,118918,0.0626,2,0,1899445,2
site,2560,1536,512,13,338684,0.0395,1,1,8578433,3
site,2560,1536,512,55,415067,0.0484,4,4,8578433,3
site,2560,1536,512,432,767595,0.0895,1,1,8578433,3
site,2560,1536,1024,34,373678,0.0452,0,0,8265818,3
site,2560,1536,1024,57,725097,0.0877,0,0,8265818,3
site,2560,1536,1024,319,277667,0.0336,0,0,8265818,3
site,2560,1536,1536,31,721297,0.0901,0,0,8008800,5
site,2560,1536,1536,51,281737,0.0352,0,0,8008800,5
site,2560,1536,1536,68,317951,0.0397,0,0,8008800,5
site,2560,1536,1536,71,305561,0.0382,0,0,8008800,5
site,2560,1536,1536,80,273109,0.0341,0,0,8008800,5
site,2560,1536,2048,14,355704,0.0518,0,0,6865092,3
site,2560,1536,2048,25,207875,0.0303,1,0,6865092,3
site,2560,1536,2048,71,234481,0.0342,1,0,6865092,3
site,2560,1536,2560,14,1117744,0.1787,10,2,6254697,2
site,2560,1536,2560,97,512861,0.082,3,0,6254697,2
site,2560,2048,0,2,22567,0.0541,0,0,416805,8
site,2560,2048,0,5,67962,0.1631,0,0,416805,8
site,2560,2048,0,11,14238,0.0342,1,0,416805,8
site,2560,2048,0,12,13646,0.0327,0,0,416805,8
site,2560,2048,0,16,23822,0.0572,0,0,416805,8
site,2560,2048,0,18,17870,0.0429,0,0,416805,8
site,2560,2048,0,20,12591,0.0302,0,0,416805,8
site,2560,2048,0,25,110140,0.2642,1,0,416805,8
site,2560,2048,512,41,414599,0.0721,5,5,5754160,1
site,2560,2048,1024,70,370762,0.0424,0,0,8741659,1
site,2560,2048,2048,6,431647,0.0468,4,0,9228241,3
site,2560,2048,2048,58,791706,0.0858,3,3,9228241,3
site,2560,2048,2048,348,574796,0.0623,10,2,9228241,3
site,2560,2048,2560,10,296304,0.0425,2,0,6978854,2
site,2560,2048,2560,37,221225,0.0317,1,1,6978854,2
site,2560,2560,1536,135,282558,0.0965,0,0,2926681,2
site,2560,2560,1536,183,133509,0.0456,0,0,2926681,2
site,2560,2560,2048,46,126171,0.0582,0,0,2169472,3
site,2560,2560,2048,74,96557,0.0445,0,0,2169472,3
site,2560,2560,2048,87,82683,0.0381,0,0,2169472,3
site,2688,1024,512,2,16561,0.0335,0,0,494915,11
site,2688,1024,512,4,25299,0.0511,0,0,494915,11
site,2688,1024,512,9,22468,0.0454,0,0,494915,11
site,2688,1024,512,12,44963,0.0908,0,0,494915,11
site,2688,1024,512,14,46881,0.0947,1,0,494915,11
site,2688,1024,512,19,16688,0.0337,0,0,494915,11
site,2688,1024,512,21,15322,0.031,0,0,494915,11
site,2688,1024,512,25,28106,0.0568,0,0,494915,11
site,2688,1024,512,29,20800,0.042,0,0,494915,11
site,2688,1024,512,43,33143,0.067,0,0,494915,11
site,2688,1024,512,45,21265,0.043,0,0,494915,11
site,2688,1024,1024,12,105267,0.048,0,0,2194509,6
site,2688,1024,1024,25,105648,0.0481,0,0,2194509,6
site,2688,1024,1024,32,72608,0.0331,0,0,2194509,6
site,2688,1024,1024,38,105970,0.0483,0,0,2194509,6
site,2688,1024,1024,56,110307,0.0503,0,0,2194509,6
site,2688,1024,1024,73,73154,0.0333,0,0,2194509,6
site,2688,1024,1536,4,226285,0.0584,0,0,3873138,6
site,2688,1024,1536,63,198914,0.0514,0,0,3873138,6
site,2688,1024,1536,91,168413,0.0435,0,0,3873138,6
site,2688,1024,1536,100,176255,0.0455,0,0,3873138,6
site,2688,1024,1536,122,272650,0.0704,0,0,3873138,6
site,2688,1024,1536,189,176740,0.0456,0,0,3873138,6
site,2688,1024,2048,7,440830,0.0795,2,2,5544680,2
site,2688,1024,2048,90,205086,0.037,0,0,5544680,2
site,2688,1536,0,1,63917,0.0509,0,0,1254823,3
site,2688,1536,0,2,479453,0.3821,4,1,1254823,3
site,2688,1536,0,6,271041,0.216,1,1,1254823,3
site,2688,1536,512,41,724286,0.0836,2,2,8661514,2
site,2688,1536,512,122,323081,0.0373,6,0,8661514,2
site,2688,1536,1024,31,1787969,0.1926,8,2,9281394,2
site,2688,1536,1024,86,476905,0.0514,1,1,9281394,2
site,2688,1536,1536,10,1317128,0.1482,4,1,8887232,2
site,2688,1536,1536,22,470280,0.0529,1,0,8887232,2
site,2688,1536,2048,11,1358276,0.1676,2,0,8106313,4
site,2688,1536,2048,24,387540,0.0478,1,0,8106313,4
site,2688,1536,2048,70,939145,0.1159,6,1,8106313,4
site,2688,1536,2048,257,263231,0.0325,0,0,8106313,4
site,2688,1536,2560,34,278881,0.0382,0,0,7298795,4
site,2688,1536,2560,122,458832,0.0629,0,0,7298795,4
site,2688,1536,2560,159,369498,0.0506,0,0,7298795,4
site,2688,1536,2560,291,222396,0.0305,1,0,7298795,4
site,2688,2048,512,109,369033,0.0738,1,1,4997687,1
site,2688,2048,1536,71,316264,0.0361,0,0,8764921,2
site,2688,2048,1536,112,485585,0.0554,0,0,8764921,2
site,2688,2048,2048,48,2111205,0.2145,7,1,9842641,3
site,2688,2048,2048,100,909058,0.0924,0,0,9842641,3
site,2688,2048,2048,244,351230,0.0357,0,0,9842641,3
site,2688,2048,2560,33,368946,0.0525,4,3,7023245,2
site,2688,2048,2560,137,405866,0.0578,1,0,7023245,2
site,2688,2560,1536,5,168695,0.0552,0,0,3055524,6
site,2688,2560,1536,28,92428,0.0302,0,0,3055524,6
site,2688,2560,1536,46,201311,0.0659,0,0,3055524,6
site,2688,2560,1536,47,229457,0.0751,0,0,3055524,6
site,2688,2560,1536,62,143329,0.0469,0,0,3055524,6
site,2688,2560,1536,109,197130,0.0645,0,0,3055524,6
site,2816,1024,512,11,20139,0.0301,0,0,668079,7
site,2816,1024,512,20,113959,0.1706,0,0,668079,7
site,2816,1024,512,36,26853,0.0402,0,0,668079,7
site,2816,1024,512,40,27525,0.0412,0,0,668079,7
site,2816,1024,512,46,43788,0.0655,0,0,668079,7
site,2816,1024,512,49,57037,0.0854,0,0,668079,7
site,2816,1024,512,61,50235,0.0752,0,0,668079,7
site,2816,1024,1536,57,168386,0.051,1,1,3303052,1
site,2816,1024,2048,4,123556,0.0356,2,2,3468881,5
site,2816,1024,2048,13,259290,0.0747,1,1,3468881,5
site,2816,1024,2048,16,125366,0.0361,0,0,3468881,5
site,2816,1024,2048,56,293834,0.0847,0,0,3468881,5
site,2816,1024,2048,72,151434,0.0437,0,0,3468881,5
site,2816,1536,0,1,307522,0.3286,1,0,935928,5
site,2816,1536,0,31,37743,0.0403,0,0,935928,5
site,2816,1536,0,45,93370,0.0998,0,0,935928,5
site,2816,1536,0,48,35599,0.038,0,0,935928,5
site,2816,1536,0,52,34344,0.0367,0,0,935928,5
site,2816,1536,512,66,271095,0.0315,1,0,8595316,2
site,2816,1536,512,484,263191,0.0306,6,0,8595316,2
site,2816,1536,1024,1,1270720,0.1333,0,0,9529887,3
site,2816,1536,1024,2,352871,0.037,1,0,9529887,3
site,2816,1536,1024,579,478463,0.0502,0,0,9529887,3
site,2816,1536,1536,32,936863,0.0971,1,1,9651705,4
site,2816,1536,1536,56,449077,0.0465,2,0,9651705,4
site,2816,1536,1536,62,310411,0.0322,2,0,9651705,4
site,2816,1536,1536,179,693504,0.0719,3,0,9651705,4
site,2816,1536,2048,51,2174698,0.2467,13,2,8813739,2
site,2816,1536,2048,487,359875,0.0408,1,1,8813739,2
site,2816,1536,2560,8,421568,0.0511,0,0,8256463,4
site,2816,1536,2560,48,893277,0.1082,0,0,8256463,4
site,2816,1536,2560,219,761233,0.0922,0,0,8256463,4
site,2816,1536,2560,349,258770,0.0313,1,1,8256463,4
site,2816,2048,512,42,270798,0.0668,0,0,4055707,3
site,2816,2048,512,85,468525,0.1155,0,0,4055707,3
site,2816,2048,512,95,203409,0.0502,0,0,4055707,3
site,2816,2048,1024,5,271642,0.031,2,0,8764344,3
site,2816,2048,1024,25,746637,0.0852,0,0,8764344,3
site,2816,2048,1024,321,279115,0.0318,0,0,8764344,3
site,2816,2048,1536,203,844011,0.1,1,1,8441154,1
site,2816,2048,2048,4,293126,0.0378,1,0,7754489,6
site,2816,2048,2048,17,260477,0.0336,0,0,7754489,6
site,2816,2048,2048,25,280658,0.0362,0,0,7754489,6
site,2816,2048,2048,51,646721,0.0834,0,0,7754489,6
site,2816,2048,2048,168,271830,0.0351,1,1,7754489,6
site,2816,2048,2048,171,234897,0.0303,0,0,7754489,6
site,2816,2048,2560,4,784780,0.1016,6,0,7722219,2
site,2816,2048,2560,160,355508,0.046,0,0,7722219,2
site,2816,2560,1536,9,148906,0.0444,0,0,3355113,5
site,2816,2560,1536,25,142800,0.0426,0,0,3355113,5
site,2816,2560,1536,41,127208,0.0379,0,0,3355113,5
site,2816,2560,1536,118,139018,0.0414,0,0,3355113,5
site,2816,2560,1536,151,133488,0.0398,0,0,3355113,5
site,2944,1024,512,1,71051,0.1579,1,0,449838,5
site,2944,1024,512,3,83449,0.1855,1,1,449838,5
site,2944,1024,512,8,42779,0.0951,0,0,449838,5
site,2944,1024,512,22,93286,0.2074,0,0,449838,5
site,2944,1024,512,28,45496,0.1011,0,0,449838,5
site,2944,1024,1024,3,1473328,0.55,19,6,2678976,2
site,2944,1024,1024,122,138034,0.0515,1,1,2678976,2
site,2944,1024,1536,4,1356819,0.3066,2,2,4424792,3
site,2944,1024,1536,9,535341,0.121,0,0,4424792,3
site,2944,1024,1536,158,444623,0.1005,0,0,4424792,3
site,2944,1024,2048,17,197019,0.0976,0,0,2018133,6
site,2944,1024,2048,46,82045,0.0407,0,0,2018133,6
site,2944,1024,2048,58,87796,0.0435,0,0,2018133,6
site,2944,1024,2048,106,82088,0.0407,0,0,2018133,6
site,2944,1024,2048,118,63410,0.0314,0,0,2018133,6
site,2944,1024,2048,132,66260,0.0328,0,0,2018133,6
site,2944,1024,2560,4,21406,0.0301,0,0,710535,9
site,2944,1024,2560,6,53150,0.0748,0,0,710535,9
site,2944,1024,2560,8,104434,0.147,1,0,710535,9
site,2944,1024,2560,9,68010,0.0957,0,0,710535,9
site,2944,1024,2560,10,28976,0.0408,0,0,710535,9
site,2944,1024,2560,11,36394,0.0512,0,0,710535,9
site,2944,1024,2560,13,35316,0.0497,0,0,710535,9
site,2944,1024,2560,15,109421,0.154,1,0,710535,9
site,2944,1024,2560,17,24971,0.0351,1,0,710535,9
site,2944,1536,0,2,170490,0.2489,1,1,684971,5
site,2944,1536,0,9,49339,0.072,1,1,684971,5
site,2944,1536,0,11,30788,0.0449,0,0,684971,5
site,2944,1536,0,17,46607,0.068,0,0,684971,5
site,2944,1536,0,54,36535,0.0533,0,0,684971,5
site,2944,1536,512,36,364440,0.0473,0,0,7711574,5
site,2944,1536,512,102,322408,0.0418,0,0,7711574,5
site,2944,1536,512,121,273216,0.0354,0,0,7711574,5
site,2944,1536,512,126,242307,0.0314,0,0,7711574,5
site,2944,1536,512,299,263248,0.0341,0,0,7711574,5
site,2944,1536,1024,3,636511,0.07,2,1,9088077,1
site,2944,1536,1536,14,963540,0.0975,0,0,9887026,3
site,2944,1536,1536,61,491186,0.0497,0,0,9887026,3
site,2944,1536,1536,62,2470615,0.2499,13,2,9887026,3
site,2944,1536,2048,29,3969699,0.387,19,9,10257173,3
site,2944,1536,2048,43,774677,0.0755,1,1,10257173,3
site,2944,1536,2048,229,444048,0.0433,0,0,10257173,3
site,2944,1536,2560,5,488849,0.061,20,3,8015546,4
site,2944,1536,2560,17,756525,0.0944,3,0,8015546,4
site,2944,1536,2560,64,492684,0.0615,0,0,8015546,4
site,2944,1536,2560,165,328110,0.0409,0,0,8015546,4
site,2944,2048,512,8,171026,0.0465,0,0,3677070,2
site,2944,2048,512,48,112631,0.0306,0,0,3677070,2
site,2944,2048,1024,344,355531,0.0426,0,0,8345588,2
site,2944,2048,1024,355,370082,0.0443,0,0,8345588,2
site,2944,2048,1536,3,1529945,0.1643,6,1,9310070,1
site,2944,2048,2048,15,342713,0.041,0,0,8352610,4
site,2944,2048,2048,34,935152,0.112,0,0,8352610,4
site,2944,2048,2048,98,638291,0.0764,0,0,8352610,4
site,2944,2048,2048,124,270309,0.0324,1,1,8352610,4
site,2944,2048,3072,4,76179,0.0856,0,0,889605,4
site,2944,2048,3072,9,278641,0.3132,1,1,889605,4
site,2944,2048,3072,37,48682,0.0547,0,0,889605,4
site,2944,2048,3072,48,58548,0.0658,0,0,889605,4
site,2944,2560,1536,8,148845,0.0431,0,0,3457031,4
site,2944,2560,1536,9,208495,0.0603,0,0,3457031,4
site,2944,2560,1536,34,107893,0.0312,1,1,3457031,4
site,2944,2560,1536,211,239437,0.0693,0,0,3457031,4
site,2944,2560,2048,5,193371,0.0507,0,0,3816715,5
site,2944,2560,2048,7,152717,0.04,0,0,3816715,5
site,2944,2560,2048,9,117322,0.0307,0,0,3816715,5
site,2944,2560,2048,50,161259,0.0423,0,0,3816715,5
site,2944,2560,2048,77,119731,0.0314,0,0,3816715,5
site,3072,1024,512,1,309910,0.5106,1,0,606958,5
site,3072,1024,512,7,31651,0.0521,0,0,606958,5
site,3072,1024,512,18,45566,0.0751,0,0,606958,5
site,3072,1024,512,21,47603,0.0784,0,0,606958,5
site,3072,1024,512,33,18770,0.0309,0,0,606958,5
site,3072,1024,1024,1,113482,0.0427,0,0,2658545,3
site,3072,1024,1024,6,682518,0.2567,1,0,2658545,3
site,3072,1024,1024,10,84749,0.0319,1,0,2658545,3
site,3072,1024,1536,13,1550022,0.3776,4,4,4105080,1
site,3072,1024,2048,20,935744,0.3059,3,3,3058763,3
site,3072,1024,2048,85,93307,0.0305,0,0,3058763,3
site,3072,1024,2048,161,124763,0.0408,0,0,3058763,3
site,3072,1024,2560,5,8167,0.0331,0,0,246652,7
site,3072,1024,2560,6,10918,0.0443,0,0,246652,7
site,3072,1024,2560,8,32875,0.1333,0,0,246652,7
site,3072,1024,2560,12,9743,0.0395,0,0,246652,7
site,3072,1024,2560,15,38139,0.1546,0,0,246652,7
site,3072,1024,2560,17,27433,0.1112,0,0,246652,7
site,3072,1024,2560,18,44353,0.1798,0,0,246652,7
site,3072,1536,0,1,141844,0.2773,2,2,511454,6
site,3072,1536,0,6,87068,0.1702,1,1,511454,6
site,3072,1536,0,9,37196,0.0727,0,0,511454,6
site,3072,1536,0,21,26450,0.0517,0,0,511454,6
site,3072,1536,0,25,50092,0.0979,0,0,511454,6
site,3072,1536,0,26,16863,0.033,0,0,511454,6
site,3072,1536,512,12,277973,0.0359,0,0,7735204,4
site,3072,1536,512,50,281401,0.0364,2,0,7735204,4
site,3072,1536,512,106,314801,0.0407,0,0,7735204,4
site,3072,1536,512,292,328620,0.0425,0,0,7735204,4
site,3072,1536,1024,284,306029,0.0332,1,0,9204641,1
site,3072,1536,1536,3,6262291,0.596,17,3,10506671,2
site,3072,1536,1536,104,355015,0.0338,1,0,10506671,2
site,3072,1536,2048,13,1934303,0.1966,6,0,9838845,4
site,3072,1536,2048,85,693431,0.0705,3,3,9838845,4
site,3072,1536,2048,142,296756,0.0302,0,0,9838845,4
site,3072,1536,2048,719,1302431,0.1324,18,3,9838845,4
site,3072,1536,2560,7,273199,0.0438,5,1,6237690,3
site,3072,1536,2560,29,194945,0.0313,0,0,6237690,3
site,3072,1536,2560,67,612773,0.0982,4,0,6237690,3
site,3072,2048,512,3,112844,0.0313,0,0,3604999,3
site,3072,2048,512,152,127329,0.0353,1,1,3604999,3
site,3072,2048,512,202,300743,0.0834,1,0,3604999,3
site,3072,2048,1536,6,444116,0.0474,10,2,9362746,2
site,3072,2048,1536,356,366736,0.0392,3,0,9362746,2
site,3072,2048,2048,368,285188,0.0323,3,0,8817056,1
site,3072,2048,2560,296,326954,0.04,0,0,8163820,1
site,3072,2560,1024,14,70919,0.0553,0,0,1282950,5
site,3072,2560,1024,17,41609,0.0324,0,0,1282950,5
site,3072,2560,1024,21,129092,0.1006,0,0,1282950,5
site,3072,2560,1024,27,52914,0.0412,1,1,1282950,5
site,3072,2560,1024,74,45142,0.0352,0,0,1282950,5
site,3072,2560,1536,37,126390,0.0327,0,0,3861976,3
site,3072,2560,1536,144,132709,0.0344,0,0,3861976,3
site,3072,2560,1536,189,354348,0.0918,0,0,3861976,3
site,3072,2560,2048,40,223670,0.0522,0,0,4284654,2
site,3072,2560,2048,93,373186,0.0871,0,0,4284654,2
site,3200,1024,512,1,47362,0.0606,0,0,782182,10
site,3200,1024,512,6,31081,0.0397,0,0,782182,10
site,3200,1024,512,16,86713,0.1109,1,0,782182,10
site,3200,1024,512,21,38460,0.0492,0,0,782182,10
site,3200,1024,512,28,53556,0.0685,0,0,782182,10
site,3200,1024,512,29,62374,0.0797,0,0,782182,10
site,3200,1024,512,32,42659,0.0545,0,0,782182,10
site,3200,1024,512,39,91361,0.1168,3,1,782182,10
site,3200,1024,512,40,34623,0.0443,0,0,782182,10
site,3200,1024,512,66,56536,0.0723,0,0,782182,10
site,3200,1024,1024,5,682917,0.2231,1,1,3061681,2
site,3200,1024,1024,7,641482,0.2095,10,1,3061681,2
site,3200,1024,1536,5,3824343,0.7862,10,10,4864157,1
site,3200,1024,2048,5,213745,0.114,1,1,1875043,6
site,3200,1024,2048,18,78176,0.0417,0,0,1875043,6
site,3200,1024,2048,19,288444,0.1538,1,1,1875043,6
site,3200,1024,2048,27,80748,0.0431,1,0,1875043,6
site,3200,1024,2048,48,78663,0.042,1,0,1875043,6
site,3200,1024,2048,145,77018,0.0411,0,0,1875043,6
site,3200,1536,0,3,4863,0.0457,1,0,106358,10
site,3200,1536,0,4,3331,0.0313,0,0,106358,10
site,3200,1536,0,8,5659,0.0532,0,0,106358,10
site,3200,1536,0,9,4287,0.0403,0,0,106358,10
site,3200,1536,0,10,4453,0.0419,0,0,106358,10
site,3200,1536,0,11,5190,0.0488,0,0,106358,10
site,3200,1536,0,12,21933,0.2062,0,0,106358,10
site,3200,1536,0,13,13420,0.1262,0,0,106358,10
site,3200,1536,0,14,9100,0.0856,0,0,106358,10
site,3200,1536,0,15,22306,0.2097,0,0,106358,10
site,3200,1536,512,51,239179,0.0322,0,0,7429704,2
site,3200,1536,512,138,360005,0.0485,5,0,7429704,2
site,3200,1536,1024,18,700228,0.0786,2,2,8904607,1
site,3200,1536,1536,4,6975039,0.6357,16,7,10972900,1
site,3200,1536,2048,1,2587956,0.2558,12,5,10116737,3
site,3200,1536,2048,43,644621,0.0637,8,2,10116737,3
site,3200,1536,2048,318,312020,0.0308,2,1,10116737,3
site,3200,1536,2560,8,280821,0.0469,3,0,5991746,7
site,3200,1536,2560,9,300472,0.0501,9,2,5991746,7
site,3200,1536,2560,79,265049,0.0442,3,1,5991746,7
site,3200,1536,2560,206,182766,0.0305,3,0,5991746,7
site,3200,1536,2560,310,209475,0.035,2,0,5991746,7
site,3200,1536,2560,317,308075,0.0514,4,0,5991746,7
site,3200,1536,2560,346,209271,0.0349,0,0,5991746,7
site,3200,2048,512,20,108503,0.036,1,1,3015327,6
site,3200,2048,512,21,287300,0.0953,1,1,3015327,6
site,3200,2048,512,35,227331,0.0754,1,1,3015327,6
site,3200,2048,512,57,210061,0.0697,1,0,3015327,6
site,3200,2048,512,63,126879,0.0421,0,0,3015327,6
site,3200,2048,512,166,131074,0.0435,0,0,3015327,6
site,3200,2048,1536,22,1073221,0.1217,0,0,8816257,2
site,3200,2048,1536,338,616574,0.0699,0,0,8816257,2
site,3200,2048,2048,6,395074,0.0508,10,2,7772367,6
site,3200,2048,2048,7,752301,0.0968,1,0,7772367,6
site,3200,2048,2048,10,287981,0.0371,0,0,7772367,6
site,3200,2048,2048,37,327056,0.0421,0,0,7772367,6
site,3200,2048,2048,54,352212,0.0453,0,0,7772367,6
site,3200,2048,2048,158,279232,0.0359,0,0,7772367,6
site,3200,2048,2560,257,451708,0.0547,1,0,8261143,1
site,3200,2048,3072,7,13794,0.0313,0,0,440044,12
site,3200,2048,3072,11,25418,0.0578,0,0,440044,12
site,3200,2048,3072,12,14562,0.0331,0,0,440044,12
site,3200,2048,3072,13,13965,0.0317,0,0,440044,12
site,3200,2048,3072,17,33568,0.0763,0,0,440044,12
site,3200,2048,3072,23,23652,0.0537,0,0,440044,12
site,3200,2048,3072,26,63719,0.1448,0,0,440044,12
site,3200,2048,3072,32,21678,0.0493,0,0,440044,12
site,3200,2048,3072,40,17611,0.04,0,0,440044,12
site,3200,2048,3072,44,22081,0.0502,0,0,440044,12
site,3200,2048,3072,47,15728,0.0357,0,0,440044,12
site,3200,2048,3072,50,19281,0.0438,0,0,440044,12
site,3200,2560,1536,29,128012,0.0314,0,0,4073197,4
site,3200,2560,1536,76,142234,0.0349,0,0,4073197,4
site,3200,2560,1536,162,144146,0.0354,0,0,4073197,4
site,3200,2560,1536,246,143463,0.0352,0,0,4073197,4
site,3200,2560,2048,196,146750,0.0325,0,0,4511158,2
site,3200,2560,2048,252,181801,0.0403,0,0,4511158,2
site,3328,1024,512,4,53025,0.0825,1,0,643077,10
site,3328,1024,512,10,29074,0.0452,0,0,643077,10
site,3328,1024,512,21,29635,0.0461,0,0,643077,10
site,3328,1024,512,24,37729,0.0587,1,0,643077,10
site,3328,1024,512,28,47752,0.0743,0,0,643077,10
site,3328,1024,512,36,24027,0.0374,0,0,643077,10
site,3328,1024,512,40,41298,0.0642,0,0,643077,10
site,3328,1024,512,41,56063,0.0872,0,0,643077,10
site,3328,1024,512,42,44786,0.0696,0,0,643077,10
site,3328,1024,512,46,33544,0.0522,0,0,643077,10
site,3328,1024,1024,2,571234,0.171,0,0,3340662,5
site,3328,1024,1024,15,156219,0.0468,2,1,3340662,5
site,3328,1024,1024,20,246295,0.0737,0,0,3340662,5
site,3328,1024,1024,205,100461,0.0301,0,0,3340662,5
site,3328,1024,1024,287,313406,0.0938,0,0,3340662,5
site,3328,1024,1536,17,2388818,0.4274,4,4,5589282,1
site,3328,1024,2048,2,48499,0.0332,0,0,1461192,8
site,3328,1024,2048,9,231944,0.1587,0,0,1461192,8
site,3328,1024,2048,31,97579,0.0668,0,0,1461192,8
site,3328,1024,2048,35,54127,0.037,0,0,1461192,8
site,3328,1024,2048,53,65040,0.0445,0,0,1461192,8
site,3328,1024,2048,57,58504,0.04,0,0,1461192,8
site,3328,1024,2048,76,72980,0.0499,0,0,1461192,8
site,3328,1024,2048,83,46201,0.0316,0,0,1461192,8
site,3328,1536,512,21,193318,0.0309,2,2,6258006,4
site,3328,1536,512,27,621422,0.0993,0,0,6258006,4
site,3328,1536,512,45,321340,0.0513,0,0,6258006,4
site,3328,1536,512,168,243967,0.039,1,1,6258006,4
site,3328,1536,1024,15,2061235,0.2202,7,1,9358842,2
site,3328,1536,1024,66,805721,0.0861,1,0,9358842,2
site,3328,1536,1536,1,500374,0.0478,2,2,10460727,3
site,3328,1536,1536,14,1800279,0.1721,0,0,10460727,3
site,3328,1536,1536,41,3056304,0.2922,19,1,10460727,3
site,3328,1536,2048,14,5188320,0.508,8,3,10212955,2
site,3328,1536,2048,38,732018,0.0717,2,1,10212955,2
site,3328,1536,2560,2,3184283,0.5854,33,9,5439246,2
site,3328,1536,2560,54,294755,0.0542,0,0,5439246,2
site,3328,2048,512,9,154520,0.0564,0,0,2739359,5
site,3328,2048,512,16,100996,0.0369,0,0,2739359,5
site,3328,2048,512,27,225757,0.0824,2,2,2739359,5
site,3328,2048,512,41,108519,0.0396,0,0,2739359,5
site,3328,2048,512,96,111963,0.0409,0,0,2739359,5
site,3328,2048,1536,3,387606,0.044,6,0,8800062,2
site,3328,2048,1536,83,292705,0.0333,0,0,8800062,2
site,3328,2048,2048,9,707989,0.0849,1,0,8340702,8
site,3328,2048,2048,14,288655,0.0346,0,0,8340702,8
site,3328,2048,2048,44,676718,0.0811,0,0,8340702,8
site,3328,2048,2048,46,320472,0.0384,0,0,8340702,8
site,3328,2048,2048,79,260711,0.0313,0,0,8340702,8
site,3328,2048,2048,82,380649,0.0456,1,1,8340702,8
site,3328,2048,2048,125,408563,0.049,1,1,8340702,8
site,3328,2048,2048,184,268373,0.0322,0,0,8340702,8
site,3328,2048,2560,7,839533,0.1005,1,0,8349785,1
site,3328,2560,1536,37,130777,0.0306,0,0,4274366,4
site,3328,2560,1536,58,239301,0.056,1,1,4274366,4
site,3328,2560,1536,85,131354,0.0307,0,0,4274366,4
site,3328,2560,1536,97,147958,0.0346,0,0,4274366,4
site,3328,2560,2048,1,162625,0.0334,0,0,4867666,3
site,3328,2560,2048,11,167465,0.0344,0,0,4867666,3
site,3328,2560,2048,286,331514,0.0681,0,0,4867666,3
site,3456,1024,1024,7,2125754,0.6189,3,3,3434717,3
site,3456,1024,1024,18,103458,0.0301,0,0,3434717,3
site,3456,1024,1024,137,104640,0.0305,0,0,3434717,3
site,3456,1024,1536,2,4186544,0.5691,8,8,7356990,1
site,3456,1024,2048,2,1268185,0.4056,3,3,3126644,3
site,3456,1024,2048,31,429151,0.1373,0,0,3126644,3
site,3456,1024,2048,136,110201,0.0352,0,0,3126644,3
site,3456,1536,512,30,238703,0.0414,0,0,5771638,4
site,3456,1536,512,41,194483,0.0337,0,0,5771638,4
site,3456,1536,512,122,239774,0.0415,1,1,5771638,4
site,3456,1536,512,153,182867,0.0317,2,2,5771638,4
site,3456,1536,1024,30,341407,0.0348,1,1,9821655,4
site,3456,1536,1024,51,2676082,0.2725,4,4,9821655,4
site,3456,1536,1024,92,630787,0.0642,8,2,9821655,4
site,3456,1536,1024,383,478878,0.0488,0,0,9821655,4
site,3456,1536,1536,3,342836,0.0355,1,1,9670268,5
site,3456,1536,1536,4,1754157,0.1814,2,2,9670268,5
site,3456,1536,1536,25,447607,0.0463,0,0,9670268,5
site,3456,1536,1536,239,634769,0.0656,4,0,9670268,5
site,3456,1536,1536,825,340879,0.0353,4,0,9670268,5
site,3456,1536,2048,19,7652934,0.719,16,10,10643975,1
site,3456,1536,2560,6,2358760,0.4397,5,5,5364023,2
site,3456,1536,2560,31,1189807,0.2218,0,0,5364023,2
site,3456,2048,512,20,372537,0.1216,4,4,3064396,3
site,3456,2048,512,54,186717,0.0609,0,0,3064396,3
site,3456,2048,512,89,244782,0.0799,1,1,3064396,3
site,3456,2048,1024,91,277608,0.033,3,0,8422629,1
site,3456,2048,1536,12,285166,0.0324,2,0,8793836,7
site,3456,2048,1536,71,410830,0.0467,0,0,8793836,7
site,3456,2048,1536,117,559183,0.0636,3,1,8793836,7
site,3456,2048,1536,134,361505,0.0411,0,0,8793836,7
site,3456,2048,1536,211,306259,0.0348,2,0,8793836,7
site,3456,2048,1536,227,302721,0.0344,0,0,8793836,7
site,3456,2048,1536,243,394906,0.0449,0,0,8793836,7
site,3456,2048,2048,5,1214895,0.1391,2,2,8734752,5
site,3456,2048,2048,12,389603,0.0446,0,0,8734752,5
site,3456,2048,2048,14,936314,0.1072,11,6,8734752,5
site,3456,2048,2048,89,811710,0.0929,0,0,8734752,5
site,3456,2048,2048,155,362752,0.0415,1,1,8734752,5
site,3456,2048,2560,7,731786,0.0781,1,1,9366537,3
site,3456,2048,2560,59,634108,0.0677,6,6,9366537,3
site,3456,2048,2560,152,296925,0.0317,0,0,9366537,3
site,3456,2048,3072,4,725053,0.3895,5,5,1861646,3
site,3456,2048,3072,11,96805,0.052,1,1,1861646,3
site,3456,2048,3072,54,271943,0.1461,0,0,1861646,3
site,3456,2560,1536,111,186693,0.043,0,0,4339969,1
site,3456,2560,2048,5,305568,0.06,0,0,5091532,3
site,3456,2560,2048,144,185483,0.0364,0,0,5091532,3
site,3456,2560,2048,150,162269,0.0319,0,0,5091532,3
site,3584,1024,1024,7,602225,0.208,2,2,2895878,4
site,3584,1024,1024,32,524711,0.1812,1,0,2895878,4
site,3584,1024,1024,42,222401,0.0768,0,0,2895878,4
site,3584,1024,1024,95,96285,0.0332,0,0,2895878,4
site,3584,1024,1536,54,311448,0.0469,1,0,6633943,4
site,3584,1024,1536,125,604411,0.0911,0,0,6633943,4
site,3584,1024,1536,130,828186,0.1248,12,2,6633943,4
site,3584,1024,1536,251,214687,0.0324,0,0,6633943,4
site,3584,1024,2048,2,2173107,0.524,5,5,4147285,2
site,3584,1024,2048,39,249693,0.0602,0,0,4147285,2
site,3584,1536,512,24,246534,0.0458,0,0,5378085,3
site,3584,1536,512,172,672488,0.125,2,2,5378085,3
site,3584,1536,512,228,199264,0.0371,0,0,5378085,3
site,3584,1536,1024,5,5497550,0.5573,11,4,9864699,1
site,3584,1536,1536,14,598757,0.062,11,2,9651069,4
site,3584,1536,1536,45,1093034,0.1133,1,1,9651069,4
site,3584,1536,1536,92,504635,0.0523,10,1,9651069,4
site,3584,1536,1536,94,311828,0.0323,0,0,9651069,4
site,3584,1536,2048,2,6194477,0.6123,26,2,10116437,2
site,3584,1536,2048,6,433933,0.0429,0,0,10116437,2
site,3584,1536,2560,1,2131122,0.2991,3,3,7125488,2
site,3584,1536,2560,256,264549,0.0371,0,0,7125488,2
site,3584,2048,512,8,251704,0.0815,0,0,3088954,2
site,3584,2048,512,17,173842,0.0563,0,0,3088954,2
site,3584,2048,1024,1,1303106,0.1491,3,2,8740691,1
site,3584,2048,1536,11,1252998,0.1597,10,0,7846460,3
site,3584,2048,1536,111,367619,0.0469,0,0,7846460,3
site,3584,2048,1536,157,256229,0.0327,0,0,7846460,3
site,3584,2048,2048,4,1731387,0.1921,11,0,9015085,3
site,3584,2048,2048,192,568186,0.063,1,1,9015085,3
site,3584,2048,2048,436,364389,0.0404,0,0,9015085,3
site,3584,2048,2560,249,1126777,0.1274,2,1,8845238,2
site,3584,2048,2560,356,459349,0.0519,16,1,8845238,2
site,3584,2048,3072,9,73831,0.0458,0,0,1611048,4
site,3584,2048,3072,37,270599,0.168,2,1,1611048,4
site,3584,2048,3072,66,75063,0.0466,1,1,1611048,4
site,3584,2048,3072,75,95057,0.059,0,0,1611048,4
site,3584,2560,2048,174,220267,0.0424,0,0,5190640,3
site,3584,2560,2048,213,178451,0.0344,0,0,5190640,3
site,3584,2560,2048,269,201575,0.0388,0,0,5190640,3
site,3584,2560,2560,8,28220,0.0303,0,0,930601,10
site,3584,2560,2560,18,73970,0.0795,0,0,930601,10
site,3584,2560,2560,24,33817,0.0363,0,0,930601,10
site,3584,2560,2560,27,45569,0.049,0,0,930601,10
site,3584,2560,2560,29,43221,0.0464,0,0,930601,10
site,3584,2560,2560,30,31596,0.034,0,0,930601,10
site,3584,2560,2560,32,29916,0.0321,0,0,930601,10
site,3584,2560,2560,37,57292,0.0616,0,0,930601,10
site,3584,2560,2560,52,97916,0.1052,0,0,930601,10
site,3584,2560,2560,53,29583,0.0318,0,0,930601,10
site,3712,1024,1024,12,2055452,0.5582,12,2,3682212,3
site,3712,1024,1024,29,185572,0.0504,0,0,3682212,3
site,3712,1024,1024,169,281018,0.0763,5,1,3682212,3
site,3712,1024,1536,40,695239,0.1041,0,0,6676136,1
site,3712,1024,2048,6,383215,0.0874,0,0,4386960,2
site,3712,1024,2048,16,189452,0.0432,0,0,4386960,2
site,3712,1536,512,13,225462,0.0472,2,2,4778210,5
site,3712,1536,512,41,1216722,0.2546,1,1,4778210,5
site,3712,1536,512,119,683324,0.143,3,3,4778210,5
site,3712,1536,512,167,189855,0.0397,2,2,4778210,5
site,3712,1536,512,265,168044,0.0352,0,0,4778210,5
site,3712,1536,1024,2,4078314,0.4029,5,4,10123208,2
site,3712,1536,1024,85,1423609,0.1406,3,3,10123208,2
site,3712,1536,1536,7,2182648,0.2122,3,2,10287989,2
site,3712,1536,1536,98,1433362,0.1393,6,0,10287989,2
site,3712,1536,2048,3,362893,0.0374,0,0,9700593,6
site,3712,1536,2048,9,362649,0.0374,5,1,9700593,6
site,3712,1536,2048,85,372176,0.0384,4,1,9700593,6
site,3712,1536,2048,103,314061,0.0324,1,1,9700593,6
site,3712,1536,2048,116,693177,0.0715,1,1,9700593,6
site,3712,1536,2048,485,551088,0.0568,1,1,9700593,6
site,3712,1536,2560,37,441646,0.064,1,1,6897748,1
site,3712,2048,512,2,789103,0.2016,0,0,3914049,4
site,3712,2048,512,3,216819,0.0554,0,0,3914049,4
site,3712,2048,512,22,297831,0.0761,1,1,3914049,4
site,3712,2048,512,39,135282,0.0346,4,4,3914049,4
site,3712,2048,1024,1,1947271,0.2073,1,1,9391615,2
site,3712,2048,1024,21,325431,0.0347,2,0,9391615,2
site,3712,2048,1536,4,288090,0.0378,0,0,7627400,9
site,3712,2048,1536,7,411556,0.054,0,0,7627400,9
site,3712,2048,1536,25,342771,0.0449,0,0,7627400,9
site,3712,2048,1536,28,322991,0.0423,0,0,7627400,9
site,3712,2048,1536,34,270610,0.0355,0,0,7627400,9
site,3712,2048,1536,36,321413,0.0421,2,0,7627400,9
site,3712,2048,1536,69,1067989,0.14,0,0,7627400,9
site,3712,2048,1536,76,263104,0.0345,0,0,7627400,9
site,3712,2048,1536,115,239594,0.0314,0,0,7627400,9
site,3712,2048,2048,4,369711,0.0407,0,0,9085392,4
site,3712,2048,2048,16,951367,0.1047,4,2,9085392,4
site,3712,2048,2048,20,1438801,0.1584,3,3,9085392,4
site,3712,2048,2048,170,392718,0.0432,1,1,9085392,4
site,3712,2048,2560,21,2024484,0.2303,15,3,8790119,3
site,3712,2048,2560,38,312641,0.0356,6,0,8790119,3
site,3712,2048,2560,489,337360,0.0384,1,0,8790119,3
site,3712,2048,3072,48,127793,0.0547,1,1,2336238,4
site,3712,2048,3072,62,137579,0.0589,0,0,2336238,4
site,3712,2048,3072,144,114269,0.0489,0,0,2336238,4
site,3712,2048,3072,147,71582,0.0306,1,1,2336238,4
site,3712,2560,1024,1,61004,0.0444,0,0,1374720,10
site,3712,2560,1024,3,249491,0.1815,1,1,1374720,10
site,3712,2560,1024,12,48000,0.0349,0,0,1374720,10
site,3712,2560,1024,13,137259,0.0998,0,0,1374720,10
site,3712,2560,1024,23,63397,0.0461,0,0,1374720,10
site,3712,2560,1024,31,50709,0.0369,0,0,1374720,10
site,3712,2560,1024,40,52755,0.0384,0,0,1374720,10
site,3712,2560,1024,63,45514,0.0331,0,0,1374720,10
site,3712,2560,1024,77,44271,0.0322,0,0,1374720,10
site,3712,2560,1024,89,44301,0.0322,0,0,1374720,10
site,3712,2560,1536,58,215955,0.047,0,0,4594629,5
site,3712,2560,1536,86,144175,0.0314,0,0,4594629,5
site,3712,2560,1536,102,156727,0.0341,0,0,4594629,5
site,3712,2560,1536,123,240144,0.0523,0,0,4594629,5
site,3712,2560,1536,174,174219,0.0379,0,0,4594629,5
site,3712,2560,2048,1,278579,0.0539,0,0,5167628,2
site,3712,2560,2048,121,188618,0.0365,0,0,5167628,2
site,3840,1024,1024,4,108851,0.0305,0,0,3569514,3
site,3840,1024,1024,10,996201,0.2791,6,6,3569514,3
site,3840,1024,1024,32,184808,0.0518,2,1,3569514,3
site,3840,1024,2560,1,81537,0.2128,0,0,383177,7
site,3840,1024,2560,2,28727,0.075,0,0,383177,7
site,3840,1024,2560,6,22408,0.0585,0,0,383177,7
site,3840,1024,2560,9,48071,0.1255,1,1,383177,7
site,3840,1024,2560,14,27312,0.0713,0,0,383177,7
site,3840,1024,2560,28,19205,0.0501,0,0,383177,7
site,3840,1024,2560,29,12296,0.0321,0,0,383177,7
site,3840,1536,512,7,131376,0.0437,0,0,3006038,3
site,3840,1536,512,19,286490,0.0953,4,4,3006038,3
site,3840,1536,512,41,301686,0.1004,1,1,3006038,3
site,3840,1536,1024,2,3160285,0.3414,18,3,9256188,4
site,3840,1536,1024,11,301244,0.0325,1,1,9256188,4
site,3840,1536,1024,92,800103,0.0864,2,2,9256188,4
site,3840,1536,1024,469,504007,0.0545,0,0,9256188,4
site,3840,1536,1536,4,1802048,0.1834,23,2,9823905,5
site,3840,1536,1536,10,482820,0.0491,0,0,9823905,5
site,3840,1536,1536,38,451505,0.046,1,1,9823905,5
site,3840,1536,1536,66,383727,0.0391,2,1,9823905,5
site,3840,1536,1536,69,322615,0.0328,3,0,9823905,5
site,3840,1536,2048,55,1462585,0.1603,19,3,9122082,1
site,3840,1536,2560,217,253702,0.0335,0,0,7573517,1
site,3840,2048,512,4,296906,0.0643,1,1,4617823,3
site,3840,2048,512,15,1173423,0.2541,6,6,4617823,3
site,3840,2048,512,40,186826,0.0405,1,1,4617823,3
site,3840,2048,1024,1,422464,0.0447,1,1,9441592,3
site,3840,2048,1024,2,375727,0.0398,3,0,9441592,3
site,3840,2048,1024,20,994630,0.1053,1,1,9441592,3
site,3840,2048,1536,7,421979,0.049,3,1,8608138,6
site,3840,2048,1536,17,1260361,0.1464,5,2,8608138,6
site,3840,2048,1536,85,454833,0.0528,0,0,8608138,6
site,3840,2048,1536,98,394949,0.0459,4,1,8608138,6
site,3840,2048,1536,160,446491,0.0519,0,0,8608138,6
site,3840,2048,1536,340,323126,0.0375,0,0,8608138,6
site,3840,2048,2048,13,5488221,0.5674,31,6,9672790,1
site,3840,2048,2560,8,271743,0.0356,2,1,7626683,4
site,3840,2048,2560,15,348221,0.0457,1,0,7626683,4
site,3840,2048,2560,50,339309,0.0445,2,2,7626683,4
site,3840,2048,2560,80,232167,0.0304,1,1,7626683,4
site,3840,2048,3072,1,242983,0.1033,0,0,2352125,8
site,3840,2048,3072,12,115076,0.0489,0,0,2352125,8
site,3840,2048,3072,14,78271,0.0333,0,0,2352125,8
site,3840,2048,3072,26,95349,0.0405,0,0,2352125,8
site,3840,2048,3072,37,109410,0.0465,1,1,2352125,8
site,3840,2048,3072,46,225520,0.0959,0,0,2352125,8
site,3840,2048,3072,47,128089,0.0545,0,0,2352125,8
site,3840,2048,3072,78,103395,0.044,0,0,2352125,8
site,3840,2560,1536,2,177089,0.0375,0,0,4719140,6
site,3840,2560,1536,20,199801,0.0423,0,0,4719140,6
site,3840,2560,1536,81,143281,0.0304,0,0,4719140,6
site,3840,2560,1536,84,147208,0.0312,0,0,4719140,6
site,3840,2560,1536,100,264121,0.056,0,0,4719140,6
site,3840,2560,1536,159,191934,0.0407,0,0,4719140,6
site,3968,1024,1024,19,874585,0.2572,4,2,3399886,2
site,3968,1024,1024,25,294795,0.0867,0,0,3399886,2
site,3968,1024,1536,90,352115,0.0595,1,1,5913355,1
site,3968,1024,2048,104,112931,0.0333,0,0,3387717,2
site,3968,1024,2048,117,137505,0.0406,0,0,3387717,2
site,3968,1536,512,3,128699,0.0517,0,0,2491688,5
site,3968,1536,512,27,108138,0.0434,0,0,2491688,5
site,3968,1536,512,49,99949,0.0401,0,0,2491688,5
site,3968,1536,512,164,174312,0.07,2,0,2491688,5
site,3968,1536,512,202,150058,0.0602,0,0,2491688,5
site,3968,1536,1024,1,1997215,0.1957,12,2,10206774,2
site,3968,1536,1024,23,4506638,0.4415,23,6,10206774,2
site,3968,1536,1536,8,375347,0.0416,3,0,9025106,2
site,3968,1536,1536,10,352463,0.0391,1,0,9025106,2
site,3968,1536,2048,50,479733,0.055,4,0,8728344,2
site,3968,1536,2048,123,390208,0.0447,3,0,8728344,2
site,3968,1536,2560,77,256422,0.0355,0,0,7217404,1
site,3968,1536,3072,2,61663,0.0466,0,0,1323733,6
site,3968,1536,3072,5,39961,0.0302,0,0,1323733,6
site,3968,1536,3072,18,52134,0.0394,0,0,1323733,6
site,3968,1536,3072,22,96195,0.0727,0,0,1323733,6
site,3968,1536,3072,43,167521,0.1266,0,0,1323733,6
site,3968,1536,3072,62,47463,0.0359,0,0,1323733,6
site,3968,2048,512,20,1301787,0.3212,7,4,4052995,3
site,3968,2048,512,21,154625,0.0382,1,0,4052995,3
site,3968,2048,512,214,126011,0.0311,0,0,4052995,3
site,3968,2048,1536,73,756720,0.0861,3,3,8785814,2
site,3968,2048,1536,466,325851,0.0371,1,1,8785814,2
site,3968,2048,2048,5,344492,0.0332,1,0,10365375,2
site,3968,2048,2048,45,5090327,0.4911,21,9,10365375,2
site,3968,2048,2560,12,231174,0.0314,0,0,7365074,5
site,3968,2048,2560,24,285761,0.0388,0,0,7365074,5
site,3968,2048,2560,57,268551,0.0365,0,0,7365074,5
site,3968,2048,2560,132,251793,0.0342,0,0,7365074,5
site,3968,2048,2560,299,229515,0.0312,0,0,7365074,5
site,3968,2048,3072,5,320454,0.1386,2,2,2312013,6
site,3968,2048,3072,11,69469,0.03,0,0,2312013,6
site,3968,2048,3072,15,73448,0.0318,0,0,2312013,6
site,3968,2048,3072,49,126346,0.0546,0,0,2312013,6
site,3968,2048,3072,68,102442,0.0443,0,0,2312013,6
site,3968,2048,3072,103,102198,0.0442,0,0,2312013,6
site,3968,2560,1536,173,145775,0.0308,0,0,4736064,3
site,3968,2560,1536,206,180551,0.0381,0,0,4736064,3
site,3968,2560,1536,272,328205,0.0693,1,1,4736064,3
site,3968,2560,2048,3,1120683,0.2522,4,4,4444408,1
site,4096,1024,1024,12,472892,0.1374,6,2,3441210,2
site,4096,1024,1024,62,106976,0.0311,1,0,3441210,2
site,4096,1024,1536,112,176454,0.0371,0,0,4752337,1
site,4096,1024,2048,128,114284,0.0302,1,1,3782175,2
site,4096,1024,2048,137,129173,0.0342,1,1,3782175,2
site,4096,1536,512,1,117585,0.037,2,0,3177200,5
site,4096,1536,512,2,223880,0.0705,2,0,3177200,5
site,4096,1536,512,10,154781,0.0487,2,0,3177200,5
site,4096,1536,512,11,731510,0.2302,9,2,3177200,5
site,4096,1536,512,132,96517,0.0304,1,0,3177200,5
site,4096,1536,1024,20,2961210,0.3232,52,3,9161035,1
site,4096,1536,1536,468,336003,0.037,2,0,9082918,1
site,4096,1536,2048,25,398952,0.0448,2,0,8901661,1
site,4096,1536,2560,163,237862,0.0333,0,0,7133586,1
site,4096,2048,512,13,1291315,0.2755,29,9,4687623,4
site,4096,2048,512,31,268933,0.0574,3,1,4687623,4
site,4096,2048,512,40,402871,0.0859,2,2,4687623,4
site,4096,2048,512,135,155859,0.0332,0,0,4687623,4
site,4096,2048,1024,50,500375,0.0568,0,0,8808832,2
site,4096,2048,1024,278,282869,0.0321,2,0,8808832,2
site,4096,2048,1536,18,1118406,0.118,9,1,9476446,4
site,4096,2048,1536,25,321100,0.0339,7,1,9476446,4
site,4096,2048,1536,76,447535,0.0472,3,3,9476446,4
site,4096,2048,1536,91,299214,0.0316,1,1,9476446,4
site,4096,2048,2048,3,281559,0.0303,3,1,9294518,3
site,4096,2048,2048,73,476579,0.0513,0,0,9294518,3
site,4096,2048,2048,77,780194,0.0839,0,0,9294518,3
site,4096,2048,2560,18,1069578,0.1262,2,1,8471973,2
site,4096,2048,2560,35,1457286,0.172,3,3,8471973,2
site,4096,2048,3072,14,120945,0.0553,1,1,2188567,7
site,4096,2048,3072,60,73783,0.0337,0,0,2188567,7
site,4096,2048,3072,93,172153,0.0787,0,0,2188567,7
site,4096,2048,3072,104,83097,0.038,0,0,2188567,7
site,4096,2048,3072,105,121454,0.0555,0,0,2188567,7
site,4096,2048,3072,112,112809,0.0515,0,0,2188567,7
site,4096,2048,3072,123,88067,0.0402,0,0,2188567,7
site,4096,2560,1024,3,298375,0.2488,4,1,1199466,5
site,4096,2560,1024,5,36845,0.0307,0,0,1199466,5
site,4096,2560,1024,33,46340,0.0386,0,0,1199466,5
site,4096,2560,1024,35,38488,0.0321,1,0,1199466,5
site,4096,2560,1024,63,67173,0.056,1,0,1199466,5
site,4096,2560,1536,2,856732,0.1725,1,1,4965754,2
site,4096,2560,1536,55,370692,0.0746,3,3,4965754,2
site,4096,2560,2048,2,413384,0.1068,0,0,3870462,7
site,4096,2560,2048,3,177877,0.046,0,0,3870462,7
site,4096,2560,2048,5,307478,0.0794,0,0,3870462,7
site,4096,2560,2048,10,317660,0.0821,1,1,3870462,7
site,4096,2560,2048,20,360801,0.0932,0,0,3870462,7
site,4096,2560,2048,22,131028,0.0339,0,0,3870462,7
site,4096,2560,2048,55,164343,0.0425,0,0,3870462,7
site,4224,1024,512,3,4820,0.0323,0,0,149134,8
site,4224,1024,512,4,10162,0.0681,0,0,149134,8
site,4224,1024,512,5,10405,0.0698,0,0,149134,8
site,4224,1024,512,11,31624,0.2121,1,1,149134,8
site,4224,1024,512,12,19192,0.1287,0,0,149134,8
site,4224,1024,512,14,7223,0.0484,0,0,149134,8
site,4224,1024,512,15,7473,0.0501,0,0,149134,8
site,4224,1024,512,20,10193,0.0683,0,0,149134,8
site,4224,1024,1024,13,386718,0.1239,5,5,3120185,3
site,4224,1024,1024,77,179854,0.0576,0,0,3120185,3
site,4224,1024,1024,107,370009,0.1186,0,0,3120185,3
site,4224,1024,1536,20,226121,0.052,2,2,4348719,3
site,4224,1024,1536,129,553541,0.1273,0,0,4348719,3
site,4224,1024,1536,149,131914,0.0303,0,0,4348719,3
site,4224,1024,2048,68,112012,0.0328,1,1,3417151,2
site,4224,1024,2048,138,324944,0.0951,0,0,3417151,2
site,4224,1536,512,5,773622,0.2741,3,3,2822823,1
site,4224,1536,1024,20,256993,0.0314,0,0,8195193,3
site,4224,1536,1024,22,264045,0.0322,0,0,8195193,3
site,4224,1536,1024,164,433166,0.0529,2,0,8195193,3
site,4224,1536,1536,23,1724007,0.1767,5,1,9758624,2
site,4224,1536,1536,24,589858,0.0604,5,2,9758624,2
site,4224,1536,2048,5,285222,0.0342,0,0,8343697,3
site,4224,1536,2048,8,345606,0.0414,0,0,8343697,3
site,4224,1536,2048,15,286414,0.0343,2,0,8343697,3
site,4224,1536,2560,82,210153,0.0312,0,0,6735833,4
site,4224,1536,2560,90,206375,0.0306,0,0,6735833,4
site,4224,1536,2560,103,378645,0.0562,0,0,6735833,4
site,4224,1536,2560,125,345214,0.0513,0,0,6735833,4
site,4224,2048,512,15,776236,0.1497,3,3,5184381,2
site,4224,2048,512,25,787623,0.1519,1,1,5184381,2
site,4224,2048,1024,14,2173169,0.2338,8,7,9295676,2
site,4224,2048,1024,126,392945,0.0423,1,1,9295676,2
site,4224,2048,1536,7,268087,0.03,0,0,8932791,3
site,4224,2048,1536,18,927706,0.1039,2,0,8932791,3
site,4224,2048,1536,77,1038756,0.1163,6,0,8932791,3
site,4224,2048,2048,7,446819,0.0514,2,2,8695571,3
site,4224,2048,2048,19,706889,0.0813,1,0,8695571,3
site,4224,2048,2048,50,819609,0.0943,3,1,8695571,3
site,4224,2048,2560,41,226535,0.0332,1,1,6826472,1
site,4224,2048,3072,52,91371,0.0364,0,0,2508422,4
site,4224,2048,3072,96,80492,0.0321,1,1,2508422,4
site,4224,2048,3072,129,107923,0.043,1,1,2508422,4
site,4224,2048,3072,221,80936,0.0323,0,0,2508422,4
site,4224,2560,1024,3,83145,0.0458,1,0,1815322,3
site,4224,2560,1024,77,60215,0.0332,0,0,1815322,3
site,4224,2560,1024,111,103958,0.0573,0,0,1815322,3
site,4224,2560,1536,2,1513676,0.3336,13,1,4536863,2
site,4224,2560,1536,81,203023,0.0447,2,2,4536863,2
site,4224,2560,2048,5,361230,0.1144,0,0,3157336,7
site,4224,2560,2048,6,101735,0.0322,0,0,3157336,7
site,4224,2560,2048,16,103197,0.0327,0,0,3157336,7
site,4224,2560,2048,47,182735,0.0579,0,0,3157336,7
site,4224,2560,2048,50,119104,0.0377,0,0,3157336,7
site,4224,2560,2048,104,109322,0.0346,0,0,3157336,7
site,4224,2560,2048,116,95346,0.0302,1,0,3157336,7
site,4352,1024,1024,15,66451,0.0308,0,0,2160831,5
site,4352,1024,1024,28,80111,0.0371,0,0,2160831,5
site,4352,1024,1024,33,208345,0.0964,0,0,2160831,5
site,4352,1024,1024,59,232054,0.1074,2,2,2160831,5
site,4352,1024,1024,66,81161,0.0376,0,0,2160831,5
site,4352,1024,1536,21,269028,0.0706,2,2,3811409,4
site,4352,1024,1536,26,179609,0.0471,0,0,3811409,4
site,4352,1024,1536,61,162091,0.0425,0,0,3811409,4
site,4352,1024,1536,69,138196,0.0363,0,0,3811409,4
site,4352,1024,2048,3,177882,0.0582,0,0,3057869,6
site,4352,1024,2048,8,108476,0.0355,0,0,3057869,6
site,4352,1024,2048,51,129700,0.0424,0,0,3057869,6
site,4352,1024,2048,53,151941,0.0497,0,0,3057869,6
site,4352,1024,2048,64,92545,0.0303,0,0,3057869,6
site,4352,1024,2048,144,94318,0.0308,0,0,3057869,6
site,4352,1536,512,22,170065,0.0778,0,0,2187239,4
site,4352,1536,512,60,96448,0.0441,0,0,2187239,4
site,4352,1536,512,64,152841,0.0699,0,0,2187239,4
site,4352,1536,512,72,87854,0.0402,0,0,2187239,4
site,4352,1536,1024,122,556106,0.0683,0,0,8139209,1
site,4352,1536,1536,122,359887,0.0374,4,1,9620577,3
site,4352,1536,1536,421,301672,0.0314,3,0,9620577,3
site,4352,1536,1536,470,556189,0.0578,1,1,9620577,3
site,4352,1536,2048,253,316963,0.0364,0,0,8716850,2
site,4352,1536,2048,338,330582,0.0379,0,0,8716850,2
site,4352,1536,2560,193,298523,0.0443,0,0,6745534,1
site,4352,2048,512,36,197997,0.0435,1,1,4550190,3
site,4352,2048,512,75,145969,0.0321,0,0,4550190,3
site,4352,2048,512,304,644801,0.1417,4,4,4550190,3
site,4352,2048,1024,115,612593,0.0641,1,1,9556156,5
site,4352,2048,1024,123,899758,0.0942,6,0,9556156,5
site,4352,2048,1024,140,325644,0.0341,0,0,9556156,5
site,4352,2048,1024,171,552632,0.0578,4,1,9556156,5
site,4352,2048,1024,255,290375,0.0304,0,0,9556156,5
site,4352,2048,1536,1,1570297,0.1703,2,1,9220184,1
site,4352,2048,2048,9,281855,0.0333,1,1,8462689,2
site,4352,2048,2048,44,707922,0.0837,2,0,8462689,2
site,4352,2048,2560,57,177744,0.0305,0,0,5832868,4
site,4352,2048,2560,74,292927,0.0502,0,0,5832868,4
site,4352,2048,2560,88,305027,0.0523,0,0,5832868,4
site,4352,2048,2560,189,181305,0.0311,0,0,5832868,4
site,4352,2048,3072,9,123336,0.0488,0,0,2528403,3
site,4352,2048,3072,13,245103,0.0969,3,3,2528403,3
site,4352,2048,3072,48,363709,0.1438,6,6,2528403,3
site,4352,2560,1024,11,50459,0.0712,0,0,709123,6
site,4352,2560,1024,12,214568,0.3026,1,0,709123,6
site,4352,2560,1024,17,28655,0.0404,0,0,709123,6
site,4352,2560,1024,55,45806,0.0646,0,0,709123,6
site,4352,2560,1024,57,24909,0.0351,0,0,709123,6
site,4352,2560,1024,61,21895,0.0309,0,0,709123,6
site,4352,2560,1536,13,118382,0.0321,0,0,3687289,4
site,4352,2560,1536,20,559637,0.1518,4,0,3687289,4
site,4352,2560,1536,58,123776,0.0336,1,1,3687289,4
site,4352,2560,1536,61,510259,0.1384,7,6,3687289,4
site,4352,2560,2048,13,68471,0.0328,0,0,2086475,4
site,4352,2560,2048,27,140871,0.0675,1,1,2086475,4
site,4352,2560,2048,117,157383,0.0754,0,0,2086475,4
site,4352,2560,2048,139,88762,0.0425,0,0,2086475,4
site,4480,1024,1536,3,217180,0.0574,2,2,3785688,4
site,4480,1024,1536,23,132924,0.0351,0,0,3785688,4
site,4480,1024,1536,45,180058,0.0476,0,0,3785688,4
site,4480,1024,1536,144,188162,0.0497,0,0,3785688,4
site,4480,1024,2048,35,82916,0.0332,0,0,2501200,4
site,4480,1024,2048,56,106164,0.0424,1,1,2501200,4
site,4480,1024,2048,64,105180,0.0421,0,0,2501200,4
site,4480,1024,2048,91,117955,0.0472,0,0,2501200,4
site,4480,1536,512,1,164177,0.0584,0,0,2811595,6
site,4480,1536,512,9,236968,0.0843,3,0,2811595,6
site,4480,1536,512,32,170320,0.0606,0,0,2811595,6
site,4480,1536,512,83,138563,0.0493,0,0,2811595,6
site,4480,1536,512,93,133328,0.0474,0,0,2811595,6
site,4480,1536,512,120,339076,0.1206,0,0,2811595,6
site,4480,1536,1536,336,594089,0.061,2,0,9734796,1
site,4480,1536,2048,33,497779,0.0551,0,0,9026260,1
site,4480,1536,2560,215,257386,0.0404,0,0,6367535,1
site,4480,1536,3072,2,43842,0.0311,0,0,1409646,8
site,4480,1536,3072,8,169595,0.1203,2,2,1409646,8
site,4480,1536,3072,12,230661,0.1636,2,2,1409646,8
site,4480,1536,3072,15,60800,0.0431,0,0,1409646,8
site,4480,1536,3072,52,54611,0.0387,0,0,1409646,8
site,4480,1536,3072,67,44765,0.0318,0,0,1409646,8
site,4480,1536,3072,78,50273,0.0357,0,0,1409646,8
site,4480,1536,3072,90,80918,0.0574,0,0,1409646,8
site,4480,2048,512,49,199547,0.0399,0,0,4999076,4
site,4480,2048,512,56,1055268,0.2111,5,5,4999076,4
site,4480,2048,512,80,255592,0.0511,1,1,4999076,4
site,4480,2048,512,152,313549,0.0627,1,1,4999076,4
site,4480,2048,1024,22,2742370,0.2766,2,2,9913840,2
site,4480,2048,1024,90,1573578,0.1587,3,3,9913840,2
site,4480,2048,1536,1,4676178,0.4424,8,5,10570525,2
site,4480,2048,1536,59,1087112,0.1028,3,3,10570525,2
site,4480,2048,2048,30,690165,0.0822,3,0,8400665,2
site,4480,2048,2048,86,723814,0.0862,2,2,8400665,2
site,4480,2048,2560,40,230782,0.0395,2,2,5835322,1
site,4480,2048,3072,7,166709,0.0715,0,0,2331823,3
site,4480,2048,3072,10,224600,0.0963,0,0,2331823,3
site,4480,2048,3072,67,99342,0.0426,1,1,2331823,3
site,4480,2560,1024,3,755512,0.5949,2,2,1269996,2
site,4480,2560,1024,17,71583,0.0564,0,0,1269996,2
site,4480,2560,1536,4,161621,0.0459,0,0,3524718,4
site,4480,2560,1536,26,412741,0.1171,5,5,3524718,4
site,4480,2560,1536,78,164982,0.0468,1,1,3524718,4
site,4480,2560,1536,84,287127,0.0815,0,0,3524718,4
site,4480,2560,2048,3,41791,0.0502,1,1,832032,12
site,4480,2560,2048,9,73121,0.0879,0,0,832032,12
site,4480,2560,2048,10,30939,0.0372,0,0,832032,12
site,4480,2560,2048,18,66095,0.0794,0,0,832032,12
site,4480,2560,2048,33,26158,0.0314,0,0,832032,12
site,4480,2560,2048,34,35023,0.0421,0,0,832032,12
site,4480,2560,2048,35,25848,0.0311,0,0,832032,12
site,4480,2560,2048,40,28303,0.034,0,0,832032,12
site,4480,2560,2048,42,36408,0.0438,0,0,832032,12
site,4480,2560,2048,43,43805,0.0526,0,0,832032,12
site,4480,2560,2048,47,28303,0.034,0,0,832032,12
site,4480,2560,2048,49,35384,0.0425,0,0,832032,12
site,4608,1024,1536,67,98042,0.0366,0,0,2676232,2
site,4608,1024,1536,147,90425,0.0338,0,0,2676232,2
site,4608,1536,512,8,1122014,0.3528,6,3,3180287,2
site,4608,1536,512,23,292680,0.092,0,0,3180287,2
site,4608,1536,1024,19,249116,0.0313,0,0,7970615,5
site,4608,1536,1024,47,265875,0.0334,0,0,7970615,5
site,4608,1536,1024,152,324604,0.0407,0,0,7970615,5
site,4608,1536,1024,208,244285,0.0306,0,0,7970615,5
site,4608,1536,1024,222,464098,0.0582,0,0,7970615,5
site,4608,1536,1536,111,301415,0.0315,0,0,9563962,1
site,4608,1536,2048,73,262305,0.0304,0,0,8638698,2
site,4608,1536,2048,156,333395,0.0386,0,0,8638698,2
site,4608,1536,2560,76,490625,0.0798,5,5,6146861,1
site,4608,1536,3072,1,60403,0.0461,0,0,1310735,7
site,4608,1536,3072,2,398590,0.3041,0,0,1310735,7
site,4608,1536,3072,5,87932,0.0671,0,0,1310735,7
site,4608,1536,3072,14,49171,0.0375,0,0,1310735,7
site,4608,1536,3072,37,40872,0.0312,0,0,1310735,7
site,4608,1536,3072,59,161834,0.1235,1,1,1310735,7
site,4608,1536,3072,63,44217,0.0337,0,0,1310735,7
site,4608,2048,512,2,932115,0.2008,3,3,4642403,3
site,4608,2048,512,22,388256,0.0836,0,0,4642403,3
site,4608,2048,512,41,152969,0.033,2,2,4642403,3
site,4608,2048,1024,29,3139155,0.3127,3,3,10037296,2
site,4608,2048,1024,69,303080,0.0302,0,0,10037296,2
site,4608,2048,1536,5,378275,0.0356,1,1,10618453,2
site,4608,2048,1536,22,6135317,0.5778,19,6,10618453,2
site,4608,2048,2560,125,192983,0.0345,0,0,5598005,1
site,4608,2048,3072,3,118292,0.047,1,1,2517560,5
site,4608,2048,3072,7,86207,0.0342,0,0,2517560,5
site,4608,2048,3072,12,87024,0.0346,0,0,2517560,5
site,4608,2048,3072,41,93414,0.0371,1,1,2517560,5
site,4608,2048,3072,94,148966,0.0592,0,0,2517560,5
site,4608,2560,1536,11,135716,0.0448,0,0,3026043,5
site,4608,2560,1536,33,376096,0.1243,0,0,3026043,5
site,4608,2560,1536,39,315236,0.1042,0,0,3026043,5
site,4608,2560,1536,122,156813,0.0518,0,0,3026043,5
site,4608,2560,1536,156,141184,0.0467,0,0,3026043,5
site,4736,1024,1536,65,53832,0.0302,1,1,1784741,2
site,4736,1024,1536,112,56964,0.0319,0,0,1784741,2
site,4736,1024,2048,4,46144,0.031,0,0,1488180,9
site,4736,1024,2048,15,118815,0.0798,0,0,1488180,9
site,4736,1024,2048,19,58162,0.0391,0,0,1488180,9
site,4736,1024,2048,36,89181,0.0599,0,0,1488180,9
site,4736,1024,2048,44,83981,0.0564,0,0,1488180,9
site,4736,1024,2048,55,56936,0.0383,0,0,1488180,9
site,4736,1024,2048,63,57729,0.0388,0,0,1488180,9
site,4736,1024,2048,64,48662,0.0327,0,0,1488180,9
site,4736,1024,2048,65,71765,0.0482,0,0,1488180,9
site,4736,1536,512,2,756573,0.2698,4,4,2803682,2
site,4736,1536,512,15,518097,0.1848,3,3,2803682,2
site,4736,1536,1024,14,263592,0.0335,0,0,7869424,4
site,4736,1536,1024,31,488857,0.0621,0,0,7869424,4
site,4736,1536,1024,129,356506,0.0453,0,0,7869424,4
site,4736,1536,1024,131,263723,0.0335,0,0,7869424,4
site,4736,1536,1536,6,269191,0.0305,0,0,8821605,1
site,4736,1536,2048,9,294991,0.0369,1,1,7993148,4
site,4736,1536,2048,35,477676,0.0598,0,0,7993148,4
site,4736,1536,2048,63,443878,0.0555,0,0,7993148,4
site,4736,1536,2048,68,457769,0.0573,0,0,7993148,4
site,4736,1536,2560,21,361635,0.0615,1,1,5881851,3
site,4736,1536,2560,144,194426,0.0331,2,2,5881851,3
site,4736,1536,2560,202,180962,0.0308,0,0,5881851,3
site,4736,1536,3072,1,35472,0.04,0,0,885714,6
site,4736,1536,3072,5,141769,0.1601,0,0,885714,6
site,4736,1536,3072,7,151015,0.1705,0,0,885714,6
site,4736,1536,3072,22,32728,0.037,0,0,885714,6
site,4736,1536,3072,24,32157,0.0363,0,0,885714,6
site,4736,1536,3072,33,51999,0.0587,1,1,885714,6
site,4736,2048,512,1,226899,0.0622,0,0,3647842,2
site,4736,2048,512,41,614324,0.1684,4,4,3647842,2
site,4736,2048,1024,23,1310952,0.152,13,4,8623722,1
site,4736,2048,1536,3,3012789,0.3293,9,9,9147963,1
site,4736,2048,2048,154,241248,0.0308,0,0,7837418,1
site,4736,2048,3072,32,86144,0.0352,0,0,2448023,8
site,4736,2048,3072,43,133903,0.0547,0,0,2448023,8
site,4736,2048,3072,47,124782,0.051,1,1,2448023,8
site,4736,2048,3072,79,167815,0.0686,1,1,2448023,8
site,4736,2048,3072,85,214791,0.0877,0,0,2448023,8
site,4736,2048,3072,107,73812,0.0302,0,0,2448023,8
site,4736,2048,3072,111,95436,0.039,0,0,2448023,8
site,4736,2048,3072,115,164398,0.0672,0,0,2448023,8
site,4864,1024,2048,18,28865,0.0316,0,0,912707,8
site,4864,1024,2048,30,33887,0.0371,0,0,912707,8
site,4864,1024,2048,32,32424,0.0355,0,0,912707,8
site,4864,1024,2048,37,89550,0.0981,0,0,912707,8
site,4864,1024,2048,39,98515,0.1079,0,0,912707,8
site,4864,1024,2048,42,39188,0.0429,0,0,912707,8
site,4864,1024,2048,47,83937,0.092,0,0,912707,8
site,4864,1024,2048,55,33216,0.0364,1,1,912707,8
site,4864,1536,512,3,121463,0.056,1,0,2167658,3
site,4864,1536,512,6,714656,0.3297,5,1,2167658,3
site,4864,1536,512,16,174198,0.0804,1,1,2167658,3
site,4864,1536,1024,5,281059,0.0353,1,1,7954290,6
site,4864,1536,1024,11,598611,0.0753,0,0,7954290,6
site,4864,1536,1024,49,257036,0.0323,0,0,7954290,6
site,4864,1536,1024,127,258339,0.0325,0,0,7954290,6
site,4864,1536,1024,158,520655,0.0655,0,0,7954290,6
site,4864,1536,1024,213,813780,0.1023,0,0,7954290,6
site,4864,1536,1536,27,277019,0.0359,0,0,7706956,3
site,4864,1536,1536,30,292567,0.038,0,0,7706956,3
site,4864,1536,1536,113,266329,0.0346,1,1,7706956,3
site,4864,1536,2048,29,259922,0.033,0,0,7866172,4
site,4864,1536,2048,189,249214,0.0317,0,0,7866172,4
site,4864,1536,2048,207,237523,0.0302,0,0,7866172,4
site,4864,1536,2048,214,452379,0.0575,0,0,7866172,4
site,4864,1536,2560,9,459288,0.0784,1,1,5858235,3
site,4864,1536,2560,82,241542,0.0412,0,0,5858235,3
site,4864,1536,2560,95,208735,0.0356,0,0,5858235,3
site,4864,1536,3072,1,20268,0.0331,0,0,611409,6
site,4864,1536,3072,6,267136,0.4369,1,1,611409,6
site,4864,1536,3072,10,36422,0.0596,0,0,611409,6
site,4864,1536,3072,29,37008,0.0605,0,0,611409,6
site,4864,1536,3072,33,23632,0.0387,0,0,611409,6
site,4864,1536,3072,37,19791,0.0324,0,0,611409,6
site,4864,2048,512,14,877472,0.2163,4,4,4057001,3
site,4864,2048,512,37,196110,0.0483,0,0,4057001,3
site,4864,2048,512,123,141146,0.0348,0,0,4057001,3
site,4864,2048,1024,89,285742,0.0428,0,0,6668799,1
site,4864,2048,1536,19,272392,0.0331,0,0,8233586,3
site,4864,2048,1536,40,432842,0.0526,1,1,8233586,3
site,4864,2048,1536,184,388923,0.0472,1,1,8233586,3
site,4864,2048,2048,6,345981,0.0428,0,0,8083681,4
site,4864,2048,2048,46,343912,0.0425,0,0,8083681,4
site,4864,2048,2048,66,702905,0.087,1,1,8083681,4
site,4864,2048,2048,137,341619,0.0423,0,0,8083681,4
site,4992,1536,512,4,925699,0.5649,7,1,1638717,2
site,4992,1536,512,25,116768,0.0713,0,0,1638717,2
site,4992,1536,1024,7,523251,0.0688,19,0,7605244,4
site,4992,1536,1024,30,356232,0.0468,1,1,7605244,4
site,4992,1536,1024,195,344636,0.0453,0,0,7605244,4
site,4992,1536,1024,270,348751,0.0459,0,0,7605244,4
site,4992,1536,1536,10,250165,0.0315,1,1,7931948,7
site,4992,1536,1536,13,273992,0.0345,0,0,7931948,7
site,4992,1536,1536,15,241354,0.0304,0,0,7931948,7
site,4992,1536,1536,29,357687,0.0451,1,1,7931948,7
site,4992,1536,1536,32,704267,0.0888,1,1,7931948,7
site,4992,1536,1536,47,869000,0.1096,0,0,7931948,7
site,4992,1536,1536,58,395086,0.0498,0,0,7931948,7
site,4992,1536,2048,64,474124,0.0596,0,0,7955343,3
site,4992,1536,2048,75,278842,0.0351,0,0,7955343,3
site,4992,1536,2048,81,276361,0.0347,0,0,7955343,3
site,4992,1536,2560,7,1065455,0.1857,7,7,5736355,2
site,4992,1536,2560,107,248146,0.0433,0,0,5736355,2
site,4992,1536,3072,6,26363,0.0365,0,0,721992,11
site,4992,1536,3072,11,22546,0.0312,0,0,721992,11
site,4992,1536,3072,12,41445,0.0574,0,0,721992,11
site,4992,1536,3072,21,48089,0.0666,0,0,721992,11
site,4992,1536,3072,34,73702,0.1021,0,0,721992,11
site,4992,1536,3072,37,57838,0.0801,0,0,721992,11
site,4992,1536,3072,39,56473,0.0782,0,0,721992,11
site,4992,1536,3072,40,24914,0.0345,0,0,721992,11
site,4992,1536,3072,42,46979,0.0651,0,0,721992,11
site,4992,1536,3072,46,45478,0.063,0,0,721992,11
site,4992,1536,3072,50,25501,0.0353,0,0,721992,11
site,4992,2048,512,19,255379,0.0559,3,3,4566749,2
site,4992,2048,512,37,304191,0.0666,6,6,4566749,2
site,4992,2048,1024,56,197997,0.0326,0,0,6070360,2
site,4992,2048,1024,163,194863,0.0321,0,0,6070360,2
site,4992,2048,1536,6,453396,0.0565,0,0,8029118,6
site,4992,2048,1536,14,247946,0.0309,0,0,8029118,6
site,4992,2048,1536,50,360731,0.0449,0,0,8029118,6
site,4992,2048,1536,70,277289,0.0345,0,0,8029118,6
site,4992,2048,1536,72,271208,0.0338,0,0,8029118,6
site,4992,2048,1536,102,424263,0.0528,0,0,8029118,6
site,4992,2048,2048,4,499919,0.0639,0,0,7819224,3
site,4992,2048,2048,141,258479,0.0331,0,0,7819224,3
site,4992,2048,2048,231,341122,0.0436,0,0,7819224,3
site,4992,2048,2560,122,197190,0.0323,0,0,6107635,2
site,4992,2048,2560,317,316255,0.0518,0,0,6107635,2
site,4992,2048,3072,10,219889,0.0741,1,1,2968288,6
site,4992,2048,3072,11,122488,0.0413,0,0,2968288,6
site,4992,2048,3072,55,125580,0.0423,0,0,2968288,6
site,4992,2048,3072,75,89060,0.03,0,0,2968288,6
site,4992,2048,3072,76,109351,0.0368,0,0,2968288,6
site,4992,2048,3072,99,162157,0.0546,0,0,2968288,6
site,4992,2560,1536,1,105853,0.0917,0,0,1153976,9
site,4992,2560,1536,4,40271,0.0349,0,0,1153976,9
site,4992,2560,1536,7,121582,0.1054,0,0,1153976,9
site,4992,2560,1536,8,71780,0.0622,0,0,1153976,9
site,4992,2560,1536,9,45824,0.0397,0,0,1153976,9
site,4992,2560,1536,10,106353,0.0922,0,0,1153976,9
site,4992,2560,1536,11,178642,0.1548,0,0,1153976,9
site,4992,2560,1536,14,62003,0.0537,0,0,1153976,9
site,4992,2560,1536,20,44423,0.0385,0,0,1153976,9
site,5120,1536,512,1,193335,0.1556,2,2,1242520,6
site,5120,1536,512,8,54360,0.0437,0,0,1242520,6
site,5120,1536,512,15,162594,0.1309,0,0,1242520,6
site,5120,1536,512,20,47615,0.0383,1,1,1242520,6
site,5120,1536,512,39,59032,0.0475,0,0,1242520,6
site,5120,1536,512,57,52473,0.0422,0,0,1242520,6
site,5120,1536,1024,3,369249,0.0531,0,0,6957647,7
site,5120,1536,1024,10,267322,0.0384,0,0,6957647,7
site,5120,1536,1024,15,446757,0.0642,4,2,6957647,7
site,5120,1536,1024,34,319450,0.0459,2,0,6957647,7
site,5120,1536,1024,52,250953,0.0361,1,0,6957647,7
site,5120,1536,1024,79,939935,0.1351,0,0,6957647,7
site,5120,1536,1024,118,240543,0.0346,0,0,6957647,7
site,5120,1536,1536,27,371149,0.0465,0,0,7986340,3
site,5120,1536,1536,173,324286,0.0406,0,0,7986340,3
site,5120,1536,1536,186,340261,0.0426,1,1,7986340,3
site,5120,1536,2048,77,290427,0.0368,0,0,7881476,1
site,5120,1536,2560,16,268892,0.0461,0,0,5838613,2
site,5120,1536,2560,94,182392,0.0312,0,0,5838613,2
site,5120,2048,512,24,544212,0.1167,3,3,4665106,1
site,5120,2048,1024,56,200645,0.0313,1,1,6400639,1
site,5120,2048,1536,9,319801,0.0393,0,0,8139984,8
site,5120,2048,1536,56,251868,0.0309,0,0,8139984,8
site,5120,2048,1536,57,367318,0.0451,0,0,8139984,8
site,5120,2048,1536,83,299247,0.0368,0,0,8139984,8
site,5120,2048,1536,87,393241,0.0483,0,0,8139984,8
site,5120,2048,1536,108,263690,0.0324,0,0,8139984,8
site,5120,2048,1536,114,399815,0.0491,0,0,8139984,8
site,5120,2048,1536,137,252349,0.031,0,0,8139984,8
site,5120,2048,2048,73,431899,0.0547,0,0,7901674,2
site,5120,2048,2048,108,310726,0.0393,0,0,7901674,2
site,5120,2048,2560,1,246376,0.04,0,0,6161226,4
site,5120,2048,2560,44,253357,0.0411,0,0,6161226,4
site,5120,2048,2560,105,311802,0.0506,0,0,6161226,4
site,5120,2048,2560,171,318943,0.0518,0,0,6161226,4
site,5120,2048,3072,64,160355,0.0531,0,0,3018968,4
site,5120,2048,3072,120,144240,0.0478,0,0,3018968,4
site,5120,2048,3072,142,146549,0.0485,0,0,3018968,4
site,5120,2048,3072,202,116760,0.0387,0,0,3018968,4
site,5120,2560,1536,6,61305,0.0557,1,1,1099697,7
site,5120,2560,1536,15,33444,0.0304,0,0,1099697,7
site,5120,2560,1536,17,51624,0.0469,0,0,1099697,7
site,5120,2560,1536,30,56369,0.0513,0,0,1099697,7
site,5120,2560,1536,61,33367,0.0303,0,0,1099697,7
site,5120,2560,1536,66,63353,0.0576,0,0,1099697,7
site,5120,2560,1536,67,33409,0.0304,0,0,1099697,7
site,5120,2560,2048,5,31681,0.0748,0,0,423821,9
site,5120,2560,2048,8,12992,0.0307,0,0,423821,9
site,5120,2560,2048,11,23083,0.0545,1,1,423821,9
site,5120,2560,2048,18,15425,0.0364,0,0,423821,9
site,5120,2560,2048,19,12742,0.0301,0,0,423821,9
site,5120,2560,2048,23,19793,0.0467,0,0,423821,9
site,5120,2560,2048,24,48247,0.1138,0,0,423821,9
site,5120,2560,2048,25,85915,0.2027,0,0,423821,9
site,5120,2560,2048,27,13803,0.0326,0,0,423821,9
site,5248,1536,512,1,92776,0.0695,1,1,1334701,7
site,5248,1536,512,12,41986,0.0315,0,0,1334701,7
site,5248,1536,512,13,204934,0.1535,0,0,1334701,7
site,5248,1536,512,22,49781,0.0373,0,0,1334701,7
site,5248,1536,512,42,84026,0.063,0,0,1334701,7
site,5248,1536,512,77,67060,0.0502,0,0,1334701,7
site,5248,1536,512,95,51128,0.0383,0,0,1334701,7
site,5248,1536,1024,1,348719,0.0482,0,0,7238770,4
site,5248,1536,1024,11,320708,0.0443,0,0,7238770,4
site,5248,1536,1024,31,310915,0.043,0,0,7238770,4
site,5248,1536,1024,145,322757,0.0446,0,0,7238770,4
site,5248,1536,1536,10,430365,0.0545,2,2,7895400,7
site,5248,1536,1536,15,256636,0.0325,1,1,7895400,7
site,5248,1536,1536,28,245049,0.031,0,0,7895400,7
site,5248,1536,1536,29,257000,0.0326,0,0,7895400,7
site,5248,1536,1536,92,575465,0.0729,1,1,7895400,7
site,5248,1536,1536,130,264201,0.0335,0,0,7895400,7
site,5248,1536,1536,227,321796,0.0408,0,0,7895400,7
site,5248,1536,2048,129,940294,0.1202,0,0,7824110,3
site,5248,1536,2048,189,411365,0.0526,0,0,7824110,3
site,5248,1536,2048,205,328039,0.0419,1,1,7824110,3
site,5248,1536,2560,38,172762,0.0314,0,0,5497751,3
site,5248,1536,2560,110,208138,0.0379,0,0,5497751,3
site,5248,1536,2560,122,172824,0.0314,0,0,5497751,3
site,5248,1536,3072,4,43388,0.0551,0,0,787598,10
site,5248,1536,3072,7,40797,0.0518,0,0,787598,10
site,5248,1536,3072,10,35850,0.0455,0,0,787598,10
site,5248,1536,3072,11,47818,0.0607,0,0,787598,10
site,5248,1536,3072,12,28532,0.0362,0,0,787598,10
site,5248,1536,3072,13,91547,0.1162,0,0,787598,10
site,5248,1536,3072,20,41343,0.0525,0,0,787598,10
site,5248,1536,3072,23,53376,0.0678,0,0,787598,10
site,5248,1536,3072,26,53521,0.068,0,0,787598,10
site,5248,1536,3072,31,96321,0.1223,0,0,787598,10
site,5248,2048,512,25,732031,0.1513,4,4,4839160,3
site,5248,2048,512,47,183490,0.0379,0,0,4839160,3
site,5248,2048,512,91,169824,0.0351,0,0,4839160,3
site,5248,2048,1024,87,295455,0.0426,0,0,6943114,2
site,5248,2048,1024,184,356826,0.0514,0,0,6943114,2
site,5248,2048,1536,4,249272,0.0313,0,0,7956722,7
site,5248,2048,1536,18,251907,0.0317,1,1,7956722,7
site,5248,2048,1536,29,549949,0.0691,0,0,7956722,7
site,5248,2048,1536,40,681721,0.0857,0,0,7956722,7
site,5248,2048,1536,65,245462,0.0308,0,0,7956722,7
site,5248,2048,1536,121,347963,0.0437,0,0,7956722,7
site,5248,2048,1536,124,382781,0.0481,0,0,7956722,7
site,5248,2048,2048,23,470480,0.0588,0,0,8000273,5
site,5248,2048,2048,25,417777,0.0522,0,0,8000273,5
site,5248,2048,2048,86,476703,0.0596,1,1,8000273,5
site,5248,2048,2048,99,293375,0.0367,0,0,8000273,5
site,5248,2048,2048,123,336866,0.0421,0,0,8000273,5
site,5248,2048,2560,70,272664,0.0426,0,0,6405058,2
site,5248,2048,2560,185,285567,0.0446,0,0,6405058,2
site,5248,2048,3072,2,431945,0.1395,4,4,3096769,5
site,5248,2048,3072,76,110850,0.0358,0,0,3096769,5
site,5248,2048,3072,101,95908,0.031,0,0,3096769,5
site,5248,2048,3072,185,101018,0.0326,0,0,3096769,5
site,5248,2048,3072,189,93804,0.0303,0,0,3096769,5
site,5248,2560,2048,1,37180,0.0391,0,0,949854,12
site,5248,2560,2048,3,63543,0.0669,0,0,949854,12
site,5248,2560,2048,5,38952,0.041,0,0,949854,12
site,5248,2560,2048,7,31359,0.033,0,0,949854,12
site,5248,2560,2048,9,110744,0.1166,0,0,949854,12
site,5248,2560,2048,12,53315,0.0561,1,1,949854,12
site,5248,2560,2048,14,32572,0.0343,0,0,949854,12
site,5248,2560,2048,16,72051,0.0759,0,0,949854,12
site,5248,2560,2048,18,54669,0.0576,0,0,949854,12
site,5248,2560,2048,19,30328,0.0319,0,0,949854,12
site,5248,2560,2048,20,57557,0.0606,0,0,949854,12
site,5248,2560,2048,22,94140,0.0991,0,0,949854,12
site,5376,1536,512,2,116529,0.08,0,0,1456063,7
site,5376,1536,512,9,223820,0.1537,0,0,1456063,7
site,5376,1536,512,10,45126,0.031,0,0,1456063,7
site,5376,1536,512,28,109766,0.0754,0,0,1456063,7
site,5376,1536,512,58,101315,0.0696,0,0,1456063,7
site,5376,1536,512,59,82227,0.0565,0,0,1456063,7
site,5376,1536,512,71,48387,0.0332,0,0,1456063,7
site,5376,1536,1024,3,291814,0.0421,1,1,6938495,5
site,5376,1536,1024,13,636415,0.0917,0,0,6938495,5
site,5376,1536,1024,68,234310,0.0338,0,0,6938495,5
site,5376,1536,1024,70,236058,0.034,0,0,6938495,5
site,5376,1536,1024,103,312968,0.0451,0,0,6938495,5
site,5376,1536,1536,1,254400,0.033,0,0,7698193,3
site,5376,1536,1536,91,234194,0.0304,0,0,7698193,3
site,5376,1536,1536,185,307563,0.04,0,0,7698193,3
site,5376,1536,2560,26,219841,0.0443,0,0,4964307,1
site,5376,1536,3072,2,32413,0.0362,1,1,895215,11
site,5376,1536,3072,5,28805,0.0322,0,0,895215,11
site,5376,1536,3072,6,29612,0.0331,0,0,895215,11
site,5376,1536,3072,19,34198,0.0382,0,0,895215,11
site,5376,1536,3072,21,45777,0.0511,0,0,895215,11
site,5376,1536,3072,29,85469,0.0955,1,1,895215,11
site,5376,1536,3072,30,28963,0.0324,0,0,895215,11
site,5376,1536,3072,41,28712,0.0321,0,0,895215,11
site,5376,1536,3072,43,52743,0.0589,0,0,895215,11
site,5376,1536,3072,45,45854,0.0512,0,0,895215,11
site,5376,1536,3072,48,45609,0.0509,0,0,895215,11
site,5376,2048,512,1,254943,0.0518,0,0,4920833,5
site,5376,2048,512,106,525908,0.1069,0,0,4920833,5
site,5376,2048,512,159,188424,0.0383,0,0,4920833,5
site,5376,2048,512,179,218770,0.0445,0,0,4920833,5
site,5376,2048,512,339,208591,0.0424,0,0,4920833,5
site,5376,2048,2048,10,339179,0.0413,0,0,8213970,5
site,5376,2048,2048,22,327315,0.0398,0,0,8213970,5
site,5376,2048,2048,43,738280,0.0899,0,0,8213970,5
site,5376,2048,2048,61,360949,0.0439,0,0,8213970,5
site,5376,2048,2048,104,299192,0.0364,0,0,8213970,5
site,5376,2048,2560,203,235674,0.0348,0,0,6771334,1
site,5376,2048,3072,18,100310,0.033,0,0,3038095,2
site,5376,2048,3072,58,190909,0.0628,1,1,3038095,2
site,5376,2560,2048,3,79453,0.0668,0,0,1189026,13
site,5376,2560,2048,4,37091,0.0312,0,0,1189026,13
site,5376,2560,2048,5,67877,0.0571,0,0,1189026,13
site,5376,2560,2048,6,84978,0.0715,0,0,1189026,13
site,5376,2560,2048,7,64311,0.0541,0,0,1189026,13
site,5376,2560,2048,8,47323,0.0398,0,0,1189026,13
site,5376,2560,2048,9,41588,0.035,0,0,1189026,13
site,5376,2560,2048,14,67841,0.0571,0,0,1189026,13
site,5376,2560,2048,15,62941,0.0529,0,0,1189026,13
site,5376,2560,2048,16,42930,0.0361,0,0,1189026,13
site,5376,2560,2048,17,43756,0.0368,0,0,1189026,13
site,5376,2560,2048,18,66904,0.0563,0,0,1189026,13
site,5376,2560,2048,20,36399,0.0306,0,0,1189026,13
site,5504,1536,512,1,51478,0.0406,0,0,1267213,11
site,5504,1536,512,8,255855,0.2019,1,1,1267213,11
site,5504,1536,512,14,96443,0.0761,0,0,1267213,11
site,5504,1536,512,17,53415,0.0422,1,1,1267213,11
site,5504,1536,512,31,42103,0.0332,0,0,1267213,11
site,5504,1536,512,36,45697,0.0361,0,0,1267213,11
site,5504,1536,512,38,40997,0.0324,0,0,1267213,11
site,5504,1536,512,39,46592,0.0368,0,0,1267213,11
site,5504,1536,512,44,63636,0.0502,0,0,1267213,11
site,5504,1536,512,49,93974,0.0742,1,1,1267213,11
site,5504,1536,512,69,45344,0.0358,0,0,1267213,11
site,5504,1536,1024,4,263710,0.0383,0,0,6888725,6
site,5504,1536,1024,30,524137,0.0761,0,0,6888725,6
site,5504,1536,1024,43,903291,0.1311,0,0,6888725,6
site,5504,1536,1024,49,349293,0.0507,0,0,6888725,6
site,5504,1536,1024,83,422672,0.0614,0,0,6888725,6
site,5504,1536,1024,199,352655,0.0512,0,0,6888725,6
site,5504,1536,1536,10,259545,0.0351,0,0,7390752,3
site,5504,1536,1536,30,382339,0.0517,0,0,7390752,3
site,5504,1536,1536,133,238959,0.0323,0,0,7390752,3
site,5504,1536,2560,164,179379,0.0367,0,0,4892580,3
site,5504,1536,2560,168,174845,0.0357,0,0,4892580,3
site,5504,1536,2560,378,189584,0.0387,0,0,4892580,3
site,5504,1536,3072,2,51011,0.0397,1,1,1284093,12
site,5504,1536,3072,3,38802,0.0302,0,0,1284093,12
site,5504,1536,3072,7,135505,0.1055,0,0,1284093,12
site,5504,1536,3072,9,98352,0.0766,0,0,1284093,12
site,5504,1536,3072,15,57800,0.045,0,0,1284093,12
site,5504,1536,3072,19,45378,0.0353,0,0,1284093,12
site,5504,1536,3072,21,80773,0.0629,0,0,1284093,12
site,5504,1536,3072,32,56453,0.044,0,0,1284093,12
site,5504,1536,3072,33,54496,0.0424,0,0,1284093,12
site,5504,1536,3072,38,47537,0.037,1,1,1284093,12
site,5504,1536,3072,51,113592,0.0885,0,0,1284093,12
site,5504,1536,3072,53,45963,0.0358,0,0,1284093,12
site,5504,2048,512,26,169966,0.0342,0,0,4974723,5
site,5504,2048,512,34,287896,0.0579,3,3,4974723,5
site,5504,2048,512,91,282499,0.0568,0,0,4974723,5
site,5504,2048,512,104,158729,0.0319,0,0,4974723,5
site,5504,2048,512,212,161671,0.0325,0,0,4974723,5
site,5504,2048,1024,18,271614,0.041,0,0,6619057,3
site,5504,2048,1024,79,328239,0.0496,0,0,6619057,3
site,5504,2048,1024,126,224302,0.0339,0,0,6619057,3
site,5504,2048,1536,198,351663,0.0417,1,1,8440778,2
site,5504,2048,1536,206,277366,0.0329,0,0,8440778,2
site,5504,2048,2048,1,519106,0.0619,0,0,8379843,5
site,5504,2048,2048,61,362346,0.0432,0,0,8379843,5
site,5504,2048,2048,75,256236,0.0306,0,0,8379843,5
site,5504,2048,2048,100,288131,0.0344,0,0,8379843,5
site,5504,2048,2048,114,495292,0.0591,0,0,8379843,5
site,5504,2048,2560,94,199702,0.0307,0,0,6498579,2
site,5504,2048,2560,152,236096,0.0363,0,0,6498579,2
site,5504,2048,3072,1,140645,0.0496,1,1,2838080,2
site,5504,2048,3072,14,431577,0.1521,3,3,2838080,2
site,5632,1536,512,19,54628,0.0453,0,0,1207081,6
site,5632,1536,512,33,184240,0.1526,0,0,1207081,6
site,5632,1536,512,40,40179,0.0333,0,0,1207081,6
site,5632,1536,512,80,47062,0.039,1,1,1207081,6
site,5632,1536,512,84,55539,0.046,0,0,1207081,6
site,5632,1536,512,86,38170,0.0316,0,0,1207081,6
site,5632,1536,1536,13,248538,0.0353,1,1,7040221,1
site,5632,1536,2048,126,181716,0.0315,0,0,5767063,1
site,5632,1536,3072,1,81438,0.0614,1,1,1325678,9
site,5632,1536,3072,7,334542,0.2524,1,1,1325678,9
site,5632,1536,3072,25,60825,0.0459,0,0,1325678,9
site,5632,1536,3072,42,46067,0.0347,0,0,1325678,9
site,5632,1536,3072,44,61859,0.0467,0,0,1325678,9
site,5632,1536,3072,46,47480,0.0358,0,0,1325678,9
site,5632,1536,3072,47,41198,0.0311,0,0,1325678,9
site,5632,1536,3072,49,67850,0.0512,0,0,1325678,9
site,5632,1536,3072,53,68142,0.0514,0,0,1325678,9
site,5632,2048,512,18,191218,0.0373,0,0,5129170,3
site,5632,2048,512,29,162758,0.0317,0,0,5129170,3
site,5632,2048,512,41,332761,0.0649,2,2,5129170,3
site,5632,2048,1024,44,259053,0.039,0,0,6645970,3
site,5632,2048,1024,68,379679,0.0571,1,1,6645970,3
site,5632,2048,1024,276,202030,0.0304,0,0,6645970,3
site,5632,2048,1536,172,330045,0.0389,0,0,8474169,1
site,5632,2048,2048,5,453010,0.0522,0,0,8674342,7
site,5632,2048,2048,24,343849,0.0396,0,0,8674342,7
site,5632,2048,2048,26,432227,0.0498,0,0,8674342,7
site,5632,2048,2048,42,388779,0.0448,0,0,8674342,7
site,5632,2048,2048,70,359336,0.0414,1,1,8674342,7
site,5632,2048,2048,72,344711,0.0397,0,0,8674342,7
site,5632,2048,2048,80,303852,0.035,1,1,8674342,7
site,5632,2048,3072,7,583341,0.2234,4,4,2611179,2
site,5632,2048,3072,103,114871,0.044,0,0,2611179,2
site,5632,2560,512,3,4016,0.0503,0,0,79866,10
site,5632,2560,512,4,12881,0.1613,0,0,79866,10
site,5632,2560,512,5,5012,0.0628,0,0,79866,10
site,5632,2560,512,6,2400,0.0301,0,0,79866,10
site,5632,2560,512,8,9426,0.118,0,0,79866,10
site,5632,2560,512,9,2516,0.0315,0,0,79866,10
site,5632,2560,512,10,4811,0.0602,1,1,79866,10
site,5632,2560,512,12,2585,0.0324,0,0,79866,10
site,5632,2560,512,13,7825,0.098,0,0,79866,10
site,5632,2560,512,15,8271,0.1036,0,0,79866,10
site,5760,1536,1024,166,341706,0.0483,0,0,7067380,3
site,5760,1536,1024,180,221672,0.0314,0,0,7067380,3
site,5760,1536,1024,184,269856,0.0382,0,0,7067380,3
site,5760,1536,1536,35,275230,0.0385,2,2,7157933,1
site,5760,1536,2048,55,211404,0.0348,0,0,6071760,5
site,5760,1536,2048,83,274615,0.0452,0,0,6071760,5
site,5760,1536,2048,112,250452,0.0412,1,1,6071760,5
site,5760,1536,2048,222,200886,0.0331,0,0,6071760,5
site,5760,1536,2048,252,204098,0.0336,0,0,6071760,5
site,5760,1536,2560,42,170689,0.0402,0,0,4251130,2
site,5760,1536,2560,93,182991,0.043,0,0,4251130,2
site,5760,1536,3072,5,103242,0.0794,1,1,1300804,7
site,5760,1536,3072,8,319179,0.2454,0,0,1300804,7
site,5760,1536,3072,17,52129,0.0401,0,0,1300804,7
site,5760,1536,3072,37,54427,0.0418,0,0,1300804,7
site,5760,1536,3072,51,78794,0.0606,0,0,1300804,7
site,5760,1536,3072,55,42457,0.0326,0,0,1300804,7
site,5760,1536,3072,56,47623,0.0366,0,0,1300804,7
site,5760,2048,512,3,1001870,0.1962,8,8,5106138,3
site,5760,2048,512,32,381490,0.0747,0,0,5106138,3
site,5760,2048,512,146,200856,0.0393,0,0,5106138,3
site,5760,2048,1536,12,269292,0.0323,0,0,8347718,6
site,5760,2048,1536,20,704277,0.0844,0,0,8347718,6
site,5760,2048,1536,25,318923,0.0382,0,0,8347718,6
site,5760,2048,1536,31,469444,0.0562,0,0,8347718,6
site,5760,2048,1536,46,459010,0.055,0,0,8347718,6
site,5760,2048,1536,141,348553,0.0418,0,0,8347718,6
site,5760,2048,2048,45,445877,0.0509,0,0,8756512,4
site,5760,2048,2048,58,330375,0.0377,0,0,8756512,4
site,5760,2048,2048,95,347729,0.0397,0,0,8756512,4
site,5760,2048,2048,118,336031,0.0384,0,0,8756512,4
site,5760,2048,2560,34,840294,0.1148,1,1,7322564,3
site,5760,2048,2560,53,286483,0.0391,0,0,7322564,3
site,5760,2048,2560,181,277771,0.0379,0,0,7322564,3
site,5760,2048,3072,1,1206240,0.4506,2,2,2676686,1
site,5760,2560,2048,4,147519,0.0965,0,0,1528752,10
site,5760,2560,2048,13,103764,0.0679,0,0,1528752,10
site,5760,2560,2048,21,102910,0.0673,0,0,1528752,10
site,5760,2560,2048,23,59918,0.0392,0,0,1528752,10
site,5760,2560,2048,28,57770,0.0378,0,0,1528752,10
site,5760,2560,2048,35,93211,0.061,0,0,1528752,10
site,5760,2560,2048,45,72876,0.0477,0,0,1528752,10
site,5760,2560,2048,49,57599,0.0377,0,0,1528752,10
site,5760,2560,2048,50,57000,0.0373,1,1,1528752,10
site,5760,2560,2048,52,60003,0.0392,0,0,1528752,10
site,5888,1536,512,2,113429,0.0829,0,0,1367441,6
site,5888,1536,512,5,632366,0.4624,1,1,1367441,6
site,5888,1536,512,36,49031,0.0359,0,0,1367441,6
site,5888,1536,512,40,41358,0.0302,0,0,1367441,6
site,5888,1536,512,43,57965,0.0424,0,0,1367441,6
site,5888,1536,512,49,41886,0.0306,0,0,1367441,6
site,5888,1536,1024,228,259902,0.0368,0,0,7068534,1
site,5888,1536,2048,6,233332,0.045,0,0,5186251,6
site,5888,1536,2048,15,339634,0.0655,0,0,5186251,6
site,5888,1536,2048,16,167594,0.0323,0,0,5186251,6
site,5888,1536,2048,19,307677,0.0593,0,0,5186251,6
site,5888,1536,2048,21,202752,0.0391,0,0,5186251,6
site,5888,1536,2048,48,180312,0.0348,0,0,5186251,6
site,5888,1536,2560,15,1622367,0.4169,1,1,3891931,1
site,5888,1536,3072,4,636772,0.3722,3,3,1710771,2
site,5888,1536,3072,35,60856,0.0356,0,0,1710771,2
site,5888,2048,512,1,1677759,0.3403,3,3,4930015,3
site,5888,2048,512,112,178103,0.0361,1,1,4930015,3
site,5888,2048,512,140,211523,0.0429,0,0,4930015,3
site,5888,2048,1024,1,204333,0.031,1,1,6600523,4
site,5888,2048,1024,37,337976,0.0512,0,0,6600523,4
site,5888,2048,1024,61,452304,0.0685,0,0,6600523,4
site,5888,2048,1024,82,356117,0.054,1,1,6600523,4
site,5888,2048,1536,11,504337,0.0598,0,0,8438310,7
site,5888,2048,1536,22,421306,0.0499,0,0,8438310,7
site,5888,2048,1536,29,400076,0.0474,0,0,8438310,7
site,5888,2048,1536,63,445574,0.0528,0,0,8438310,7
site,5888,2048,1536,77,295482,0.035,0,0,8438310,7
site,5888,2048,1536,80,386589,0.0458,0,0,8438310,7
site,5888,2048,1536,97,344782,0.0409,0,0,8438310,7
site,5888,2048,2560,3,2315489,0.3169,4,4,7307391,2
site,5888,2048,2560,76,242964,0.0332,1,1,7307391,2
site,5888,2048,3072,3,515965,0.229,2,2,2253052,2
site,5888,2048,3072,13,563125,0.2499,0,0,2253052,2
site,5888,2560,1536,1,179898,0.148,0,0,1215624,9
site,5888,2560,1536,3,269277,0.2215,0,0,1215624,9
site,5888,2560,1536,7,50736,0.0417,0,0,1215624,9
site,5888,2560,1536,8,41768,0.0344,0,0,1215624,9
site,5888,2560,1536,9,43572,0.0358,0,0,1215624,9
site,5888,2560,1536,11,53828,0.0443,0,0,1215624,9
site,5888,2560,1536,13,62707,0.0516,0,0,1215624,9
site,5888,2560,1536,15,77686,0.0639,1,1,1215624,9
site,5888,2560,1536,18,52819,0.0435,0,0,1215624,9
site,5888,2560,2048,1,141968,0.0867,0,0,1637050,10
site,5888,2560,2048,6,63143,0.0386,0,0,1637050,10
site,5888,2560,2048,8,211950,0.1295,0,0,1637050,10
site,5888,2560,2048,9,86999,0.0531,1,1,1637050,10
site,5888,2560,2048,11,164519,0.1005,0,0,1637050,10
site,5888,2560,2048,13,184478,0.1127,1,1,1637050,10
site,5888,2560,2048,16,55349,0.0338,0,0,1637050,10
site,5888,2560,2048,20,73037,0.0446,0,0,1637050,10
site,5888,2560,2048,30,99876,0.061,0,0,1637050,10
site,5888,2560,2048,31,167892,0.1026,0,0,1637050,10
site,6016,1536,512,2,851956,0.8006,3,3,1064141,1
site,6016,1536,2560,2,2247788,0.4458,2,2,5041640,1
site,6016,1536,3072,5,273922,0.1484,1,1,1846386,6
site,6016,1536,3072,11,348560,0.1888,0,0,1846386,6
site,6016,1536,3072,15,57344,0.0311,0,0,1846386,6
site,6016,1536,3072,18,57084,0.0309,1,1,1846386,6
site,6016,1536,3072,53,64865,0.0351,0,0,1846386,6
site,6016,1536,3072,81,74962,0.0406,0,0,1846386,6
site,6016,2048,512,1,2570930,0.5304,7,7,4847090,1
site,6016,2048,1024,154,292029,0.0422,0,0,6922763,2
site,6016,2048,1024,179,215175,0.0311,0,0,6922763,2
site,6016,2048,2560,5,1382754,0.1872,1,1,7387916,2
site,6016,2048,2560,82,647042,0.0876,2,2,7387916,2
site,6016,2048,3072,2,113179,0.0608,0,0,1861386,3
site,6016,2048,3072,12,455196,0.2445,0,0,1861386,3
site,6016,2048,3072,95,97348,0.0523,0,0,1861386,3
site,6144,1536,1024,1,215268,0.0345,2,2,6248625,2
site,6144,1536,1024,82,415225,0.0665,0,0,6248625,2
site,6144,1536,1536,19,230153,0.0306,1,1,7511876,7
site,6144,1536,1536,37,238598,0.0318,0,0,7511876,7
site,6144,1536,1536,39,403870,0.0538,1,1,7511876,7
site,6144,1536,1536,72,545243,0.0726,4,4,7511876,7
site,6144,1536,1536,82,351963,0.0469,0,0,7511876,7
site,6144,1536,1536,108,299548,0.0399,0,0,7511876,7
site,6144,1536,1536,238,329542,0.0439,0,0,7511876,7
site,6144,1536,2048,3,803451,0.1282,4,4,6266224,3
site,6144,1536,2048,34,734003,0.1171,3,3,6266224,3
site,6144,1536,2048,74,271751,0.0434,0,0,6266224,3
site,6144,1536,2560,13,204668,0.0437,2,2,4686122,3
site,6144,1536,2560,17,697941,0.1489,1,1,4686122,3
site,6144,1536,2560,163,503931,0.1075,0,0,4686122,3
site,6144,1536,3072,3,223981,0.2049,1,1,1093200,4
site,6144,1536,3072,24,33791,0.0309,0,0,1093200,4
site,6144,1536,3072,62,61527,0.0563,0,0,1093200,4
site,6144,1536,3072,90,40649,0.0372,0,0,1093200,4
site,6144,2048,512,7,1670326,0.4148,4,4,4027216,2
site,6144,2048,512,65,150315,0.0373,1,1,4027216,2
site,6144,2048,1024,4,242213,0.0331,0,0,7307711,4
site,6144,2048,1024,35,418468,0.0573,0,0,7307711,4
site,6144,2048,1024,64,250899,0.0343,0,0,7307711,4
site,6144,2048,1024,72,245685,0.0336,0,0,7307711,4
site,6144,2048,1536,65,408271,0.0481,0,0,8480394,3
site,6144,2048,1536,78,304977,0.036,0,0,8480394,3
site,6144,2048,1536,88,279755,0.033,0,0,8480394,3
site,6144,2048,3072,6,239047,0.1717,0,0,1392367,7
site,6144,2048,3072,7,48427,0.0348,0,0,1392367,7
site,6144,2048,3072,36,58531,0.042,0,0,1392367,7
site,6144,2048,3072,48,61579,0.0442,0,0,1392367,7
site,6144,2048,3072,57,120488,0.0865,0,0,1392367,7
site,6144,2048,3072,64,60092,0.0432,0,0,1392367,7
site,6144,2048,3072,77,105844,0.076,0,0,1392367,7
site,6144,2560,2048,1,315718,0.1541,0,0,2049265,6
site,6144,2560,2048,9,431369,0.2105,0,0,2049265,6
site,6144,2560,2048,16,126548,0.0618,1,1,2049265,6
site,6144,2560,2048,24,296738,0.1448,0,0,2049265,6
site,6144,2560,2048,45,198247,0.0967,0,0,2049265,6
site,6144,2560,2048,46,125794,0.0614,0,0,2049265,6
site,6272,1536,1024,5,1856715,0.2924,9,9,6349519,2
site,6272,1536,1024,229,331885,0.0523,0,0,6349519,2
site,6272,1536,1536,65,658726,0.0945,0,0,6973440,2
site,6272,1536,1536,110,215290,0.0309,0,0,6973440,2
site,6272,1536,2048,18,222191,0.0346,0,0,6416153,4
site,6272,1536,2048,26,841712,0.1312,2,2,6416153,4
site,6272,1536,2048,64,257261,0.0401,1,1,6416153,4
site,6272,1536,2048,122,205215,0.032,0,0,6416153,4
site,6272,1536,2560,24,234401,0.0517,0,0,4537352,3
site,6272,1536,2560,103,171857,0.0379,0,0,4537352,3
site,6272,1536,2560,230,247173,0.0545,0,0,4537352,3
site,6272,1536,3072,1,35226,0.0448,0,0,786484,12
site,6272,1536,3072,5,47007,0.0598,0,0,786484,12
site,6272,1536,3072,6,25378,0.0323,0,0,786484,12
site,6272,1536,3072,8,45417,0.0577,3,3,786484,12
site,6272,1536,3072,9,23924,0.0304,0,0,786484,12
site,6272,1536,3072,12,48734,0.062,0,0,786484,12
site,6272,1536,3072,14,39510,0.0502,0,0,786484,12
site,6272,1536,3072,15,37447,0.0476,2,2,786484,12
site,6272,1536,3072,25,52903,0.0673,0,0,786484,12
site,6272,1536,3072,27,26198,0.0333,0,0,786484,12
site,6272,1536,3072,30,26254,0.0334,0,0,786484,12
site,6272,1536,3072,39,58001,0.0737,0,0,786484,12
site,6272,2048,512,5,1510172,0.3587,5,5,4210219,1
site,6272,2048,1024,10,549832,0.0776,0,0,7082636,4
site,6272,2048,1024,19,401129,0.0566,0,0,7082636,4
site,6272,2048,1024,115,229481,0.0324,0,0,7082636,4
site,6272,2048,1024,127,331690,0.0468,0,0,7082636,4
site,6272,2048,1536,2,324418,0.0389,0,0,8329558,8
site,6272,2048,1536,43,266599,0.032,0,0,8329558,8
site,6272,2048,1536,44,489938,0.0588,0,0,8329558,8
site,6272,2048,1536,61,323775,0.0389,0,0,8329558,8
site,6272,2048,1536,77,329362,0.0395,0,0,8329558,8
site,6272,2048,1536,90,651920,0.0783,0,0,8329558,8
site,6272,2048,1536,91,331240,0.0398,0,0,8329558,8
site,6272,2048,1536,102,322758,0.0387,0,0,8329558,8
site,6272,2048,2048,4,288321,0.0343,1,1,8412706,7
site,6272,2048,2048,16,404229,0.048,0,0,8412706,7
site,6272,2048,2048,33,648049,0.077,0,0,8412706,7
site,6272,2048,2048,58,370943,0.0441,0,0,8412706,7
site,6272,2048,2048,110,253097,0.0301,0,0,8412706,7
site,6272,2048,2048,139,640689,0.0762,0,0,8412706,7
site,6272,2048,2048,169,355134,0.0422,0,0,8412706,7
site,6272,2048,2560,6,229890,0.0363,0,0,6326869,3
site,6272,2048,2560,94,403547,0.0638,0,0,6326869,3
site,6272,2048,2560,145,227897,0.036,0,0,6326869,3
site,6272,2048,3072,2,219037,0.195,2,2,1123222,13
site,6272,2048,3072,3,57698,0.0514,0,0,1123222,13
site,6272,2048,3072,4,66275,0.059,0,0,1123222,13
site,6272,2048,3072,6,67995,0.0605,0,0,1123222,13
site,6272,2048,3072,8,50892,0.0453,0,0,1123222,13
site,6272,2048,3072,9,38159,0.034,0,0,1123222,13
site,6272,2048,3072,11,54674,0.0487,0,0,1123222,13
site,6272,2048,3072,13,65558,0.0584,0,0,1123222,13
site,6272,2048,3072,15,79166,0.0705,0,0,1123222,13
site,6272,2048,3072,16,36215,0.0322,0,0,1123222,13
site,6272,2048,3072,17,116588,0.1038,0,0,1123222,13
site,6272,2048,3072,21,55751,0.0496,0,0,1123222,13
site,6272,2048,3072,22,55546,0.0495,0,0,1123222,13
site,6272,2560,1536,4,41779,0.0309,0,0,1353409,9
site,6272,2560,1536,5,230463,0.1703,0,0,1353409,9
site,6272,2560,1536,8,109759,0.0811,0,0,1353409,9
site,6272,2560,1536,9,209049,0.1545,0,0,1353409,9
site,6272,2560,1536,10,139835,0.1033,0,0,1353409,9
site,6272,2560,1536,11,116375,0.086,0,0,1353409,9
site,6272,2560,1536,12,51697,0.0382,0,0,1353409,9
site,6272,2560,1536,15,74308,0.0549,0,0,1353409,9
site,6272,2560,1536,19,46357,0.0343,0,0,1353409,9
site,6272,2560,2048,3,109306,0.0514,0,0,2126044,13
site,6272,2560,2048,9,75171,0.0354,1,1,2126044,13
site,6272,2560,2048,20,109979,0.0517,0,0,2126044,13
site,6272,2560,2048,24,213093,0.1002,0,0,2126044,13
site,6272,2560,2048,26,100558,0.0473,0,0,2126044,13
site,6272,2560,2048,27,97697,0.046,0,0,2126044,13
site,6272,2560,2048,31,104994,0.0494,0,0,2126044,13
site,6272,2560,2048,32,81417,0.0383,0,0,2126044,13
site,6272,2560,2048,35,71839,0.0338,0,0,2126044,13
site,6272,2560,2048,46,119646,0.0563,0,0,2126044,13
site,6272,2560,2048,49,79752,0.0375,0,0,2126044,13
site,6272,2560,2048,52,289528,0.1362,0,0,2126044,13
site,6272,2560,2048,53,182731,0.0859,1,1,2126044,13
site,6400,1536,1024,25,291404,0.0628,0,0,4640924,5
site,6400,1536,1024,29,196892,0.0424,0,0,4640924,5
site,6400,1536,1024,30,158526,0.0342,0,0,4640924,5
site,6400,1536,1024,41,462983,0.0998,0,0,4640924,5
site,6400,1536,1024,52,352087,0.0759,0,0,4640924,5
site,6400,1536,1536,42,206504,0.0307,0,0,6723210,3
site,6400,1536,1536,71,312726,0.0465,0,0,6723210,3
site,6400,1536,1536,116,412426,0.0613,0,0,6723210,3
site,6400,1536,2048,77,242491,0.0394,0,0,6161230,2
site,6400,1536,2048,103,185658,0.0301,0,0,6161230,2
site,6400,1536,2560,141,154016,0.0369,1,1,4170350,2
site,6400,1536,2560,230,154598,0.0371,0,0,4170350,2
site,6400,1536,3072,1,37625,0.061,0,0,617287,10
site,6400,1536,3072,2,74837,0.1212,0,0,617287,10
site,6400,1536,3072,5,54573,0.0884,0,0,617287,10
site,6400,1536,3072,15,45406,0.0736,0,0,617287,10
site,6400,1536,3072,20,68930,0.1117,0,0,617287,10
site,6400,1536,3072,24,46136,0.0747,0,0,617287,10
site,6400,1536,3072,27,31825,0.0516,0,0,617287,10
site,6400,1536,3072,29,30798,0.0499,0,0,617287,10
site,6400,1536,3072,31,39354,0.0638,0,0,617287,10
site,6400,1536,3072,33,24112,0.0391,0,0,617287,10
site,6400,2048,512,10,1604732,0.3939,5,5,4074113,1
site,6400,2048,1024,41,351542,0.0466,1,1,7540914,5
site,6400,2048,1024,53,243631,0.0323,0,0,7540914,5
site,6400,2048,1024,57,356598,0.0473,0,0,7540914,5
site,6400,2048,1024,69,273873,0.0363,0,0,7540914,5
site,6400,2048,1024,90,246638,0.0327,0,0,7540914,5
site,6400,2048,1536,21,1195967,0.144,0,0,8305987,5
site,6400,2048,1536,48,354914,0.0427,0,0,8305987,5
site,6400,2048,1536,82,356058,0.0429,0,0,8305987,5
site,6400,2048,1536,86,494281,0.0595,0,0,8305987,5
site,6400,2048,1536,91,251676,0.0303,0,0,8305987,5
site,6400,2048,2048,29,260409,0.0325,0,0,8013705,9
site,6400,2048,2048,38,402399,0.0502,0,0,8013705,9
site,6400,2048,2048,43,356724,0.0445,0,0,8013705,9
site,6400,2048,2048,65,254481,0.0318,0,0,8013705,9
site,6400,2048,2048,79,323521,0.0404,0,0,8013705,9
site,6400,2048,2048,82,453345,0.0566,0,0,8013705,9
site,6400,2048,2048,89,256015,0.0319,0,0,8013705,9
site,6400,2048,2048,103,314122,0.0392,0,0,8013705,9
site,6400,2048,2048,122,301499,0.0376,0,0,8013705,9
site,6400,2048,2560,85,268513,0.0387,0,0,6937754,2
site,6400,2048,2560,86,232174,0.0335,0,0,6937754,2
site,6400,2048,3072,3,40436,0.0347,0,0,1163902,8
site,6400,2048,3072,5,81829,0.0703,0,0,1163902,8
site,6400,2048,3072,10,82631,0.071,0,0,1163902,8
site,6400,2048,3072,15,39142,0.0336,0,0,1163902,8
site,6400,2048,3072,21,105734,0.0908,0,0,1163902,8
site,6400,2048,3072,23,48930,0.042,0,0,1163902,8
site,6400,2048,3072,38,73613,0.0632,0,0,1163902,8
site,6400,2048,3072,40,112699,0.0968,0,0,1163902,8
site,6400,2560,2048,2,113849,0.0477,0,0,2385758,11
site,6400,2560,2048,9,155927,0.0654,0,0,2385758,11
site,6400,2560,2048,10,132299,0.0555,0,0,2385758,11
site,6400,2560,2048,17,90071,0.0378,0,0,2385758,11
site,6400,2560,2048,23,90255,0.0378,0,0,2385758,11
site,6400,2560,2048,29,93967,0.0394,0,0,2385758,11
site,6400,2560,2048,37,149208,0.0625,0,0,2385758,11
site,6400,2560,2048,41,147396,0.0618,0,0,2385758,11
site,6400,2560,2048,48,148924,0.0624,0,0,2385758,11
site,6400,2560,2048,52,101349,0.0425,0,0,2385758,11
site,6400,2560,2048,59,89963,0.0377,0,0,2385758,11
site,6528,1536,1024,6,279164,0.0633,1,1,4407672,10
site,6528,1536,1024,20,242637,0.055,0,0,4407672,10
site,6528,1536,1024,22,358870,0.0814,1,1,4407672,10
site,6528,1536,1024,42,137375,0.0312,0,0,4407672,10
site,6528,1536,1024,44,655409,0.1487,1,1,4407672,10
site,6528,1536,1024,47,172416,0.0391,0,0,4407672,10
site,6528,1536,1024,55,151528,0.0344,1,1,4407672,10
site,6528,1536,1024,62,145750,0.0331,0,0,4407672,10
site,6528,1536,1024,77,311735,0.0707,0,0,4407672,10
site,6528,1536,1024,119,152711,0.0346,0,0,4407672,10
site,6528,1536,1536,3,208016,0.0321,0,0,6482084,7
site,6528,1536,1536,7,248723,0.0384,0,0,6482084,7
site,6528,1536,1536,8,261230,0.0403,0,0,6482084,7
site,6528,1536,1536,41,494655,0.0763,0,0,6482084,7
site,6528,1536,1536,43,289802,0.0447,0,0,6482084,7
site,6528,1536,1536,44,394440,0.0609,0,0,6482084,7
site,6528,1536,1536,79,350631,0.0541,0,0,6482084,7
site,6528,1536,2048,7,332721,0.0595,0,0,5594044,3
site,6528,1536,2048,15,314397,0.0562,1,1,5594044,3
site,6528,1536,2048,38,381854,0.0683,0,0,5594044,3
site,6528,1536,2560,4,281414,0.0706,0,0,3988594,5
site,6528,1536,2560,25,131720,0.033,0,0,3988594,5
site,6528,1536,2560,76,140325,0.0352,0,0,3988594,5
site,6528,1536,2560,133,132188,0.0331,0,0,3988594,5
site,6528,1536,2560,156,157935,0.0396,0,0,3988594,5
site,6528,1536,3072,3,24077,0.0418,0,0,576107,8
site,6528,1536,3072,4,24608,0.0427,0,0,576107,8
site,6528,1536,3072,7,51414,0.0892,0,0,576107,8
site,6528,1536,3072,11,47240,0.082,1,1,576107,8
site,6528,1536,3072,13,31565,0.0548,0,0,576107,8
site,6528,1536,3072,16,23779,0.0413,0,0,576107,8
site,6528,1536,3072,19,68824,0.1195,0,0,576107,8
site,6528,1536,3072,23,27757,0.0482,0,0,576107,8
site,6528,2048,512,1,235122,0.0601,0,0,3912611,4
site,6528,2048,512,10,306096,0.0782,2,2,3912611,4
site,6528,2048,512,13,208221,0.0532,0,0,3912611,4
site,6528,2048,512,18,233117,0.0596,3,3,3912611,4
site,6528,2048,1536,9,459338,0.0553,1,1,8302611,10
site,6528,2048,1536,16,341327,0.0411,0,0,8302611,10
site,6528,2048,1536,21,414930,0.05,0,0,8302611,10
site,6528,2048,1536,25,362322,0.0436,0,0,8302611,10
site,6528,2048,1536,31,286408,0.0345,0,0,8302611,10
site,6528,2048,1536,39,292236,0.0352,0,0,8302611,10
site,6528,2048,1536,47,321763,0.0388,0,0,8302611,10
site,6528,2048,1536,51,253204,0.0305,0,0,8302611,10
site,6528,2048,1536,58,314780,0.0379,1,1,8302611,10
site,6528,2048,1536,80,323985,0.039,0,0,8302611,10
site,6528,2048,2048,15,251380,0.0301,0,0,8355969,5
site,6528,2048,2048,18,602685,0.0721,0,0,8355969,5
site,6528,2048,2048,33,476581,0.057,0,0,8355969,5
site,6528,2048,2048,53,268796,0.0322,0,0,8355969,5
site,6528,2048,2048,79,436205,0.0522,0,0,8355969,5
site,6528,2048,2560,59,251305,0.0347,0,0,7241164,3
site,6528,2048,2560,92,247755,0.0342,0,0,7241164,3
site,6528,2048,2560,123,218670,0.0302,0,0,7241164,3
site,6528,2048,3072,3,53685,0.0449,0,0,1196598,6
site,6528,2048,3072,9,54396,0.0455,0,0,1196598,6
site,6528,2048,3072,36,56324,0.0471,0,0,1196598,6
site,6528,2048,3072,44,89306,0.0746,0,0,1196598,6
site,6528,2048,3072,47,117262,0.098,0,0,1196598,6
site,6528,2048,3072,68,80441,0.0672,0,0,1196598,6
site,6656,1536,1024,10,452321,0.0855,3,3,5288203,5
site,6656,1536,1024,11,497901,0.0942,3,2,5288203,5
site,6656,1536,1024,24,737267,0.1394,1,1,5288203,5
site,6656,1536,1024,25,159132,0.0301,0,0,5288203,5
site,6656,1536,1024,147,162068,0.0306,0,0,5288203,5
site,6656,1536,1536,46,245979,0.0346,0,0,7118211,6
site,6656,1536,1536,63,218000,0.0306,0,0,7118211,6
site,6656,1536,1536,69,238218,0.0335,0,0,7118211,6
site,6656,1536,1536,107,300166,0.0422,1,1,7118211,6
site,6656,1536,1536,115,345775,0.0486,2,2,7118211,6
site,6656,1536,1536,160,222040,0.0312,0,0,7118211,6
site,6656,1536,2048,106,238242,0.0437,0,0,5449487,3
site,6656,1536,2048,116,166015,0.0305,1,1,5449487,3
site,6656,1536,2048,155,246236,0.0452,0,0,5449487,3
site,6656,1536,2560,5,142713,0.0334,0,0,4272121,1
site,6656,2048,512,1,907597,0.2507,10,6,3619727,2
site,6656,2048,512,11,232058,0.0641,0,0,3619727,2
site,6656,2048,1024,86,464568,0.0555,0,0,8371220,1
site,6656,2048,1536,24,333243,0.0398,0,0,8381628,6
site,6656,2048,1536,36,298737,0.0356,0,0,8381628,6
site,6656,2048,1536,41,294358,0.0351,0,0,8381628,6
site,6656,2048,1536,49,367193,0.0438,0,0,8381628,6
site,6656,2048,1536,87,331871,0.0396,0,0,8381628,6
site,6656,2048,1536,93,412868,0.0493,0,0,8381628,6
site,6656,2048,2048,19,360066,0.0424,0,0,8485110,4
site,6656,2048,2048,50,288465,0.034,0,0,8485110,4
site,6656,2048,2048,59,298581,0.0352,0,0,8485110,4
site,6656,2048,2048,78,271005,0.0319,0,0,8485110,4
site,6656,2048,2560,92,480575,0.0663,0,0,7253586,3
site,6656,2048,2560,214,301108,0.0415,0,0,7253586,3
site,6656,2048,2560,244,268687,0.037,0,0,7253586,3
site,6656,2048,3072,5,200090,0.1449,2,2,1380829,7
site,6656,2048,3072,8,84386,0.0611,0,0,1380829,7
site,6656,2048,3072,10,41820,0.0303,0,0,1380829,7
site,6656,2048,3072,31,48675,0.0353,0,0,1380829,7
site,6656,2048,3072,37,98817,0.0716,3,3,1380829,7
site,6656,2048,3072,43,65422,0.0474,0,0,1380829,7
site,6656,2048,3072,70,50302,0.0364,0,0,1380829,7
site,6656,2560,1024,8,47618,0.0814,0,0,585168,8
site,6656,2560,1024,9,38940,0.0665,0,0,585168,8
site,6656,2560,1024,13,48116,0.0822,0,0,585168,8
site,6656,2560,1024,14,54548,0.0932,0,0,585168,8
site,6656,2560,1024,17,26299,0.0449,0,0,585168,8
site,6656,2560,1024,21,18126,0.031,0,0,585168,8
site,6656,2560,1024,28,22941,0.0392,0,0,585168,8
site,6656,2560,1024,34,31837,0.0544,0,0,585168,8
site,6784,1536,512,2,27984,0.0537,0,0,521278,11
site,6784,1536,512,8,17918,0.0344,1,1,521278,11
site,6784,1536,512,9,16252,0.0312,2,1,521278,11
site,6784,1536,512,12,15646,0.03,0,0,521278,11
site,6784,1536,512,16,35990,0.069,0,0,521278,11
site,6784,1536,512,19,37466,0.0719,0,0,521278,11
site,6784,1536,512,21,93039,0.1785,0,0,521278,11
site,6784,1536,512,22,18004,0.0345,0,0,521278,11
site,6784,1536,512,24,20160,0.0387,0,0,521278,11
site,6784,1536,512,25,63914,0.1226,0,0,521278,11
site,6784,1536,512,26,60422,0.1159,0,0,521278,11
site,6784,1536,1024,176,207089,0.0336,4,1,6154895,2
site,6784,1536,1024,181,323401,0.0525,3,0,6154895,2
site,6784,1536,1536,100,349184,0.0465,0,0,7514414,2
site,6784,1536,1536,110,311855,0.0415,0,0,7514414,2
site,6784,1536,2048,20,195398,0.0344,0,0,5680680,6
site,6784,1536,2048,28,178499,0.0314,1,1,5680680,6
site,6784,1536,2048,43,283602,0.0499,0,0,5680680,6
site,6784,1536,2048,61,502956,0.0885,1,1,5680680,6
site,6784,1536,2048,144,177485,0.0312,2,2,5680680,6
site,6784,1536,2048,180,249701,0.044,1,1,5680680,6
site,6784,1536,2560,24,291316,0.0664,0,0,4384520,3
site,6784,1536,2560,58,142175,0.0324,0,0,4384520,3
site,6784,1536,2560,59,231356,0.0528,0,0,4384520,3
site,6784,1536,3072,1,50076,0.0518,0,0,967027,7
site,6784,1536,3072,30,35795,0.037,0,0,967027,7
site,6784,1536,3072,33,40528,0.0419,0,0,967027,7
site,6784,1536,3072,35,63503,0.0657,1,1,967027,7
site,6784,1536,3072,47,132318,0.1368,1,1,967027,7
site,6784,1536,3072,58,57095,0.059,0,0,967027,7
site,6784,1536,3072,81,39182,0.0405,0,0,967027,7
site,6784,2048,512,5,1215203,0.3637,16,5,3340978,3
site,6784,2048,512,124,138467,0.0414,2,1,3340978,3
site,6784,2048,512,171,114605,0.0343,2,0,3340978,3
site,6784,2048,1024,2,852921,0.0929,15,0,9181500,2
site,6784,2048,1024,263,298964,0.0326,1,1,9181500,2
site,6784,2048,1536,74,325689,0.0382,0,0,8531147,2
site,6784,2048,1536,143,258023,0.0302,0,0,8531147,2
site,6784,2048,2048,94,292239,0.0345,0,0,8479709,3
site,6784,2048,2048,106,628961,0.0742,0,0,8479709,3
site,6784,2048,2048,197,306854,0.0362,0,0,8479709,3
site,6784,2048,2560,90,233492,0.0317,0,0,7364442,1
site,6784,2048,3072,8,56538,0.0536,1,1,1055438,9
site,6784,2048,3072,9,32047,0.0304,0,0,1055438,9
site,6784,2048,3072,13,52836,0.0501,0,0,1055438,9
site,6784,2048,3072,16,38474,0.0365,0,0,1055438,9
site,6784,2048,3072,17,57167,0.0542,0,0,1055438,9
site,6784,2048,3072,22,123452,0.117,0,0,1055438,9
site,6784,2048,3072,35,57149,0.0541,0,0,1055438,9
site,6784,2048,3072,37,100681,0.0954,0,0,1055438,9
site,6784,2048,3072,47,44976,0.0426,0,0,1055438,9
site,6784,2560,2048,1,266923,0.1082,0,0,2465895,10
site,6784,2560,2048,2,76135,0.0309,0,0,2465895,10
site,6784,2560,2048,6,155101,0.0629,1,1,2465895,10
site,6784,2560,2048,29,140634,0.057,0,0,2465895,10
site,6784,2560,2048,33,200851,0.0815,0,0,2465895,10
site,6784,2560,2048,41,112235,0.0455,0,0,2465895,10
site,6784,2560,2048,46,310178,0.1258,0,0,2465895,10
site,6784,2560,2048,47,74005,0.03,0,0,2465895,10
site,6784,2560,2048,48,197825,0.0802,0,0,2465895,10
site,6784,2560,2048,65,130530,0.0529,0,0,2465895,10
site,6912,1536,512,4,262014,0.5504,1,0,476032,2
site,6912,1536,512,30,135515,0.2847,0,0,476032,2
site,6912,1536,1024,5,220384,0.0325,0,0,6774550,2
site,6912,1536,1024,9,3093582,0.4566,21,11,6774550,2
site,6912,1536,1536,181,427984,0.0569,0,0,7515569,1
site,6912,1536,2048,4,188151,0.0309,1,1,6094815,7
site,6912,1536,2048,6,388950,0.0638,0,0,6094815,7
site,6912,1536,2048,27,202622,0.0332,0,0,6094815,7
site,6912,1536,2048,36,187710,0.0308,0,0,6094815,7
site,6912,1536,2048,82,192830,0.0316,0,0,6094815,7
site,6912,1536,2048,122,238675,0.0392,0,0,6094815,7
site,6912,1536,2048,141,229428,0.0376,0,0,6094815,7
site,6912,1536,2560,65,174575,0.0393,0,0,4446453,1
site,6912,1536,3072,8,63950,0.0483,0,0,1324348,7
site,6912,1536,3072,10,44457,0.0336,0,0,1324348,7
site,6912,1536,3072,14,64031,0.0483,0,0,1324348,7
site,6912,1536,3072,22,49051,0.037,0,0,1324348,7
site,6912,1536,3072,31,52986,0.04,0,0,1324348,7
site,6912,1536,3072,39,95238,0.0719,0,0,1324348,7
site,6912,1536,3072,42,46601,0.0352,0,0,1324348,7
site,6912,2048,512,2,947734,0.2869,6,1,3303513,5
site,6912,2048,512,23,139992,0.0424,0,0,3303513,5
site,6912,2048,512,37,113543,0.0344,0,0,3303513,5
site,6912,2048,512,53,132935,0.0402,0,0,3303513,5
site,6912,2048,512,123,146176,0.0442,0,0,3303513,5
site,6912,2048,2048,10,574001,0.0714,0,0,8034799,8
site,6912,2048,2048,28,259698,0.0323,0,0,8034799,8
site,6912,2048,2048,38,352462,0.0439,0,0,8034799,8
site,6912,2048,2048,56,293592,0.0365,0,0,8034799,8
site,6912,2048,2048,63,298873,0.0372,0,0,8034799,8
site,6912,2048,2048,86,241553,0.0301,0,0,8034799,8
site,6912,2048,2048,160,301945,0.0376,0,0,8034799,8
site,6912,2048,2048,164,469056,0.0584,0,0,8034799,8
site,6912,2048,2560,136,453770,0.0608,2,2,7459119,3
site,6912,2048,2560,151,228890,0.0307,0,0,7459119,3
site,6912,2048,2560,237,314889,0.0422,0,0,7459119,3
site,6912,2048,3072,3,68358,0.0548,1,1,1248446,10
site,6912,2048,3072,7,47237,0.0378,0,0,1248446,10
site,6912,2048,3072,12,98456,0.0789,0,0,1248446,10
site,6912,2048,3072,13,87271,0.0699,0,0,1248446,10
site,6912,2048,3072,30,38057,0.0305,0,0,1248446,10
site,6912,2048,3072,37,51009,0.0409,0,0,1248446,10
site,6912,2048,3072,42,53365,0.0427,0,0,1248446,10
site,6912,2048,3072,49,57373,0.046,0,0,1248446,10
site,6912,2048,3072,53,38759,0.031,0,0,1248446,10
site,6912,2048,3072,56,38870,0.0311,0,0,1248446,10
site,6912,2560,1536,1,63210,0.0306,0,0,2065157,11
site,6912,2560,1536,2,110005,0.0533,0,0,2065157,11
site,6912,2560,1536,3,85681,0.0415,0,0,2065157,11
site,6912,2560,1536,6,81627,0.0395,0,0,2065157,11
site,6912,2560,1536,16,160923,0.0779,0,0,2065157,11
site,6912,2560,1536,21,89257,0.0432,0,0,2065157,11
site,6912,2560,1536,24,80664,0.0391,0,0,2065157,11
site,6912,2560,1536,26,67185,0.0325,0,0,2065157,11
site,6912,2560,1536,27,217795,0.1055,0,0,2065157,11
site,6912,2560,1536,30,74688,0.0362,0,0,2065157,11
site,6912,2560,1536,36,62969,0.0305,0,0,2065157,11
site,6912,2560,2048,6,222715,0.0963,0,0,2312887,10
site,6912,2560,2048,20,156638,0.0677,0,0,2312887,10
site,6912,2560,2048,23,349394,0.1511,0,0,2312887,10
site,6912,2560,2048,26,129670,0.0561,0,0,2312887,10
site,6912,2560,2048,49,109872,0.0475,0,0,2312887,10
site,6912,2560,2048,62,274145,0.1185,0,0,2312887,10
site,6912,2560,2048,67,135952,0.0588,0,0,2312887,10
site,6912,2560,2048,69,118395,0.0512,0,0,2312887,10
site,6912,2560,2048,74,93643,0.0405,0,0,2312887,10
site,6912,2560,2048,75,83893,0.0363,0,0,2312887,10
site,7040,1536,512,2,400644,0.3737,2,2,1071990,4
site,7040,1536,512,42,60334,0.0563,0,0,1071990,4
site,7040,1536,512,64,64924,0.0606,0,0,1071990,4
site,7040,1536,512,70,37868,0.0353,0,0,1071990,4
site,7040,1536,1024,2,465642,0.0645,5,3,7223410,2
site,7040,1536,1024,19,2907306,0.4025,27,7,7223410,2
site,7040,1536,1536,3,1420264,0.1724,6,6,8240281,1
site,7040,1536,2048,10,263153,0.0425,0,0,6188912,5
site,7040,1536,2048,25,211474,0.0342,0,0,6188912,5
site,7040,1536,2048,44,189156,0.0306,0,0,6188912,5
site,7040,1536,2048,80,232012,0.0375,0,0,6188912,5
site,7040,1536,2048,81,296831,0.048,0,0,6188912,5
site,7040,1536,2560,16,329940,0.0687,0,0,4804329,2
site,7040,1536,2560,51,308039,0.0641,4,4,4804329,2
site,7040,1536,3072,10,92807,0.038,0,0,2440021,10
site,7040,1536,3072,11,161812,0.0663,0,0,2440021,10
site,7040,1536,3072,19,125065,0.0513,0,0,2440021,10
site,7040,1536,3072,26,83038,0.034,0,0,2440021,10
site,7040,1536,3072,39,79191,0.0325,0,0,2440021,10
site,7040,1536,3072,46,94098,0.0386,0,0,2440021,10
site,7040,1536,3072,52,74099,0.0304,1,1,2440021,10
site,7040,1536,3072,58,108682,0.0445,0,0,2440021,10
site,7040,1536,3072,86,101617,0.0416,0,0,2440021,10
site,7040,1536,3072,95,99264,0.0407,0,0,2440021,10
site,7040,2048,512,1,2019147,0.4312,11,11,4682607,3
site,7040,2048,512,20,253841,0.0542,1,1,4682607,3
site,7040,2048,512,24,172164,0.0368,0,0,4682607,3
site,7040,2048,1024,407,339760,0.0377,0,0,9015813,1
site,7040,2048,1536,10,570013,0.0657,0,0,8669993,6
site,7040,2048,1536,11,403258,0.0465,0,0,8669993,6
site,7040,2048,1536,14,311524,0.0359,0,0,8669993,6
site,7040,2048,1536,38,362577,0.0418,0,0,8669993,6
site,7040,2048,1536,96,277842,0.032,0,0,8669993,6
site,7040,2048,1536,184,264533,0.0305,0,0,8669993,6
site,7040,2048,2048,10,273628,0.0329,0,0,8308979,8
site,7040,2048,2048,13,691284,0.0832,0,0,8308979,8
site,7040,2048,2048,24,266601,0.0321,0,0,8308979,8
site,7040,2048,2048,36,287303,0.0346,0,0,8308979,8
site,7040,2048,2048,38,250768,0.0302,0,0,8308979,8
site,7040,2048,2048,41,273771,0.0329,0,0,8308979,8
site,7040,2048,2048,45,568435,0.0684,0,0,8308979,8
site,7040,2048,2048,96,313045,0.0377,2,2,8308979,8
site,7040,2048,2560,43,304634,0.0422,1,1,7214494,1
site,7040,2048,3072,9,90212,0.0681,1,1,1323865,7
site,7040,2048,3072,21,72585,0.0548,0,0,1323865,7
site,7040,2048,3072,36,88024,0.0665,0,0,1323865,7
site,7040,2048,3072,43,186174,0.1406,2,2,1323865,7
site,7040,2048,3072,50,63866,0.0482,0,0,1323865,7
site,7040,2048,3072,58,45618,0.0345,0,0,1323865,7
site,7040,2048,3072,62,60214,0.0455,0,0,1323865,7
site,7168,1536,1024,16,328211,0.0487,0,0,6742035,4
site,7168,1536,1024,20,294880,0.0437,1,1,6742035,4
site,7168,1536,1024,47,233285,0.0346,1,1,6742035,4
site,7168,1536,1024,133,385808,0.0572,0,0,6742035,4
site,7168,1536,1536,61,374883,0.0461,1,0,8126047,3
site,7168,1536,1536,75,260433,0.032,2,1,8126047,3
site,7168,1536,1536,82,416428,0.0512,0,0,8126047,3
site,7168,1536,2048,18,322742,0.0483,2,2,6682912,3
site,7168,1536,2048,23,208639,0.0312,0,0,6682912,3
site,7168,1536,2048,171,347083,0.0519,0,0,6682912,3
site,7168,1536,2560,20,642740,0.1256,0,0,5118820,4
site,7168,1536,2560,34,387937,0.0758,0,0,5118820,4
site,7168,1536,2560,43,283003,0.0553,0,0,5118820,4
site,7168,1536,2560,79,264404,0.0517,0,0,5118820,4
site,7168,1536,3072,1,294783,0.1085,0,0,2717276,11
site,7168,1536,3072,2,112764,0.0415,0,0,2717276,11
site,7168,1536,3072,3,86442,0.0318,1,1,2717276,11
site,7168,1536,3072,17,113175,0.0417,1,1,2717276,11
site,7168,1536,3072,22,83258,0.0306,0,0,2717276,11
site,7168,1536,3072,28,121125,0.0446,0,0,2717276,11
site,7168,1536,3072,40,102938,0.0379,0,0,2717276,11
site,7168,1536,3072,49,111858,0.0412,0,0,2717276,11
site,7168,1536,3072,53,205698,0.0757,0,0,2717276,11
site,7168,1536,3072,60,138759,0.0511,0,0,2717276,11
site,7168,1536,3072,75,119081,0.0438,0,0,2717276,11
site,7168,2048,512,7,293516,0.0634,0,0,4628457,4
site,7168,2048,512,13,974891,0.2106,1,1,4628457,4
site,7168,2048,512,33,144837,0.0313,0,0,4628457,4
site,7168,2048,512,43,146503,0.0317,0,0,4628457,4
site,7168,2048,1024,5,636247,0.0732,5,5,8688459,2
site,7168,2048,1024,174,318191,0.0366,1,1,8688459,2
site,7168,2048,1536,60,377612,0.0436,0,0,8657603,2
site,7168,2048,1536,161,430580,0.0497,1,0,8657603,2
site,7168,2048,2560,22,220003,0.0335,0,0,6559448,2
site,7168,2048,2560,163,201914,0.0308,0,0,6559448,2
site,7168,2048,3072,8,103317,0.0701,0,0,1474377,7
site,7168,2048,3072,20,46910,0.0318,0,0,1474377,7
site,7168,2048,3072,21,165982,0.1126,0,0,1474377,7
site,7168,2048,3072,55,52605,0.0357,0,0,1474377,7
site,7168,2048,3072,57,53989,0.0366,0,0,1474377,7
site,7168,2048,3072,70,76839,0.0521,0,0,1474377,7
site,7168,2048,3072,77,58417,0.0396,0,0,1474377,7
site,7168,2560,512,2,25753,0.0352,0,0,731879,11
site,7168,2560,512,3,26213,0.0358,0,0,731879,11
site,7168,2560,512,4,158783,0.217,1,1,731879,11
site,7168,2560,512,10,22229,0.0304,0,0,731879,11
site,7168,2560,512,13,62682,0.0856,0,0,731879,11
site,7168,2560,512,16,31557,0.0431,0,0,731879,11
site,7168,2560,512,24,29417,0.0402,0,0,731879,11
site,7168,2560,512,25,26215,0.0358,0,0,731879,11
site,7168,2560,512,26,31515,0.0431,0,0,731879,11
site,7168,2560,512,29,31311,0.0428,0,0,731879,11
site,7168,2560,512,43,26869,0.0367,0,0,731879,11
site,7168,2560,2048,6,66727,0.0355,0,0,1881821,9
site,7168,2560,2048,8,86768,0.0461,0,0,1881821,9
site,7168,2560,2048,19,257827,0.137,0,0,1881821,9
site,7168,2560,2048,25,200319,0.1064,0,0,1881821,9
site,7168,2560,2048,29,123003,0.0654,0,0,1881821,9
site,7168,2560,2048,35,85755,0.0456,0,0,1881821,9
site,7168,2560,2048,39,65799,0.035,0,0,1881821,9
site,7168,2560,2048,42,80406,0.0427,0,0,1881821,9
site,7168,2560,2048,44,103129,0.0548,0,0,1881821,9
site,7168,2560,2560,1,17625,0.0763,0,0,231041,10
site,7168,2560,2560,3,32984,0.1428,0,0,231041,10
site,7168,2560,2560,5,21136,0.0915,0,0,231041,10
site,7168,2560,2560,7,9603,0.0416,1,1,231041,10
site,7168,2560,2560,9,8005,0.0346,0,0,231041,10
site,7168,2560,2560,10,11362,0.0492,0,0,231041,10
site,7168,2560,2560,11,13214,0.0572,0,0,231041,10
site,7168,2560,2560,12,9631,0.0417,0,0,231041,10
site,7168,2560,2560,13,16508,0.0715,0,0,231041,10
site,7168,2560,2560,14,10847,0.0469,0,0,231041,10
site,7296,1536,1024,62,246416,0.0368,1,1,6692040,4
site,7296,1536,1024,63,286050,0.0427,0,0,6692040,4
site,7296,1536,1024,129,298373,0.0446,0,0,6692040,4
site,7296,1536,1024,169,213871,0.032,0,0,6692040,4
site,7296,1536,1536,75,332941,0.0397,2,2,8391868,1
site,7296,1536,2048,6,282183,0.0369,1,1,7657438,3
site,7296,1536,2048,92,926232,0.121,5,5,7657438,3
site,7296,1536,2048,177,266067,0.0347,2,2,7657438,3
site,7296,1536,2560,32,580107,0.1076,0,0,5393526,2
site,7296,1536,2560,118,244771,0.0454,0,0,5393526,2
site,7296,1536,3072,3,255959,0.0866,0,0,2955837,11
site,7296,1536,3072,9,111456,0.0377,0,0,2955837,11
site,7296,1536,3072,10,91529,0.031,0,0,2955837,11
site,7296,1536,3072,13,444468,0.1504,3,3,2955837,11
site,7296,1536,3072,20,92083,0.0312,0,0,2955837,11
site,7296,1536,3072,26,193165,0.0654,0,0,2955837,11
site,7296,1536,3072,30,116221,0.0393,0,0,2955837,11
site,7296,1536,3072,52,358116,0.1212,0,0,2955837,11
site,7296,1536,3072,53,135577,0.0459,0,0,2955837,11
site,7296,1536,3072,55,105611,0.0357,0,0,2955837,11
site,7296,1536,3072,58,104323,0.0353,0,0,2955837,11
site,7296,2048,512,6,540888,0.1312,4,4,4121373,5
site,7296,2048,512,13,169294,0.0411,0,0,4121373,5
site,7296,2048,512,40,136590,0.0331,0,0,4121373,5
site,7296,2048,512,81,126407,0.0307,0,0,4121373,5
site,7296,2048,512,138,163125,0.0396,0,0,4121373,5
site,7296,2048,1024,11,239218,0.0301,1,0,7945630,2
site,7296,2048,1024,25,1436525,0.1808,17,4,7945630,2
site,7296,2048,1536,15,563359,0.0607,7,0,9287637,3
site,7296,2048,1536,50,369610,0.0398,5,1,9287637,3
site,7296,2048,1536,458,297478,0.032,4,0,9287637,3
site,7296,2048,2560,11,182645,0.031,0,0,5900399,7
site,7296,2048,2560,31,184909,0.0313,0,0,5900399,7
site,7296,2048,2560,36,190445,0.0323,0,0,5900399,7
site,7296,2048,2560,71,213005,0.0361,0,0,5900399,7
site,7296,2048,2560,82,192387,0.0326,0,0,5900399,7
site,7296,2048,2560,90,305752,0.0518,0,0,5900399,7
site,7296,2048,2560,93,185707,0.0315,0,0,5900399,7
site,7296,2560,1536,7,26894,0.0329,0,0,818360,9
site,7296,2560,1536,21,109181,0.1334,0,0,818360,9
site,7296,2560,1536,34,65399,0.0799,0,0,818360,9
site,7296,2560,1536,39,29583,0.0361,0,0,818360,9
site,7296,2560,1536,43,33102,0.0404,0,0,818360,9
site,7296,2560,1536,49,35909,0.0439,0,0,818360,9
site,7296,2560,1536,56,33110,0.0405,0,0,818360,9
site,7296,2560,1536,63,83091,0.1015,0,0,818360,9
site,7296,2560,1536,64,46836,0.0572,0,0,818360,9
site,7424,1536,1024,17,411493,0.0581,0,0,7082156,5
site,7424,1536,1024,58,336684,0.0475,0,0,7082156,5
site,7424,1536,1024,62,311573,0.044,0,0,7082156,5
site,7424,1536,1024,98,289315,0.0409,0,0,7082156,5
site,7424,1536,1024,139,328241,0.0463,0,0,7082156,5
site,7424,1536,1536,27,390675,0.0475,0,0,8221831,4
site,7424,1536,1536,31,408437,0.0497,0,0,8221831,4
site,7424,1536,1536,40,268622,0.0327,0,0,8221831,4
site,7424,1536,1536,45,436478,0.0531,0,0,8221831,4
site,7424,1536,2048,65,1008504,0.1318,3,3,7651253,4
site,7424,1536,2048,108,280746,0.0367,0,0,7651253,4
site,7424,1536,2048,126,258033,0.0337,0,0,7651253,4
site,7424,1536,2048,205,270077,0.0353,0,0,7651253,4
site,7424,1536,2560,76,308489,0.0508,0,0,6066981,3
site,7424,1536,2560,89,222016,0.0366,0,0,6066981,3
site,7424,1536,2560,125,226844,0.0374,0,0,6066981,3
site,7424,1536,3072,5,755888,0.2487,3,3,3038808,6
site,7424,1536,3072,11,364861,0.1201,0,0,3038808,6
site,7424,1536,3072,27,141657,0.0466,0,0,3038808,6
site,7424,1536,3072,36,157653,0.0519,1,1,3038808,6
site,7424,1536,3072,50,211497,0.0696,0,0,3038808,6
site,7424,1536,3072,56,194559,0.064,0,0,3038808,6
site,7424,2048,512,4,184561,0.0431,2,2,4282088,7
site,7424,2048,512,42,215319,0.0503,0,0,4282088,7
site,7424,2048,512,65,163974,0.0383,0,0,4282088,7
site,7424,2048,512,103,173402,0.0405,0,0,4282088,7
site,7424,2048,512,114,214553,0.0501,0,0,4282088,7
site,7424,2048,512,133,142095,0.0332,0,0,4282088,7
site,7424,2048,512,146,129552,0.0303,0,0,4282088,7
site,7424,2048,1024,13,253527,0.0361,1,1,7026329,5
site,7424,2048,1024,31,557547,0.0794,6,6,7026329,5
site,7424,2048,1024,44,298904,0.0425,1,1,7026329,5
site,7424,2048,1024,244,215220,0.0306,0,0,7026329,5
site,7424,2048,1024,257,235124,0.0335,0,0,7026329,5
site,7424,2048,1536,135,251573,0.0319,0,0,7883795,2
site,7424,2048,1536,200,271334,0.0344,0,0,7883795,2
site,7424,2048,2560,54,191947,0.0358,0,0,5361237,6
site,7424,2048,2560,57,171451,0.032,0,0,5361237,6
site,7424,2048,2560,66,316325,0.059,0,0,5361237,6
site,7424,2048,2560,71,344834,0.0643,0,0,5361237,6
site,7424,2048,2560,98,218711,0.0408,0,0,5361237,6
site,7424,2048,2560,116,177685,0.0331,0,0,5361237,6
site,7552,1536,1024,74,235664,0.0329,1,1,7156899,4
site,7552,1536,1024,94,382821,0.0535,2,2,7156899,4
site,7552,1536,1024,115,218421,0.0305,1,1,7156899,4
site,7552,1536,1024,142,222146,0.031,0,0,7156899,4
site,7552,1536,1536,45,420248,0.0508,0,0,8265100,2
site,7552,1536,1536,62,475477,0.0575,0,0,8265100,2
site,7552,1536,2048,5,449721,0.0589,0,0,7633786,1
site,7552,2048,512,34,277023,0.056,0,0,4948461,2
site,7552,2048,512,163,164393,0.0332,0,0,4948461,2
site,7552,2048,1024,10,351544,0.062,0,0,5673988,2
site,7552,2048,1024,78,497186,0.0876,0,0,5673988,2
site,7552,2048,1536,17,236710,0.0332,0,0,7127132,4
site,7552,2048,1536,46,493881,0.0693,1,1,7127132,4
site,7552,2048,1536,88,402619,0.0565,1,1,7127132,4
site,7552,2048,1536,104,266297,0.0374,0,0,7127132,4
site,7552,2048,2048,14,237307,0.0308,0,0,7710736,7
site,7552,2048,2048,26,648135,0.0841,0,0,7710736,7
site,7552,2048,2048,56,269273,0.0349,0,0,7710736,7
site,7552,2048,2048,85,490645,0.0636,0,0,7710736,7
site,7552,2048,2048,116,271789,0.0352,0,0,7710736,7
site,7552,2048,2048,132,339088,0.044,0,0,7710736,7
site,7552,2048,2048,149,286755,0.0372,0,0,7710736,7
site,7552,2048,2560,2,269060,0.0554,0,0,4856256,11
site,7552,2048,2560,6,163494,0.0337,0,0,4856256,11
site,7552,2048,2560,12,183072,0.0377,0,0,4856256,11
site,7552,2048,2560,35,228398,0.047,1,1,4856256,11
site,7552,2048,2560,38,159252,0.0328,0,0,4856256,11
site,7552,2048,2560,42,291494,0.06,0,0,4856256,11
site,7552,2048,2560,45,149119,0.0307,0,0,4856256,11
site,7552,2048,2560,48,168796,0.0348,0,0,4856256,11
site,7552,2048,2560,70,368016,0.0758,0,0,4856256,11
site,7552,2048,2560,71,265133,0.0546,0,0,4856256,11
site,7552,2048,2560,103,163744,0.0337,0,0,4856256,11
site,7680,1024,1536,1,9187,0.0438,0,0,209919,11
site,7680,1024,1536,2,10862,0.0517,0,0,209919,11
site,7680,1024,1536,3,15075,0.0718,0,0,209919,11
site,7680,1024,1536,4,8669,0.0413,0,0,209919,11
site,7680,1024,1536,6,8933,0.0426,0,0,209919,11
site,7680,1024,1536,10,6466,0.0308,0,0,209919,11
site,7680,1024,1536,11,13836,0.0659,0,0,209919,11
site,7680,1024,1536,13,27483,0.1309,0,0,209919,11
site,7680,1024,1536,14,64504,0.3073,0,0,209919,11
site,7680,1024,1536,15,6569,0.0313,1,1,209919,11
site,7680,1024,1536,16,6717,0.032,0,0,209919,11
site,7680,1536,512,4,159884,0.0555,0,0,2881171,2
site,7680,1536,512,13,661174,0.2295,2,2,2881171,2
site,7680,1536,1024,13,384004,0.0464,0,0,8283175,2
site,7680,1536,1024,340,305822,0.0369,0,0,8283175,2
site,7680,1536,1536,8,552372,0.0586,1,1,9420360,3
site,7680,1536,1536,9,445745,0.0473,1,1,9420360,3
site,7680,1536,1536,185,416800,0.0442,1,1,9420360,3
site,7680,1536,3072,11,238311,0.0717,2,2,3323360,5
site,7680,1536,3072,23,232307,0.0699,3,3,3323360,5
site,7680,1536,3072,30,115250,0.0347,0,0,3323360,5
site,7680,1536,3072,84,283863,0.0854,3,3,3323360,5
site,7680,1536,3072,109,137067,0.0412,0,0,3323360,5
site,7680,2048,512,3,849702,0.1612,2,2,5269697,3
site,7680,2048,512,54,416985,0.0791,1,1,5269697,3
site,7680,2048,512,75,240529,0.0456,1,1,5269697,3
site,7680,2048,1024,42,294658,0.0544,0,0,5418804,2
site,7680,2048,1024,162,189699,0.035,0,0,5418804,2
site,7680,2048,1536,75,381503,0.057,0,0,6696812,2
site,7680,2048,1536,159,214537,0.032,0,0,6696812,2
site,7680,2048,2048,3,305986,0.0415,0,0,7373130,8
site,7680,2048,2048,10,676286,0.0917,0,0,7373130,8
site,7680,2048,2048,13,351795,0.0477,0,0,7373130,8
site,7680,2048,2048,30,441471,0.0599,0,0,7373130,8
site,7680,2048,2048,40,1087240,0.1475,2,2,7373130,8
site,7680,2048,2048,44,294886,0.04,0,0,7373130,8
site,7680,2048,2048,76,255422,0.0346,1,1,7373130,8
site,7680,2048,2048,165,228636,0.031,1,1,7373130,8
site,7680,2048,2560,11,245303,0.0512,0,0,4794392,5
site,7680,2048,2560,12,200583,0.0418,0,0,4794392,5
site,7680,2048,2560,109,394916,0.0824,3,3,4794392,5
site,7680,2048,2560,186,144066,0.03,0,0,4794392,5
site,7680,2048,2560,205,171906,0.0359,0,0,4794392,5
site,7808,1536,512,18,198008,0.066,1,1,3000307,2
site,7808,1536,512,106,94605,0.0315,0,0,3000307,2
site,7808,1536,1024,433,303065,0.0346,0,0,8764907,1
site,7808,1536,2560,8,283888,0.0348,0,0,8157612,1
site,7808,1536,3072,30,210385,0.0613,0,0,3431127,3
site,7808,1536,3072,98,342053,0.0997,0,0,3431127,3
site,7808,1536,3072,144,155777,0.0454,2,2,3431127,3
site,7808,2048,512,10,1903243,0.2927,25,9,6502997,3
site,7808,2048,512,31,674324,0.1037,10,6,6502997,3
site,7808,2048,512,500,269493,0.0414,1,1,6502997,3
site,7808,2048,1024,1,269740,0.0448,1,0,6018893,4
site,7808,2048,1024,25,526480,0.0875,2,0,6018893,4
site,7808,2048,1024,274,185678,0.0308,1,1,6018893,4
site,7808,2048,1024,401,189779,0.0315,0,0,6018893,4
site,7808,2048,1536,34,426160,0.0648,3,3,6579992,2
site,7808,2048,1536,302,385703,0.0586,0,0,6579992,2
site,7808,2048,2048,5,253996,0.0351,0,0,7226584,5
site,7808,2048,2048,33,1213851,0.168,7,7,7226584,5
site,7808,2048,2048,38,265560,0.0367,0,0,7226584,5
site,7808,2048,2048,46,510311,0.0706,1,1,7226584,5
site,7808,2048,2048,60,313530,0.0434,0,0,7226584,5
site,7808,2048,2560,16,1049488,0.2827,1,1,3712529,1
site,7936,1024,2048,1,12052,0.0315,0,0,382898,13
site,7936,1024,2048,4,20918,0.0546,0,0,382898,13
site,7936,1024,2048,5,20699,0.0541,0,0,382898,13
site,7936,1024,2048,9,19061,0.0498,0,0,382898,13
site,7936,1024,2048,10,12322,0.0322,0,0,382898,13
site,7936,1024,2048,14,42481,0.1109,0,0,382898,13
site,7936,1024,2048,17,26673,0.0697,0,0,382898,13
site,7936,1024,2048,18,16025,0.0419,0,0,382898,13
site,7936,1024,2048,22,25988,0.0679,0,0,382898,13
site,7936,1024,2048,24,19202,0.0501,0,0,382898,13
site,7936,1024,2048,30,19913,0.052,0,0,382898,13
site,7936,1024,2048,31,16063,0.042,0,0,382898,13
site,7936,1024,2048,38,19187,0.0501,1,1,382898,13
site,7936,1536,512,11,166981,0.0444,0,0,3757486,3
site,7936,1536,512,24,143489,0.0382,0,0,3757486,3
site,7936,1536,512,122,136143,0.0362,0,0,3757486,3
site,7936,1536,2048,227,258688,0.0303,0,0,8551153,1
site,7936,1536,2560,26,367792,0.0433,0,0,8488456,1
site,7936,1536,3072,3,178134,0.049,2,2,3635261,4
site,7936,1536,3072,53,348443,0.0959,2,2,3635261,4
site,7936,1536,3072,84,114436,0.0315,0,0,3635261,4
site,7936,1536,3072,104,195783,0.0539,0,0,3635261,4
site,7936,2048,512,5,222124,0.0377,2,2,5899153,4
site,7936,2048,512,31,1688717,0.2863,21,3,5899153,4
site,7936,2048,512,34,489566,0.083,15,0,5899153,4
site,7936,2048,512,45,211208,0.0358,1,0,5899153,4
site,7936,2048,1024,23,1507457,0.2852,21,1,5284793,2
site,7936,2048,1024,47,396717,0.0751,2,1,5284793,2
site,7936,2048,1536,6,219353,0.0331,0,0,6623983,3
site,7936,2048,1536,43,293719,0.0443,2,2,6623983,3
site,7936,2048,1536,155,241493,0.0365,0,0,6623983,3
site,7936,2048,2048,4,211450,0.0378,0,0,5594576,7
site,7936,2048,2048,8,538492,0.0963,0,0,5594576,7
site,7936,2048,2048,59,350207,0.0626,0,0,5594576,7
site,7936,2048,2048,96,266349,0.0476,0,0,5594576,7
site,7936,2048,2048,111,400001,0.0715,0,0,5594576,7
site,7936,2048,2048,121,189474,0.0339,0,0,5594576,7
site,7936,2048,2048,127,189475,0.0339,0,0,5594576,7
site,7936,2048,2560,5,92613,0.0506,0,0,1831288,9
site,7936,2048,2560,6,64761,0.0354,0,0,1831288,9
site,7936,2048,2560,9,136260,0.0744,0,0,1831288,9
site,7936,2048,2560,10,84931,0.0464,0,0,1831288,9
site,7936,2048,2560,31,59654,0.0326,0,0,1831288,9
site,7936,2048,2560,45,82131,0.0448,0,0,1831288,9
site,7936,2048,2560,87,76872,0.042,0,0,1831288,9
site,7936,2048,2560,90,58235,0.0318,0,0,1831288,9
site,7936,2048,2560,102,74021,0.0404,0,0,1831288,9
site,8064,1024,2048,7,69034,0.0627,0,0,1100719,3
site,8064,1024,2048,47,96311,0.0875,0,0,1100719,3
site,8064,1024,2048,63,132470,0.1203,1,1,1100719,3
site,8064,1536,512,12,134454,0.0307,0,0,4380359,2
site,8064,1536,512,24,199377,0.0455,0,0,4380359,2
site,8064,1536,1024,29,603649,0.0681,1,1,8864080,2
site,8064,1536,1024,396,295288,0.0333,0,0,8864080,2
site,8064,1536,2048,68,436521,0.0502,0,0,8699071,1
site,8064,1536,2560,51,1549811,0.1649,5,5,9396282,1
site,8064,1536,3072,3,317222,0.0881,1,1,3601637,3
site,8064,1536,3072,7,259681,0.0721,0,0,3601637,3
site,8064,1536,3072,13,162217,0.045,0,0,3601637,3
site,8064,2048,512,5,191501,0.0387,0,0,4943905,7
site,8064,2048,512,17,174825,0.0354,1,1,4943905,7
site,8064,2048,512,39,152541,0.0309,0,0,4943905,7
site,8064,2048,512,46,682639,0.1381,0,0,4943905,7
site,8064,2048,512,51,240029,0.0486,0,0,4943905,7
site,8064,2048,512,52,192586,0.039,0,0,4943905,7
site,8064,2048,512,69,362859,0.0734,0,0,4943905,7
site,8064,2048,1024,3,238107,0.0514,0,0,4628230,4
site,8064,2048,1024,4,152181,0.0329,0,0,4628230,4
site,8064,2048,1024,129,144987,0.0313,0,0,4628230,4
site,8064,2048,1024,229,202607,0.0438,0,0,4628230,4
site,8064,2048,1536,10,493984,0.0777,0,0,6353642,2
site,8064,2048,1536,24,294952,0.0464,0,0,6353642,2
site,8064,2048,2048,146,195953,0.0405,0,0,4832538,1
site,8064,2048,2560,3,188984,0.1584,0,0,1193209,6
site,8064,2048,2560,17,60964,0.0511,0,0,1193209,6
site,8064,2048,2560,24,88798,0.0744,0,0,1193209,6
site,8064,2048,2560,26,42020,0.0352,0,0,1193209,6
site,8064,2048,2560,38,42430,0.0356,0,0,1193209,6
site,8064,2048,2560,45,68624,0.0575,0,0,1193209,6
site,8192,1024,1024,3,52514,0.0401,0,0,1310793,6
site,8192,1024,1024,5,120551,0.092,0,0,1310793,6
site,8192,1024,1024,44,76495,0.0584,0,0,1310793,6
site,8192,1024,1024,49,85447,0.0652,0,0,1310793,6
site,8192,1024,1024,53,56908,0.0434,0,0,1310793,6
site,8192,1024,1024,59,69861,0.0533,0,0,1310793,6
site,8192,1024,1536,32,81057,0.0337,0,0,2408131,4
site,8192,1024,1536,35,324552,0.1348,0,0,2408131,4
site,8192,1024,1536,70,215162,0.0893,0,0,2408131,4
site,8192,1024,1536,232,78562,0.0326,0,0,2408131,4
site,8192,1536,512,69,172423,0.0376,0,0,4582951,4
site,8192,1536,512,82,210700,0.046,0,0,4582951,4
site,8192,1536,512,136,181360,0.0396,0,0,4582951,4
site,8192,1536,512,147,170256,0.0371,0,0,4582951,4
site,8192,1536,1536,181,593055,0.0671,0,0,8833759,1
site,8192,1536,2048,22,290730,0.0328,0,0,8871354,1
site,8192,1536,2560,53,325605,0.0358,0,0,9093435,2
site,8192,1536,2560,107,854115,0.0939,3,3,9093435,2
site,8192,1536,3072,1,175568,0.0486,2,2,3615336,3
site,8192,1536,3072,5,408195,0.1129,3,3,3615336,3
site,8192,1536,3072,110,121323,0.0336,0,0,3615336,3
site,8192,2048,512,11,239962,0.0477,0,0,5029448,3
site,8192,2048,512,45,217647,0.0433,0,0,5029448,3
site,8192,2048,512,82,211422,0.042,0,0,5029448,3
site,8192,2048,1024,11,146795,0.0389,0,0,3777944,3
site,8192,2048,1024,29,250914,0.0664,0,0,3777944,3
site,8192,2048,1024,37,168846,0.0447,1,1,3777944,3
site,8192,2048,1536,102,181075,0.0353,0,0,5126565,1
site,8192,2048,2560,10,35294,0.0307,0,0,1151324,8
site,8192,2048,2560,17,38678,0.0336,0,0,1151324,8
site,8192,2048,2560,19,147646,0.1282,0,0,1151324,8
site,8192,2048,2560,21,103492,0.0899,1,1,1151324,8
site,8192,2048,2560,22,92408,0.0803,0,0,1151324,8
site,8192,2048,2560,23,36271,0.0315,0,0,1151324,8
site,8192,2048,2560,27,131639,0.1143,0,0,1151324,8
site,8192,2048,2560,36,46833,0.0407,0,0,1151324,8
site,8320,1024,1024,69,84301,0.0399,0,0,2112222,1
site,8320,1024,1536,3,73369,0.0315,0,0,2325794,4
site,8320,1024,1536,5,453123,0.1948,1,1,2325794,4
site,8320,1024,1536,72,173313,0.0745,1,1,2325794,4
site,8320,1024,1536,132,135047,0.0581,1,1,2325794,4
site,8320,1536,512,34,182759,0.0378,0,0,4829487,3
site,8320,1536,512,64,166795,0.0345,0,0,4829487,3
site,8320,1536,512,216,217704,0.0451,0,0,4829487,3
site,8320,1536,1024,59,626526,0.0761,0,0,8230084,2
site,8320,1536,1024,109,365497,0.0444,0,0,8230084,2
site,8320,1536,1536,3,1111464,0.1233,1,1,9017354,2
site,8320,1536,1536,68,274920,0.0305,0,0,9017354,2
site,8320,1536,2048,10,315043,0.0339,0,0,9295320,3
site,8320,1536,2048,48,340573,0.0366,0,0,9295320,3
site,8320,1536,2048,214,356052,0.0383,0,0,9295320,3
site,8320,1536,2560,64,722094,0.0833,4,4,8666659,1
site,8320,1536,3072,15,235997,0.0847,2,2,2786580,5
site,8320,1536,3072,76,91491,0.0328,0,0,2786580,5
site,8320,1536,3072,78,97132,0.0349,0,0,2786580,5
site,8320,1536,3072,86,203013,0.0729,2,2,2786580,5
site,8320,1536,3072,127,95499,0.0343,3,3,2786580,5
site,8320,2048,512,112,186178,0.0371,0,0,5022263,2
site,8320,2048,512,168,211331,0.0421,0,0,5022263,2
site,8320,2048,1024,5,139871,0.0501,0,0,2792132,3
site,8320,2048,1024,74,144009,0.0516,1,1,2792132,3
site,8320,2048,1024,77,134744,0.0483,0,0,2792132,3
site,8320,2048,1536,29,186894,0.0422,1,1,4430796,4
site,8320,2048,1536,75,174640,0.0394,0,0,4430796,4
site,8320,2048,1536,111,218606,0.0493,0,0,4430796,4
site,8320,2048,1536,141,144762,0.0327,0,0,4430796,4
site,8448,1024,1024,37,108172,0.0441,0,0,2451687,5
site,8448,1024,1024,44,143728,0.0586,0,0,2451687,5
site,8448,1024,1024,100,293487,0.1197,0,0,2451687,5
site,8448,1024,1024,121,185418,0.0756,0,0,2451687,5
site,8448,1024,1024,159,80769,0.0329,0,0,2451687,5
site,8448,1024,1536,5,773240,0.3811,2,2,2028744,3
site,8448,1024,1536,75,205206,0.1011,0,0,2028744,3
site,8448,1024,1536,146,125000,0.0616,0,0,2028744,3
site,8448,1536,512,24,193152,0.0385,0,0,5013195,4
site,8448,1536,512,57,733095,0.1462,2,2,5013195,4
site,8448,1536,512,79,198695,0.0396,0,0,5013195,4
site,8448,1536,512,104,173143,0.0345,0,0,5013195,4
site,8448,1536,1024,252,337550,0.0407,0,0,8299101,1
site,8448,1536,1536,17,1367934,0.1493,1,1,9160123,4
site,8448,1536,1536,52,311114,0.034,0,0,9160123,4
site,8448,1536,1536,135,335134,0.0366,0,0,9160123,4
site,8448,1536,1536,608,968358,0.1057,1,1,9160123,4
site,8448,1536,2048,147,328589,0.0338,0,0,9709871,2
site,8448,1536,2048,413,347743,0.0358,2,2,9709871,2
site,8448,1536,3072,1,72406,0.0307,0,0,2357662,6
site,8448,1536,3072,11,156794,0.0665,2,2,2357662,6
site,8448,1536,3072,22,80688,0.0342,1,1,2357662,6
site,8448,1536,3072,53,280158,0.1188,2,2,2357662,6
site,8448,1536,3072,78,94267,0.04,0,0,2357662,6
site,8448,1536,3072,84,79069,0.0335,0,0,2357662,6
site,8448,2048,0,1,6546,0.0387,1,1,169133,6
site,8448,2048,0,2,7198,0.0426,1,1,169133,6
site,8448,2048,0,8,14321,0.0847,0,0,169133,6
site,8448,2048,0,12,9922,0.0587,0,0,169133,6
site,8448,2048,0,17,67044,0.3964,0,0,169133,6
site,8448,2048,0,18,23591,0.1395,1,1,169133,6
site,8448,2048,512,4,994374,0.1656,3,2,6005113,4
site,8448,2048,512,54,219198,0.0365,0,0,6005113,4
site,8448,2048,512,131,320221,0.0533,1,1,6005113,4
site,8448,2048,512,184,208925,0.0348,1,1,6005113,4
site,8448,2048,1024,5,138298,0.0439,0,0,3147888,5
site,8448,2048,1024,12,310461,0.0986,2,2,3147888,5
site,8448,2048,1024,21,151199,0.048,0,0,3147888,5
site,8448,2048,1024,98,97332,0.0309,0,0,3147888,5
site,8448,2048,1024,141,171057,0.0543,0,0,3147888,5
site,8448,2048,1536,3,147148,0.0325,0,0,4522262,6
site,8448,2048,1536,5,167253,0.037,1,1,4522262,6
site,8448,2048,1536,80,288033,0.0637,1,1,4522262,6
site,8448,2048,1536,91,212734,0.047,0,0,4522262,6
site,8448,2048,1536,132,306279,0.0677,0,0,4522262,6
site,8448,2048,1536,145,161168,0.0356,0,0,4522262,6
site,8576,1024,1024,13,96745,0.0376,0,0,2572222,6
site,8576,1024,1024,24,188479,0.0733,0,0,2572222,6
site,8576,1024,1024,82,91351,0.0355,0,0,2572222,6
site,8576,1024,1024,126,98702,0.0384,1,1,2572222,6
site,8576,1024,1024,143,77381,0.0301,0,0,2572222,6
site,8576,1024,1024,176,146037,0.0568,0,0,2572222,6
site,8576,1024,1536,5,983781,0.3266,0,0,3012396,5
site,8576,1024,1536,18,108392,0.036,0,0,3012396,5
site,8576,1024,1536,50,134766,0.0447,0,0,3012396,5
site,8576,1024,1536,69,226790,0.0753,0,0,3012396,5
site,8576,1024,1536,71,94522,0.0314,0,0,3012396,5
site,8576,1024,2048,6,778736,0.3202,1,1,2432256,3
site,8576,1024,2048,23,128845,0.053,0,0,2432256,3
site,8576,1024,2048,120,94249,0.0387,1,1,2432256,3
site,8576,1536,512,25,1220560,0.2501,8,1,4879678,2
site,8576,1536,512,49,218453,0.0448,0,0,4879678,2
site,8576,1536,1024,91,347430,0.0416,0,0,8348537,2
site,8576,1536,1024,145,250537,0.03,0,0,8348537,2
site,8576,1536,1536,1,2524345,0.2725,3,3,9263399,4
site,8576,1536,1536,32,325840,0.0352,0,0,9263399,4
site,8576,1536,1536,51,645765,0.0697,1,1,9263399,4
site,8576,1536,1536,68,354405,0.0383,0,0,9263399,4
site,8576,1536,2048,76,904222,0.0932,0,0,9705832,1
site,8576,1536,2560,87,426984,0.051,0,0,8374781,2
site,8576,1536,2560,433,344010,0.0411,0,0,8374781,2
site,8576,1536,3072,8,429969,0.2124,5,5,2024050,2
site,8576,1536,3072,85,80458,0.0398,0,0,2024050,2
site,8576,2048,0,2,372131,0.677,5,5,549699,2
site,8576,2048,0,9,31290,0.0569,0,0,549699,2
site,8576,2048,512,1,299070,0.0425,3,1,7029550,2
site,8576,2048,512,106,1120053,0.1593,6,4,7029550,2
site,8576,2048,1024,1,76887,0.0315,0,0,2437155,4
site,8576,2048,1024,2,195516,0.0802,0,0,2437155,4
site,8576,2048,1024,3,162228,0.0666,0,0,2437155,4
site,8576,2048,1024,34,86853,0.0356,1,1,2437155,4
site,8576,2048,1536,21,195376,0.0408,1,1,4787408,3
site,8576,2048,1536,61,361728,0.0756,4,4,4787408,3
site,8576,2048,1536,175,691179,0.1444,1,1,4787408,3
site,8576,2048,2048,30,131372,0.0382,0,0,3443499,2
site,8576,2048,2048,40,1419371,0.4122,1,1,3443499,2
site,8704,1024,1024,10,212633,0.0622,0,0,3416817,4
site,8704,1024,1024,20,358124,0.1048,1,1,3416817,4
site,8704,1024,1024,41,194058,0.0568,0,0,3416817,4
site,8704,1024,1024,78,102720,0.0301,0,0,3416817,4
site,8704,1024,1536,10,99221,0.0546,0,0,1817488,2
site,8704,1024,1536,15,1216588,0.6694,1,1,1817488,2
site,8704,1024,2048,8,429808,0.2736,0,0,1571118,2
site,8704,1024,2048,34,297332,0.1892,0,0,1571118,2
site,8704,1536,512,4,918037,0.1391,3,3,6598454,3
site,8704,1536,512,50,421034,0.0638,5,1,6598454,3
site,8704,1536,512,71,357650,0.0542,1,0,6598454,3
site,8704,1536,1024,2,300910,0.0342,0,0,8808058,1
site,8704,1536,1536,15,1448767,0.1639,1,1,8840106,4
site,8704,1536,1536,28,388247,0.0439,0,0,8840106,4
site,8704,1536,1536,48,859677,0.0972,0,0,8840106,4
site,8704,1536,1536,251,314255,0.0355,0,0,8840106,4
site,8704,1536,2048,51,535504,0.0567,1,1,9439160,2
site,8704,1536,2048,191,401075,0.0425,0,0,9439160,2
site,8704,1536,3072,3,83085,0.0516,0,0,1609690,9
site,8704,1536,3072,12,58037,0.0361,0,0,1609690,9
site,8704,1536,3072,38,50502,0.0314,0,0,1609690,9
site,8704,1536,3072,53,69773,0.0433,0,0,1609690,9
site,8704,1536,3072,76,58415,0.0363,0,0,1609690,9
site,8704,1536,3072,82,65112,0.0405,0,0,1609690,9
site,8704,1536,3072,87,49813,0.0309,0,0,1609690,9
site,8704,1536,3072,96,54595,0.0339,0,0,1609690,9
site,8704,1536,3072,111,48991,0.0304,0,0,1609690,9
site,8704,2048,0,4,114732,0.2515,0,0,456220,6
site,8704,2048,0,11,15061,0.033,0,0,456220,6
site,8704,2048,0,16,26805,0.0588,0,0,456220,6
site,8704,2048,0,25,18821,0.0413,0,0,456220,6
site,8704,2048,0,35,50070,0.1097,1,1,456220,6
site,8704,2048,0,45,33987,0.0745,0,0,456220,6
site,8704,2048,512,3,1102318,0.1424,6,0,7741713,2
site,8704,2048,512,53,345005,0.0446,1,1,7741713,2
site,8704,2048,1024,2,128042,0.0419,0,0,3056237,4
site,8704,2048,1024,16,670300,0.2193,1,1,3056237,4
site,8704,2048,1024,26,97754,0.032,0,0,3056237,4
site,8704,2048,1024,40,359339,0.1176,2,2,3056237,4
site,8704,2048,1536,8,329822,0.0691,0,0,4772099,3
site,8704,2048,1536,118,144017,0.0302,0,0,4772099,3
site,8704,2048,1536,236,148745,0.0312,1,1,4772099,3
site,8704,2048,2048,39,118779,0.0335,0,0,3549067,3
site,8704,2048,2048,87,110168,0.031,0,0,3549067,3
site,8704,2048,2048,129,138724,0.0391,0,0,3549067,3
site,8704,2048,2560,7,96769,0.1333,0,0,726140,11
site,8704,2048,2560,8,24549,0.0338,0,0,726140,11
site,8704,2048,2560,10,119924,0.1652,1,0,726140,11
site,8704,2048,2560,11,38200,0.0526,0,0,726140,11
site,8704,2048,2560,19,40282,0.0555,0,0,726140,11
site,8704,2048,2560,23,25634,0.0353,0,0,726140,11
site,8704,2048,2560,26,30638,0.0422,0,0,726140,11
site,8704,2048,2560,35,26512,0.0365,0,0,726140,11
site,8704,2048,2560,39,24185,0.0333,0,0,726140,11
site,8704,2048,2560,40,40471,0.0557,0,0,726140,11
site,8704,2048,2560,44,31974,0.044,0,0,726140,11
site,8832,1024,512,1,156816,0.2938,0,0,533688,5
site,8832,1024,512,8,53536,0.1003,0,0,533688,5
site,8832,1024,512,9,75902,0.1422,0,0,533688,5
site,8832,1024,512,11,29438,0.0552,0,0,533688,5
site,8832,1024,512,12,60935,0.1142,1,1,533688,5
site,8832,1024,1024,11,194044,0.0492,0,0,3940913,3
site,8832,1024,1024,20,135616,0.0344,0,0,3940913,3
site,8832,1024,1024,54,181866,0.0461,0,0,3940913,3
site,8832,1024,1536,15,113329,0.0475,0,0,2383667,2
site,8832,1024,1536,25,938080,0.3935,6,6,2383667,2
site,8832,1024,2048,73,183825,0.0799,0,0,2300068,5
site,8832,1024,2048,82,75795,0.033,0,0,2300068,5
site,8832,1024,2048,97,160960,0.07,0,0,2300068,5
site,8832,1024,2048,163,118522,0.0515,0,0,2300068,5
site,8832,1024,2048,208,314902,0.1369,1,1,2300068,5
site,8832,1536,512,2,636560,0.1017,2,2,6259087,5
site,8832,1536,512,20,283604,0.0453,2,0,6259087,5
site,8832,1536,512,60,1040272,0.1662,6,1,6259087,5
site,8832,1536,512,102,197383,0.0315,1,0,6259087,5
site,8832,1536,512,181,273234,0.0437,3,3,6259087,5
site,8832,1536,1024,61,270404,0.0321,0,0,8427602,2
site,8832,1536,1024,348,394830,0.0468,0,0,8427602,2
site,8832,1536,1536,10,1424329,0.1542,1,1,9234078,3
site,8832,1536,1536,19,464424,0.0503,1,1,9234078,3
site,8832,1536,1536,36,704638,0.0763,0,0,9234078,3
site,8832,1536,2048,8,527370,0.0567,0,0,9305362,2
site,8832,1536,2048,58,1541212,0.1656,2,2,9305362,2
site,8832,1536,2560,3,2203861,0.2545,6,5,8659116,2
site,8832,1536,2560,99,474701,0.0548,1,1,8659116,2
site,8832,1536,3072,4,215414,0.146,2,2,1475610,5
site,8832,1536,3072,13,206604,0.14,1,1,1475610,5
site,8832,1536,3072,14,44311,0.03,0,0,1475610,5
site,8832,1536,3072,40,48490,0.0329,0,0,1475610,5
site,8832,1536,3072,68,106320,0.0721,1,1,1475610,5
site,8832,2048,0,1,214821,0.5081,3,3,422783,5
site,8832,2048,0,9,13970,0.033,0,0,422783,5
site,8832,2048,0,11,15962,0.0378,0,0,422783,5
site,8832,2048,0,20,34294,0.0811,0,0,422783,5
site,8832,2048,0,23,13849,0.0328,0,0,422783,5
site,8832,2048,512,4,825344,0.1274,3,0,6478347,3
site,8832,2048,512,16,240552,0.0371,0,0,6478347,3
site,8832,2048,512,38,208551,0.0322,0,0,6478347,3
site,8832,2048,1024,3,2966044,0.5946,4,4,4987968,1
site,8832,2048,1536,13,1601405,0.3926,2,2,4078593,1
site,8832,2048,2048,12,105411,0.0326,0,0,3229877,3
site,8832,2048,2048,81,129978,0.0402,4,1,3229877,3
site,8832,2048,2048,82,272025,0.0842,1,0,3229877,3
site,8960,1024,1024,7,243734,0.0562,1,1,4334931,4
site,8960,1024,1024,30,208095,0.048,0,0,4334931,4
site,8960,1024,1024,96,216414,0.0499,0,0,4334931,4
site,8960,1024,1024,155,290989,0.0671,0,0,4334931,4
site,8960,1024,1536,28,2531094,0.5675,11,11,4460042,2
site,8960,1024,1536,29,165749,0.0372,0,0,4460042,2
site,8960,1536,512,9,212849,0.0358,0,0,5940817,2
site,8960,1536,512,42,1394961,0.2348,14,3,5940817,2
site,8960,1536,1536,2,1457933,0.1545,2,2,9437583,3
site,8960,1536,1536,31,308530,0.0327,0,0,9437583,3
site,8960,1536,1536,66,722807,0.0766,0,0,9437583,3
site,8960,1536,2048,24,540782,0.0606,0,0,8919918,1
site,8960,1536,2560,9,1723143,0.1787,2,2,9641078,3
site,8960,1536,2560,50,1767205,0.1833,4,4,9641078,3
site,8960,1536,2560,148,432621,0.0449,1,1,9641078,3
site,8960,2048,0,9,49478,0.0641,0,0,772239,7
site,8960,2048,0,15,106527,0.1379,4,4,772239,7
site,8960,2048,0,20,26819,0.0347,0,0,772239,7
site,8960,2048,0,32,24581,0.0318,0,0,772239,7
site,8960,2048,0,43,31953,0.0414,0,0,772239,7
site,8960,2048,0,57,27724,0.0359,2,1,772239,7
site,8960,2048,0,61,23489,0.0304,0,0,772239,7
site,8960,2048,512,8,258860,0.0389,2,0,6656516,4
site,8960,2048,512,25,252986,0.038,0,0,6656516,4
site,8960,2048,512,59,258863,0.0389,1,1,6656516,4
site,8960,2048,512,216,296817,0.0446,7,6,6656516,4
site,8960,2048,1024,5,804802,0.2559,2,2,3144947,2
site,8960,2048,1024,15,101761,0.0324,0,0,3144947,2
site,8960,2048,1536,84,115871,0.0371,0,0,3121070,4
site,8960,2048,1536,87,354399,0.1136,4,1,3121070,4
site,8960,2048,1536,112,225084,0.0721,4,0,3121070,4
site,8960,2048,1536,131,317251,0.1016,2,1,3121070,4
site,8960,2048,2048,13,152619,0.0456,0,0,3348116,5
site,8960,2048,2048,26,119301,0.0356,0,0,3348116,5
site,8960,2048,2048,62,130595,0.039,0,0,3348116,5
site,8960,2048,2048,109,131539,0.0393,0,0,3348116,5
site,8960,2048,2048,168,136267,0.0407,0,0,3348116,5
site,9088,1024,1024,1,162279,0.0382,1,1,4245313,5
site,9088,1024,1024,39,138162,0.0325,0,0,4245313,5
site,9088,1024,1024,75,298994,0.0704,0,0,4245313,5
site,9088,1024,1024,97,196123,0.0462,0,0,4245313,5
site,9088,1024,1024,157,178217,0.042,0,0,4245313,5
site,9088,1024,1536,9,618945,0.1329,4,4,4657481,2
site,9088,1024,1536,25,355836,0.0764,0,0,4657481,2
site,9088,1024,2048,204,126668,0.0398,0,0,3185475,1
site,9088,1536,0,2,28847,0.1329,1,1,217065,6
site,9088,1536,0,7,19378,0.0893,0,0,217065,6
site,9088,1536,0,10,8263,0.0381,0,0,217065,6
site,9088,1536,0,11,71145,0.3278,0,0,217065,6
site,9088,1536,0,12,14263,0.0657,0,0,217065,6
site,9088,1536,0,15,31017,0.1429,0,0,217065,6
site,9088,1536,512,2,157973,0.0301,0,0,5242310,2
site,9088,1536,512,121,832038,0.1587,3,1,5242310,2
site,9088,1536,1024,245,307350,0.0364,0,0,8449982,1
site,9088,1536,1536,64,342593,0.0393,0,0,8722714,1
site,9088,1536,2048,36,316122,0.0372,0,0,8488219,1
site,9088,1536,2560,65,567171,0.0636,1,1,8920821,1
site,9088,1536,3072,4,106692,0.0414,0,0,2579029,4
site,9088,1536,3072,5,108342,0.042,0,0,2579029,4
site,9088,1536,3072,51,111171,0.0431,0,0,2579029,4
site,9088,1536,3072,104,95724,0.0371,0,0,2579029,4
site,9088,2048,0,4,41380,0.0479,0,0,864503,4
site,9088,2048,0,6,402438,0.4655,6,6,864503,4
site,9088,2048,0,13,31934,0.0369,0,0,864503,4
site,9088,2048,0,33,29013,0.0336,0,0,864503,4
site,9088,2048,512,77,278470,0.0464,6,1,6001585,2
site,9088,2048,512,281,180846,0.0301,0,0,6001585,2
site,9088,2048,1024,3,1814830,0.4302,12,2,4218820,1
site,9088,2048,1536,4,2910868,0.4488,34,13,6485595,2
site,9088,2048,1536,288,200125,0.0309,0,0,6485595,2
site,9088,2048,2048,19,244555,0.0526,0,0,4645889,3
site,9088,2048,2048,50,176805,0.0381,0,0,4645889,3
site,9088,2048,2048,154,236976,0.051,0,0,4645889,3
site,9088,2048,2560,16,84076,0.0348,1,1,2418375,5
site,9088,2048,2560,60,80324,0.0332,0,0,2418375,5
site,9088,2048,2560,65,315184,0.1303,0,0,2418375,5
site,9088,2048,2560,67,87030,0.036,0,0,2418375,5
site,9088,2048,2560,81,91476,0.0378,0,0,2418375,5
site,9216,1024,1024,13,519327,0.0965,3,3,5379185,2
site,9216,1024,1024,161,263502,0.049,1,1,5379185,2
site,9216,1024,2048,43,179621,0.0605,0,0,2969747,6
site,9216,1024,2048,57,109389,0.0368,0,0,2969747,6
site,9216,1024,2048,58,150760,0.0508,0,0,2969747,6
site,9216,1024,2048,63,164742,0.0555,0,0,2969747,6
site,9216,1024,2048,90,104403,0.0352,0,0,2969747,6
site,9216,1024,2048,97,169462,0.0571,0,0,2969747,6
site,9216,1536,0,9,19207,0.0544,1,0,352819,4
site,9216,1536,0,15,23986,0.068,0,0,352819,4
site,9216,1536,0,31,162970,0.4619,5,3,352819,4
site,9216,1536,0,34,19814,0.0562,0,0,352819,4
site,9216,1536,512,13,454364,0.0661,0,0,6878293,3
site,9216,1536,512,33,830972,0.1208,3,3,6878293,3
site,9216,1536,512,220,228716,0.0333,0,0,6878293,3
site,9216,1536,1024,38,547836,0.0647,1,1,8463310,2
site,9216,1536,1024,135,337690,0.0399,0,0,8463310,2
site,9216,1536,1536,343,596035,0.0661,2,2,9012526,2
site,9216,1536,1536,429,316927,0.0352,1,0,9012526,2
site,9216,1536,2560,43,293786,0.0348,3,0,8445073,1
site,9216,1536,3072,58,69411,0.0302,0,0,2295096,5
site,9216,1536,3072,89,101318,0.0441,0,0,2295096,5
site,9216,1536,3072,100,80942,0.0353,0,0,2295096,5
site,9216,1536,3072,125,81413,0.0355,1,1,2295096,5
site,9216,1536,3072,128,214295,0.0934,1,1,2295096,5
site,9216,2048,0,1,202912,0.253,4,2,801933,6
site,9216,2048,0,15,25193,0.0314,0,0,801933,6
site,9216,2048,0,16,80372,0.1002,6,1,801933,6
site,9216,2048,0,24,66857,0.0834,1,1,801933,6
site,9216,2048,0,37,25384,0.0317,0,0,801933,6
site,9216,2048,0,69,57984,0.0723,3,0,801933,6
site,9216,2048,512,100,210987,0.0389,0,0,5429382,2
site,9216,2048,512,125,259777,0.0478,0,0,5429382,2
site,9216,2048,1024,29,1150605,0.1863,6,6,6177359,3
site,9216,2048,1024,53,214199,0.0347,0,0,6177359,3
site,9216,2048,1024,265,192690,0.0312,1,1,6177359,3
site,9216,2048,1536,173,302677,0.0418,4,0,7237374,2
site,9216,2048,1536,181,335780,0.0464,3,2,7237374,2
site,9216,2048,2048,15,4688218,0.5238,49,10,8950021,1
site,9216,2048,2560,18,261162,0.0662,2,0,3945029,2
site,9216,2048,2560,20,1748243,0.4432,9,6,3945029,2
site,9344,1024,512,1,16270,0.0731,0,0,222580,7
site,9344,1024,512,2,10913,0.049,0,0,222580,7
site,9344,1024,512,5,84480,0.3795,0,0,222580,7
site,9344,1024,512,6,7894,0.0355,0,0,222580,7
site,9344,1024,512,8,10522,0.0473,0,0,222580,7
site,9344,1024,512,10,7943,0.0357,0,0,222580,7
site,9344,1024,512,12,47239,0.2122,0,0,222580,7
site,9344,1024,1024,10,598471,0.1022,4,4,5854396,2
site,9344,1024,1024,11,494085,0.0844,2,2,5854396,2
site,9344,1024,1536,7,194760,0.0436,1,1,4468933,2
site,9344,1024,1536,158,211736,0.0474,0,0,4468933,2
site,9344,1024,2048,3,122000,0.0418,1,1,2919699,4
site,9344,1024,2048,30,115271,0.0395,0,0,2919699,4
site,9344,1024,2048,89,101003,0.0346,0,0,2919699,4
site,9344,1024,2048,90,101934,0.0349,0,0,2919699,4
site,9344,1024,2560,11,61858,0.0419,0,0,1476904,5
site,9344,1024,2560,15,51953,0.0352,0,0,1476904,5
site,9344,1024,2560,19,53739,0.0364,0,0,1476904,5
site,9344,1024,2560,20,54124,0.0366,0,0,1476904,5
site,9344,1024,2560,41,181536,0.1229,0,0,1476904,5
site,9344,1536,0,2,422860,0.3137,9,0,1347806,4
site,9344,1536,0,20,200109,0.1485,1,1,1347806,4
site,9344,1536,0,47,187179,0.1389,2,2,1347806,4
site,9344,1536,0,55,55630,0.0413,0,0,1347806,4
site,9344,1536,512,1,350174,0.042,0,0,8331146,2
site,9344,1536,512,4,3452033,0.4144,5,5,8331146,2
site,9344,1536,1024,203,388780,0.0454,1,1,8555551,1
site,9344,1536,1536,41,335283,0.0366,1,0,9160232,1
site,9344,1536,2048,111,1022451,0.1133,1,0,9025019,2
site,9344,1536,2048,132,306211,0.0339,5,1,9025019,2
site,9344,1536,2560,18,341461,0.0434,1,0,7862131,2
site,9344,1536,2560,177,356098,0.0453,2,1,7862131,2
site,9344,2048,0,3,214384,0.2549,4,1,841192,5
site,9344,2048,0,9,74472,0.0885,1,0,841192,5
site,9344,2048,0,22,72321,0.086,1,0,841192,5
site,9344,2048,0,23,53851,0.064,0,0,841192,5
site,9344,2048,0,35,29066,0.0346,0,0,841192,5
site,9344,2048,512,11,148819,0.0305,0,0,4881015,3
site,9344,2048,512,43,298093,0.0611,0,0,4881015,3
site,9344,2048,512,51,690152,0.1414,1,0,4881015,3
site,9344,2048,1024,1,3333008,0.4791,5,5,6956615,3
site,9344,2048,1024,76,474266,0.0682,3,1,6956615,3
site,9344,2048,1024,254,287741,0.0414,2,0,6956615,3
site,9344,2048,1536,5,877883,0.0975,5,0,9007672,5
site,9344,2048,1536,52,625099,0.0694,1,0,9007672,5
site,9344,2048,1536,67,388195,0.0431,8,0,9007672,5
site,9344,2048,1536,90,382510,0.0425,2,0,9007672,5
site,9344,2048,1536,241,327097,0.0363,3,0,9007672,5
site,9344,2048,2048,2,2345693,0.2474,27,2,9481570,3
site,9344,2048,2048,103,1589856,0.1677,9,1,9481570,3
site,9344,2048,2048,346,404366,0.0426,0,0,9481570,3
site,9344,2048,2560,15,512954,0.1324,3,2,3874119,7
site,9344,2048,2560,16,145971,0.0377,0,0,3874119,7
site,9344,2048,2560,28,119071,0.0307,0,0,3874119,7
site,9344,2048,2560,33,142937,0.0369,1,1,3874119,7
site,9344,2048,2560,137,133254,0.0344,0,0,3874119,7
site,9344,2048,2560,173,120435,0.0311,0,0,3874119,7
site,9344,2048,2560,189,146749,0.0379,0,0,3874119,7
site,9472,1024,512,1,1453571,0.7122,2,2,2041089,2
site,9472,1024,512,5,94141,0.0461,0,0,2041089,2
site,9472,1024,1024,80,176677,0.0309,0,0,5725333,2
site,9472,1024,1024,96,236306,0.0413,0,0,5725333,2
site,9472,1024,1536,19,323440,0.0633,3,2,5109160,3
site,9472,1024,1536,58,192348,0.0376,4,1,5109160,3
site,9472,1024,1536,169,368487,0.0721,1,1,5109160,3
site,9472,1024,2048,8,76571,0.0371,0,0,2064012,4
site,9472,1024,2048,9,71878,0.0348,0,0,2064012,4
site,9472,1024,2048,30,65263,0.0316,0,0,2064012,4
site,9472,1024,2048,64,63248,0.0306,0,0,2064012,4
site,9472,1536,0,7,547714,0.2988,5,5,1833314,3
site,9472,1536,0,41,83356,0.0455,0,0,1833314,3
site,9472,1536,0,44,65635,0.0358,0,0,1833314,3
site,9472,1536,512,1,775165,0.0857,0,0,9044075,4
site,9472,1536,512,22,989513,0.1094,0,0,9044075,4
site,9472,1536,512,59,342871,0.0379,0,0,9044075,4
site,9472,1536,512,220,377009,0.0417,0,0,9044075,4
site,9472,1536,1024,4,400489,0.0467,0,0,8573076,2
site,9472,1536,1024,18,341857,0.0399,6,0,8573076,2
site,9472,1536,1536,60,580066,0.0644,3,0,9001997,1
site,9472,1536,2048,35,557518,0.0651,3,3,8563599,2
site,9472,1536,2048,66,698862,0.0816,0,0,8563599,2
site,9472,1536,2560,14,819647,0.0956,3,1,8571459,2
site,9472,1536,2560,258,345229,0.0403,0,0,8571459,2
site,9472,1536,3072,3,51727,0.0556,0,0,930872,9
site,9472,1536,3072,4,39996,0.043,0,0,930872,9
site,9472,1536,3072,15,40680,0.0437,1,1,930872,9
site,9472,1536,3072,21,44857,0.0482,0,0,930872,9
site,9472,1536,3072,27,37468,0.0403,0,0,930872,9
site,9472,1536,3072,40,28246,0.0303,0,0,930872,9
site,9472,1536,3072,42,29618,0.0318,0,0,930872,9
site,9472,1536,3072,52,29361,0.0315,0,0,930872,9
site,9472,1536,3072,54,48579,0.0522,0,0,930872,9
site,9472,2048,0,2,178126,0.2511,2,2,709476,3
site,9472,2048,0,24,169694,0.2392,1,1,709476,3
site,9472,2048,0,43,36636,0.0516,0,0,709476,3
site,9472,2048,512,22,200894,0.0466,0,0,4311294,5
site,9472,2048,512,72,357503,0.0829,1,1,4311294,5
site,9472,2048,512,95,593718,0.1377,1,1,4311294,5
site,9472,2048,512,176,454355,0.1054,0,0,4311294,5
site,9472,2048,512,223,226048,0.0524,2,1,4311294,5
site,9472,2048,1024,30,321058,0.0433,1,0,7421991,2
site,9472,2048,1024,37,2360806,0.3181,9,4,7421991,2
site,9472,2048,1536,122,340010,0.0384,10,2,8858465,2
site,9472,2048,1536,184,950806,0.1073,14,2,8858465,2
site,9472,2048,2048,26,368724,0.0448,0,0,8231134,1
site,9472,2048,2560,36,236143,0.0484,4,1,4882064,3
site,9472,2048,2560,65,296140,0.0607,1,1,4882064,3
site,9472,2048,2560,88,244742,0.0501,5,0,4882064,3
site,9600,1024,512,2,145851,0.0469,1,0,3112993,4
site,9600,1024,512,86,125593,0.0403,0,0,3112993,4
site,9600,1024,512,155,100843,0.0324,0,0,3112993,4
site,9600,1024,512,273,457345,0.1469,1,1,3112993,4
site,9600,1024,1024,197,378944,0.0557,3,0,6806746,1
site,9600,1024,1536,101,205136,0.0397,0,0,5166457,1
site,9600,1024,2048,1,124636,0.0565,1,1,2205579,4
site,9600,1024,2048,71,616218,0.2794,0,0,2205579,4
site,9600,1024,2048,89,174250,0.079,0,0,2205579,4
site,9600,1024,2048,141,91830,0.0416,0,0,2205579,4
site,9600,1024,2560,5,55427,0.0624,0,0,888226,6
site,9600,1024,2560,15,75083,0.0845,0,0,888226,6
site,9600,1024,2560,25,62036,0.0698,0,0,888226,6
site,9600,1024,2560,41,43621,0.0491,0,0,888226,6
site,9600,1024,2560,42,39308,0.0443,0,0,888226,6
site,9600,1024,2560,54,57529,0.0648,0,0,888226,6
site,9600,1536,0,6,253884,0.1058,1,1,2399200,7
site,9600,1536,0,9,105669,0.044,0,0,2399200,7
site,9600,1536,0,13,117471,0.049,0,0,2399200,7
site,9600,1536,0,21,175595,0.0732,0,0,2399200,7
site,9600,1536,0,27,73738,0.0307,0,0,2399200,7
site,9600,1536,0,34,82554,0.0344,0,0,2399200,7
site,9600,1536,0,101,107025,0.0446,0,0,2399200,7
site,9600,1536,512,48,457556,0.0505,1,1,9053951,2
site,9600,1536,512,442,332844,0.0368,3,0,9053951,2
site,9600,1536,1024,175,705665,0.078,2,0,9051086,1
site,9600,1536,1536,120,601529,0.065,1,1,9251561,1
site,9600,1536,2048,121,300599,0.0363,0,0,8291589,2
site,9600,1536,2048,174,280766,0.0339,0,0,8291589,2
site,9600,1536,2560,20,297301,0.0366,0,0,8113483,2
site,9600,1536,2560,44,275040,0.0339,2,1,8113483,2
site,9600,2048,512,16,1763651,0.3298,7,5,5347005,5
site,9600,2048,512,24,235139,0.044,2,0,5347005,5
site,9600,2048,512,34,264648,0.0495,4,1,5347005,5
site,9600,2048,512,45,220372,0.0412,0,0,5347005,5
site,9600,2048,512,87,217357,0.0407,0,0,5347005,5
site,9600,2048,1024,37,339500,0.0424,4,0,8009072,2
site,9600,2048,1024,78,356021,0.0445,3,0,8009072,2
site,9600,2048,1536,112,401138,0.0467,0,0,8584250,1
site,9600,2048,2048,37,316111,0.0384,2,2,8223191,2
site,9600,2048,2048,124,309029,0.0376,0,0,8223191,2
site,9600,2048,2560,29,333109,0.0592,2,1,5622920,2
site,9600,2048,2560,34,205206,0.0365,0,0,5622920,2
site,9728,1024,512,31,134125,0.0374,0,0,3584521,4
site,9728,1024,512,40,203676,0.0568,0,0,3584521,4
site,9728,1024,512,79,172726,0.0482,0,0,3584521,4
site,9728,1024,512,112,204620,0.0571,1,1,3584521,4
site,9728,1024,1024,34,615411,0.0797,2,1,7726283,1
site,9728,1024,1536,7,910544,0.1488,3,3,6120763,6
site,9728,1024,1536,8,366849,0.0599,5,0,6120763,6
site,9728,1024,1536,48,460375,0.0752,9,0,6120763,6
site,9728,1024,1536,73,196673,0.0321,5,0,6120763,6
site,9728,1024,1536,138,342957,0.056,0,0,6120763,6
site,9728,1024,1536,253,194315,0.0317,4,1,6120763,6
site,9728,1024,2048,1,3455363,0.7639,7,7,4523468,1
site,9728,1024,2560,16,296676,0.148,2,2,2004692,2
site,9728,1024,2560,50,766747,0.3825,2,2,2004692,2
site,9728,1536,0,19,454915,0.1397,3,3,3256568,3
site,9728,1536,0,21,103179,0.0317,1,1,3256568,3
site,9728,1536,0,69,98525,0.0303,1,1,3256568,3
site,9728,1536,512,1,529016,0.057,0,0,9280515,3
site,9728,1536,512,5,358043,0.0386,3,0,9280515,3
site,9728,1536,512,437,771286,0.0831,4,1,9280515,3
site,9728,1536,1536,185,902974,0.0958,6,0,9428474,2
site,9728,1536,1536,294,328492,0.0348,0,0,9428474,2
site,9728,1536,2048,6,423681,0.0493,0,0,8598772,3
site,9728,1536,2048,37,490075,0.057,1,1,8598772,3
site,9728,1536,2048,300,292421,0.034,0,0,8598772,3
site,9728,1536,2560,50,503640,0.0586,3,3,8598131,2
site,9728,1536,2560,129,748226,0.087,2,2,8598131,2
site,9728,2048,512,6,285675,0.0422,5,1,6771222,3
site,9728,2048,512,13,1252868,0.185,3,3,6771222,3
site,9728,2048,512,367,248532,0.0367,0,0,6771222,3
site,9728,2048,1024,23,600571,0.0646,0,0,9291026,5
site,9728,2048,1024,63,696899,0.075,16,5,9291026,5
site,9728,2048,1024,69,339509,0.0365,0,0,9291026,5
site,9728,2048,1024,355,373369,0.0402,9,0,9291026,5
site,9728,2048,1024,471,282860,0.0304,1,0,9291026,5
site,9728,2048,2048,83,219114,0.0315,0,0,6962646,1
site,9728,2048,2560,31,181322,0.0372,2,2,4869616,1
site,9728,2560,1024,1,37979,0.0961,1,0,395040,11
site,9728,2560,1024,6,12043,0.0305,0,0,395040,11
site,9728,2560,1024,9,15654,0.0396,0,0,395040,11
site,9728,2560,1024,13,35753,0.0905,0,0,395040,11
site,9728,2560,1024,17,64271,0.1627,0,0,395040,11
site,9728,2560,1024,18,15845,0.0401,0,0,395040,11
site,9728,2560,1024,19,14223,0.036,0,0,395040,11
site,9728,2560,1024,21,40748,0.1031,1,0,395040,11
site,9728,2560,1024,22,12215,0.0309,0,0,395040,11
site,9728,2560,1024,23,13203,0.0334,0,0,395040,11
site,9728,2560,1024,27,19383,0.0491,0,0,395040,11
site,9856,1024,512,17,1009745,0.2457,3,0,4110413,2
site,9856,1024,512,43,936138,0.2277,0,0,4110413,2
site,9856,1024,1024,26,431112,0.0564,0,0,7644383,3
site,9856,1024,1024,155,449757,0.0588,0,0,7644383,3
site,9856,1024,1024,422,285144,0.0373,0,0,7644383,3
site,9856,1024,1536,6,517461,0.085,3,3,6084846,4
site,9856,1024,1536,37,358278,0.0589,0,0,6084846,4
site,9856,1024,1536,80,182794,0.03,1,1,6084846,4
site,9856,1024,1536,227,191470,0.0315,0,0,6084846,4
site,9856,1024,2048,10,287271,0.0625,0,0,4598643,3
site,9856,1024,2048,28,293002,0.0637,2,0,4598643,3
site,9856,1024,2048,44,206158,0.0448,0,0,4598643,3
site,9856,1024,2560,3,96041,0.0433,0,0,2215562,6
site,9856,1024,2560,12,117006,0.0528,1,0,2215562,6
site,9856,1024,2560,20,122628,0.0553,0,0,2215562,6
site,9856,1024,2560,24,204370,0.0922,0,0,2215562,6
site,9856,1024,2560,67,72902,0.0329,0,0,2215562,6
site,9856,1024,2560,149,71165,0.0321,0,0,2215562,6
site,9856,1536,0,23,201805,0.059,2,0,3419374,5
site,9856,1536,0,30,164102,0.048,4,1,3419374,5
site,9856,1536,0,83,147279,0.0431,4,0,3419374,5
site,9856,1536,0,90,122494,0.0358,2,1,3419374,5
site,9856,1536,0,185,105655,0.0309,7,2,3419374,5
site,9856,1536,512,62,1873665,0.197,3,2,9511954,1
site,9856,1536,1536,76,366438,0.0397,0,0,9225975,3
site,9856,1536,1536,92,664075,0.072,8,2,9225975,3
site,9856,1536,1536,263,1278692,0.1386,2,2,9225975,3
site,9856,1536,2048,2,2681562,0.2855,17,2,9393804,2
site,9856,1536,2048,265,565699,0.0602,3,0,9393804,2
site,9856,1536,2560,1,1441681,0.1573,28,4,9166558,2
site,9856,1536,2560,166,697850,0.0761,13,1,9166558,2
site,9856,2048,0,1,363935,0.297,5,1,1225225,5
site,9856,2048,0,10,99215,0.081,0,0,1225225,5
site,9856,2048,0,13,55928,0.0456,0,0,1225225,5
site,9856,2048,0,32,56448,0.0461,0,0,1225225,5
site,9856,2048,0,53,40759,0.0333,0,0,1225225,5
site,9856,2048,512,4,2736449,0.3339,1,1,8196611,2
site,9856,2048,512,21,439588,0.0536,5,0,8196611,2
site,9856,2048,1024,29,708797,0.0712,6,1,9954499,4
site,9856,2048,1024,51,1086410,0.1091,2,2,9954499,4
site,9856,2048,1024,414,714820,0.0718,7,1,9954499,4
site,9856,2048,1024,819,435291,0.0437,0,0,9954499,4
site,9856,2048,1536,106,690047,0.076,1,1,9077141,1
site,9856,2048,2048,111,422099,0.0644,0,0,6555514,1
site,9856,2048,2560,25,209479,0.0418,1,0,5013150,7
site,9856,2048,2560,41,247623,0.0494,0,0,5013150,7
site,9856,2048,2560,94,150884,0.0301,0,0,5013150,7
site,9856,2048,2560,110,315700,0.063,4,0,5013150,7
site,9856,2048,2560,160,215333,0.043,1,0,5013150,7
site,9856,2048,2560,216,317682,0.0634,4,1,5013150,7
site,9856,2048,2560,222,197200,0.0393,3,0,5013150,7
site,9984,1024,0,2,34554,0.0496,0,0,695969,12
site,9984,1024,0,5,23976,0.0344,0,0,695969,12
site,9984,1024,0,8,30518,0.0438,0,0,695969,12
site,9984,1024,0,12,28550,0.041,0,0,695969,12
site,9984,1024,0,20,42672,0.0613,0,0,695969,12
site,9984,1024,0,23,31926,0.0459,1,0,695969,12
site,9984,1024,0,24,56133,0.0807,0,0,695969,12
site,9984,1024,0,28,22737,0.0327,0,0,695969,12
site,9984,1024,0,29,34928,0.0502,0,0,695969,12
site,9984,1024,0,36,38520,0.0553,0,0,695969,12
site,9984,1024,0,40,41093,0.059,0,0,695969,12
site,9984,1024,0,41,29660,0.0426,0,0,695969,12
site,9984,1024,512,1,765033,0.1253,3,3,6105111,3
site,9984,1024,512,14,198771,0.0326,2,2,6105111,3
site,9984,1024,512,18,1097332,0.1797,2,2,6105111,3
site,9984,1024,1024,2,1678537,0.2011,5,5,8346042,1
site,9984,1024,1536,1,618546,0.0821,2,2,7537640,3
site,9984,1024,1536,9,497164,0.066,4,4,7537640,3
site,9984,1024,1536,52,2814001,0.3733,5,5,7537640,3
site,9984,1024,2048,239,581941,0.1143,0,0,5090393,1
site,9984,1024,2560,8,295471,0.1413,0,0,2090752,6
site,9984,1024,2560,20,150119,0.0718,0,0,2090752,6
site,9984,1024,2560,39,80013,0.0383,0,0,2090752,6
site,9984,1024,2560,44,104181,0.0498,1,0,2090752,6
site,9984,1024,2560,55,82275,0.0394,0,0,2090752,6
site,9984,1024,2560,83,79989,0.0383,0,0,2090752,6
site,9984,1536,0,21,1298885,0.3417,25,6,3801286,2
site,9984,1536,0,44,287894,0.0757,5,1,3801286,2
site,9984,1536,512,14,1603470,0.166,0,0,9660868,3
site,9984,1536,512,94,951979,0.0985,1,1,9660868,3
site,9984,1536,512,563,333414,0.0345,0,0,9660868,3
site,9984,1536,1024,31,743776,0.0762,5,0,9756676,3
site,9984,1536,1024,45,611380,0.0627,8,3,9756676,3
site,9984,1536,1024,283,299130,0.0307,1,1,9756676,3
site,9984,1536,1536,5,1599533,0.166,2,2,9636899,5
site,9984,1536,1536,41,1049050,0.1089,2,1,9636899,5
site,9984,1536,1536,107,522713,0.0542,9,0,9636899,5
site,9984,1536,1536,142,389806,0.0404,1,1,9636899,5
site,9984,1536,1536,377,369680,0.0384,2,0,9636899,5
site,9984,1536,2048,36,470632,0.0485,8,1,9707626,4
site,9984,1536,2048,61,451568,0.0465,0,0,9707626,4
site,9984,1536,2048,95,449189,0.0463,0,0,9707626,4
site,9984,1536,2048,231,400749,0.0413,0,0,9707626,4
site,9984,1536,2560,11,522173,0.0588,7,2,8885425,6
site,9984,1536,2560,12,882151,0.0993,20,1,8885425,6
site,9984,1536,2560,19,341199,0.0384,6,0,8885425,6
site,9984,1536,2560,28,486780,0.0548,10,1,8885425,6
site,9984,1536,2560,236,538340,0.0606,2,0,8885425,6
site,9984,1536,2560,301,292479,0.0329,1,0,8885425,6
site,9984,2048,0,1,359385,0.2755,1,0,1304296,7
site,9984,2048,0,3,46951,0.036,0,0,1304296,7
site,9984,2048,0,17,82503,0.0633,0,0,1304296,7
site,9984,2048,0,55,53712,0.0412,0,0,1304296,7
site,9984,2048,0,59,134349,0.103,1,1,1304296,7
site,9984,2048,0,64,41671,0.0319,0,0,1304296,7
site,9984,2048,0,71,50970,0.0391,0,0,1304296,7
site,9984,2048,512,1,4904661,0.5719,9,8,8575822,1
site,9984,2048,1024,28,1453291,0.1546,5,2,9398026,1
site,9984,2048,1536,16,321785,0.0342,4,0,9416554,2
site,9984,2048,1536,79,1472345,0.1564,4,4,9416554,2
site,9984,2048,2048,23,209750,0.0308,0,0,6800096,1
site,9984,2048,2560,100,262017,0.0638,1,0,4105134,3
site,9984,2048,2560,136,280058,0.0682,4,0,4105134,3
site,9984,2048,2560,165,199014,0.0485,1,0,4105134,3
site,10112,1024,0,3,107584,0.1082,0,0,994319,8
site,10112,1024,0,9,53608,0.0539,0,0,994319,8
site,10112,1024,0,12,84125,0.0846,0,0,994319,8
site,10112,1024,0,24,30906,0.0311,0,0,994319,8
site,10112,1024,0,30,59279,0.0596,0,0,994319,8
site,10112,1024,0,44,221558,0.2228,4,4,994319,8
site,10112,1024,0,56,36399,0.0366,0,0,994319,8
site,10112,1024,0,80,40868,0.0411,1,1,994319,8
site,10112,1024,512,4,986823,0.1255,3,3,7865646,3
site,10112,1024,512,23,1549057,0.1969,6,3,7865646,3
site,10112,1024,512,78,529420,0.0673,1,1,7865646,3
site,10112,1024,1024,9,1449968,0.167,4,4,8682224,2
site,10112,1024,1024,57,446681,0.0514,2,2,8682224,2
site,10112,1024,1536,14,243247,0.0321,0,0,7588888,2
site,10112,1024,1536,88,321761,0.0424,2,0,7588888,2
site,10112,1024,2560,11,114927,0.034,0,0,3376643,3
site,10112,1024,2560,64,381780,0.1131,0,0,3376643,3
site,10112,1024,2560,74,206812,0.0612,1,1,3376643,3
site,10112,1536,0,4,268498,0.0892,2,2,3011345,5
site,10112,1536,0,20,256551,0.0852,0,0,3011345,5
site,10112,1536,0,31,121810,0.0405,0,0,3011345,5
site,10112,1536,0,76,285230,0.0947,1,1,3011345,5
site,10112,1536,0,90,98501,0.0327,1,0,3011345,5
site,10112,1536,512,5,1397627,0.1477,1,1,9463182,3
site,10112,1536,512,7,307650,0.0325,0,0,9463182,3
site,10112,1536,512,69,958140,0.1012,10,1,9463182,3
site,10112,1536,1024,67,834838,0.0907,4,1,9207467,1
site,10112,1536,1536,37,376003,0.0399,0,0,9421600,5
site,10112,1536,1536,45,349477,0.0371,4,0,9421600,5
site,10112,1536,1536,94,529798,0.0562,10,3,9421600,5
site,10112,1536,1536,529,361088,0.0383,2,0,9421600,5
site,10112,1536,1536,649,1093555,0.1161,3,0,9421600,5
site,10112,1536,2048,14,1240721,0.1235,9,1,10049966,3
site,10112,1536,2048,26,318815,0.0317,3,1,10049966,3
site,10112,1536,2048,89,1333847,0.1327,8,1,10049966,3
site,10112,1536,2560,21,812422,0.0958,1,1,8476285,3
site,10112,1536,2560,26,263888,0.0311,3,0,8476285,3
site,10112,1536,2560,267,258354,0.0305,0,0,8476285,3
site,10112,2048,0,4,438928,0.6117,3,3,717570,2
site,10112,2048,0,9,44451,0.0619,0,0,717570,2
site,10112,2048,512,1,235980,0.0387,0,0,6102427,4
site,10112,2048,512,3,692303,0.1134,7,0,6102427,4
site,10112,2048,512,20,227229,0.0372,2,1,6102427,4
site,10112,2048,512,53,387752,0.0635,4,4,6102427,4
site,10112,2048,1024,20,734370,0.0795,0,0,9235567,3
site,10112,2048,1024,44,1400652,0.1517,3,3,9235567,3
site,10112,2048,1024,55,510946,0.0553,1,1,9235567,3
site,10112,2048,1536,3,1069432,0.1031,4,2,10372845,3
site,10112,2048,1536,32,384798,0.0371,0,0,10372845,3
site,10112,2048,1536,52,3245535,0.3129,7,7,10372845,3
site,10112,2048,2048,4,484590,0.0516,1,0,9400019,3
site,10112,2048,2048,28,910294,0.0968,4,4,9400019,3
site,10112,2048,2048,278,1255372,0.1335,1,1,9400019,3
site,10112,2048,2560,33,171794,0.0453,0,0,3791931,4
site,10112,2048,2560,58,721405,0.1902,1,1,3791931,4
site,10112,2048,2560,66,236125,0.0623,0,0,3791931,4
site,10112,2048,2560,70,197327,0.052,0,0,3791931,4
site,10240,1024,512,60,1254812,0.1666,2,2,7532439,5
site,10240,1024,512,69,878547,0.1166,4,2,7532439,5
site,10240,1024,512,95,785908,0.1043,1,1,7532439,5
site,10240,1024,512,208,277930,0.0369,0,0,7532439,5
site,10240,1024,512,292,409176,0.0543,0,0,7532439,5
site,10240,1024,1024,8,1583264,0.1659,3,3,9543528,3
site,10240,1024,1024,98,338927,0.0355,4,1,9543528,3
site,10240,1024,1024,139,567059,0.0594,1,1,9543528,3
site,10240,1024,1536,7,570631,0.0679,1,1,8407272,3
site,10240,1024,1536,8,1497271,0.1781,5,2,8407272,3
site,10240,1024,1536,82,814512,0.0969,4,1,8407272,3
site,10240,1024,2048,4,2379403,0.299,11,9,7958604,2
site,10240,1024,2048,479,279196,0.0351,0,0,7958604,2
site,10240,1024,2560,12,377880,0.0774,2,2,4880439,2
site,10240,1024,2560,20,787464,0.1614,0,0,4880439,2
site,10240,1536,0,12,1656443,0.4991,7,7,3318661,2
site,10240,1536,0,119,100152,0.0302,1,1,3318661,2
site,10240,1536,512,13,5196525,0.5123,19,5,10142731,1
site,10240,1536,1024,230,365617,0.041,0,0,8912336,2
site,10240,1536,1024,425,1232402,0.1383,1,1,8912336,2
site,10240,1536,1536,47,492870,0.0548,4,0,8993442,3
site,10240,1536,1536,127,718226,0.0799,2,0,8993442,3
site,10240,1536,1536,193,474967,0.0528,0,0,8993442,3
site,10240,1536,2048,52,1490572,0.1529,3,3,9750100,2
site,10240,1536,2048,324,316783,0.0325,0,0,9750100,2
site,10240,1536,2560,5,818861,0.0914,4,4,8957485,4
site,10240,1536,2560,12,658384,0.0735,4,4,8957485,4
site,10240,1536,2560,28,1008438,0.1126,7,0,8957485,4
site,10240,1536,2560,76,283023,0.0316,0,0,8957485,4
site,10240,2048,512,5,4220953,0.6199,11,5,6808932,1
site,10240,2048,1024,10,1541387,0.1531,2,2,10066807,4
site,10240,2048,1024,33,310975,0.0309,1,1,10066807,4
site,10240,2048,1024,97,1248492,0.124,3,3,10066807,4
site,10240,2048,1024,107,1636399,0.1626,1,1,10066807,4
site,10240,2048,1536,97,2271214,0.2408,5,5,9430889,1
site,10240,2048,2048,87,2161648,0.2412,5,3,8963481,1
site,10240,2048,2560,34,387860,0.0965,0,0,4017590,5
site,10240,2048,2560,62,270210,0.0673,1,1,4017590,5
site,10240,2048,2560,66,446070,0.111,1,1,4017590,5
site,10240,2048,2560,102,142432,0.0355,0,0,4017590,5
site,10240,2048,2560,264,140440,0.035,1,0,4017590,5
site,10368,1024,0,1,797079,0.7668,4,4,1039425,2
site,10368,1024,0,24,51351,0.0494,0,0,1039425,2
site,10368,1024,512,11,410167,0.0561,2,2,7307545,5
site,10368,1024,512,38,1184290,0.1621,1,1,7307545,5
site,10368,1024,512,42,568948,0.0779,1,1,7307545,5
site,10368,1024,512,62,665061,0.091,2,2,7307545,5
site,10368,1024,512,85,262888,0.036,0,0,7307545,5
site,10368,1024,1024,9,1265014,0.1335,4,4,9475373,2
site,10368,1024,1024,68,367292,0.0388,0,0,9475373,2
site,10368,1024,1536,1,1449025,0.169,3,3,8575600,2
site,10368,1024,1536,225,418685,0.0488,0,0,8575600,2
site,10368,1024,2048,3,1237895,0.164,21,5,7546611,2
site,10368,1024,2048,75,423390,0.0561,2,1,7546611,2
site,10368,1024,2560,224,348522,0.0683,2,1,5099361,1
site,10368,1536,0,1,1187059,0.4093,4,4,2899980,4
site,10368,1536,0,28,126665,0.0437,0,0,2899980,4
site,10368,1536,0,78,267309,0.0922,1,1,2899980,4
site,10368,1536,0,115,98184,0.0339,0,0,2899980,4
site,10368,1536,512,1,546940,0.0513,0,0,10651221,4
site,10368,1536,512,6,617231,0.0579,1,1,10651221,4
site,10368,1536,512,22,554552,0.0521,1,1,10651221,4
site,10368,1536,512,31,3900298,0.3662,7,7,10651221,4
site,10368,1536,1024,4,297913,0.0343,0,0,8695674,4
site,10368,1536,1024,15,335730,0.0386,1,1,8695674,4
site,10368,1536,1024,199,261711,0.0301,0,0,8695674,4
site,10368,1536,1024,417,516836,0.0594,0,0,8695674,4
site,10368,1536,1536,30,312675,0.0345,0,0,9060865,3
site,10368,1536,1536,271,274645,0.0303,1,1,9060865,3
site,10368,1536,1536,277,290042,0.032,0,0,9060865,3
site,10368,1536,2048,71,982322,0.0963,5,0,10200925,3
site,10368,1536,2048,79,3031935,0.2972,8,4,10200925,3
site,10368,1536,2048,136,375962,0.0369,3,0,10200925,3
site,10368,1536,2560,83,432545,0.062,0,0,6972146,3
site,10368,1536,2560,306,374102,0.0537,0,0,6972146,3
site,10368,1536,2560,320,303453,0.0435,0,0,6972146,3
site,10368,2048,512,1,3643622,0.6023,6,6,6049214,2
site,10368,2048,512,299,429115,0.0709,1,1,6049214,2
site,10368,2048,1024,24,4586078,0.4487,1,1,10220793,1
site,10368,2048,1536,22,2986409,0.3101,10,4,9630143,2
site,10368,2048,1536,80,351179,0.0365,1,1,9630143,2
site,10368,2048,2048,3,1684402,0.1876,2,2,8980938,3
site,10368,2048,2048,256,421515,0.0469,7,0,8980938,3
site,10368,2048,2048,271,946527,0.1054,19,3,8980938,3
site,10368,2048,2560,1,655145,0.2207,0,0,2968792,4
site,10368,2048,2560,30,203173,0.0684,2,2,2968792,4
site,10368,2048,2560,37,98700,0.0332,3,2,2968792,4
site,10368,2048,2560,67,103055,0.0347,0,0,2968792,4
site,10496,1024,0,1,154599,0.329,0,0,469955,5
site,10496,1024,0,2,14632,0.0311,0,0,469955,5
site,10496,1024,0,4,205639,0.4376,1,1,469955,5
site,10496,1024,0,11,18361,0.0391,0,0,469955,5
site,10496,1024,0,16,18429,0.0392,1,1,469955,5
site,10496,1024,512,6,4933962,0.6611,9,9,7462894,1
site,10496,1024,1024,24,982135,0.1031,2,2,9529727,3
site,10496,1024,1024,48,858420,0.0901,0,0,9529727,3
site,10496,1024,1024,56,380213,0.0399,2,2,9529727,3
site,10496,1024,1536,1,6076279,0.5751,8,8,10566183,1
site,10496,1024,2048,2,4253125,0.4526,13,6,9396227,2
site,10496,1024,2048,127,287133,0.0306,0,0,9396227,2
site,10496,1024,2560,13,1212436,0.2248,2,2,5392857,4
site,10496,1024,2560,75,188683,0.035,0,0,5392857,4
site,10496,1024,2560,118,201644,0.0374,2,2,5392857,4
site,10496,1024,2560,134,507680,0.0941,1,1,5392857,4
site,10496,1536,0,2,1982898,0.7347,7,7,2698915,1
site,10496,1536,512,6,5639661,0.5346,3,3,10549932,2
site,10496,1536,512,128,491290,0.0466,0,0,10549932,2
site,10496,1536,1024,28,1335419,0.1367,1,1,9769117,2
site,10496,1536,1024,59,1051452,0.1076,0,0,9769117,2
site,10496,1536,1536,23,361817,0.037,0,0,9773444,6
site,10496,1536,1536,48,1172880,0.12,0,0,9773444,6
site,10496,1536,1536,64,477924,0.0489,0,0,9773444,6
site,10496,1536,1536,65,471199,0.0482,0,0,9773444,6
site,10496,1536,1536,92,340648,0.0349,1,0,9773444,6
site,10496,1536,1536,337,329992,0.0338,0,0,9773444,6
site,10496,1536,2048,3,2528852,0.2458,0,0,10288748,3
site,10496,1536,2048,69,435967,0.0424,0,0,10288748,3
site,10496,1536,2048,91,1549847,0.1506,4,2,10288748,3
site,10496,1536,2560,1,1112034,0.176,0,0,6318778,3
site,10496,1536,2560,10,635653,0.1006,1,1,6318778,3
site,10496,1536,2560,20,1248484,0.1976,5,5,6318778,3
site,10496,2048,512,5,438095,0.0682,1,1,6427452,2
site,10496,2048,512,7,1851808,0.2881,3,3,6427452,2
site,10496,2048,1024,2,467829,0.0486,0,0,9617978,3
site,10496,2048,1024,35,2474590,0.2573,6,6,9617978,3
site,10496,2048,1024,213,724355,0.0753,0,0,9617978,3
site,10496,2048,1536,3,505725,0.055,1,0,9194084,2
site,10496,2048,1536,31,4641291,0.5048,2,2,9194084,2
site,10496,2048,2048,5,1909694,0.2369,2,2,8061986,2
site,10496,2048,2048,29,401049,0.0497,0,0,8061986,2
site,10496,2048,2560,1,203885,0.0855,1,1,2384781,3
site,10496,2048,2560,12,996734,0.418,5,4,2384781,3
site,10496,2048,2560,103,170190,0.0714,1,1,2384781,3
site,10624,512,1024,1,427981,0.1492,1,1,2869268,6
site,10624,512,1024,20,134007,0.0467,0,0,2869268,6
site,10624,512,1024,92,96248,0.0335,0,0,2869268,6
site,10624,512,1024,98,126759,0.0442,0,0,2869268,6
site,10624,512,1024,111,413963,0.1443,9,9,2869268,6
site,10624,512,1024,195,188379,0.0657,1,1,2869268,6
site,10624,512,1536,34,69029,0.0456,0,0,1513035,3
site,10624,512,1536,56,443062,0.2928,3,3,1513035,3
site,10624,512,1536,72,170465,0.1127,0,0,1513035,3
site,10624,512,2048,11,29193,0.0619,0,0,471852,5
site,10624,512,2048,19,77459,0.1642,0,0,471852,5
site,10624,512,2048,21,71306,0.1511,0,0,471852,5
site,10624,512,2048,24,19571,0.0415,0,0,471852,5
site,10624,512,2048,36,14586,0.0309,0,0,471852,5
site,10624,1024,512,1,2978065,0.5476,5,5,5438833,2
site,10624,1024,512,71,176633,0.0325,0,0,5438833,2
site,10624,1024,1024,52,2618788,0.2625,7,7,9977579,1
site,10624,1024,1536,47,2995156,0.3114,3,3,9618957,1
site,10624,1024,2048,76,283056,0.0306,0,0,9243766,5
site,10624,1024,2048,80,295384,0.032,0,0,9243766,5
site,10624,1024,2048,198,957642,0.1036,0,0,9243766,5
site,10624,1024,2048,312,380605,0.0412,0,0,9243766,5
site,10624,1024,2048,857,286623,0.031,0,0,9243766,5
site,10624,1024,2560,7,1020106,0.1993,1,1,5118336,3
site,10624,1024,2560,9,166570,0.0325,0,0,5118336,3
site,10624,1024,2560,39,218777,0.0427,1,1,5118336,3
site,10624,1536,0,2,534800,0.7243,2,2,738390,4
site,10624,1536,0,9,22569,0.0306,0,0,738390,4
site,10624,1536,0,51,24090,0.0326,0,0,738390,4
site,10624,1536,0,55,30760,0.0417,0,0,738390,4
site,10624,1536,512,3,1091392,0.1003,0,0,10881333,2
site,10624,1536,512,11,6169417,0.567,3,3,10881333,2
site,10624,1536,1024,7,496548,0.0511,1,1,9712832,5
site,10624,1536,1024,42,1058876,0.109,0,0,9712832,5
site,10624,1536,1024,56,802636,0.0826,0,0,9712832,5
site,10624,1536,1024,169,402079,0.0414,0,0,9712832,5
site,10624,1536,1024,761,439440,0.0452,1,1,9712832,5
site,10624,1536,1536,44,583082,0.065,1,1,8969840,2
site,10624,1536,1536,106,491451,0.0548,0,0,8969840,2
site,10624,1536,2048,16,504735,0.0505,0,0,9990154,3
site,10624,1536,2048,101,2711074,0.2714,1,1,9990154,3
site,10624,1536,2048,135,372742,0.0373,0,0,9990154,3
site,10624,1536,2560,6,194837,0.0439,1,1,4441413,7
site,10624,1536,2560,32,363102,0.0818,4,4,4441413,7
site,10624,1536,2560,46,451878,0.1017,0,0,4441413,7
site,10624,1536,2560,97,161536,0.0364,0,0,4441413,7
site,10624,1536,2560,123,196867,0.0443,1,1,4441413,7
site,10624,1536,2560,173,139120,0.0313,0,0,4441413,7
site,10624,1536,2560,226,175039,0.0394,0,0,4441413,7
site,10624,2048,512,3,3988972,0.6644,8,8,6004115,2
site,10624,2048,512,142,340853,0.0568,1,1,6004115,2
site,10624,2048,1024,57,6335550,0.6204,14,14,10211484,1
site,10624,2048,1536,27,257577,0.0322,0,0,7993016,2
site,10624,2048,1536,86,3151080,0.3942,6,6,7993016,2
site,10624,2048,2048,2,5298290,0.6558,9,9,8079438,1
site,10752,512,1024,2,3189236,0.5855,1,1,5446880,2
site,10752,512,1024,26,168009,0.0308,0,0,5446880,2
site,10752,512,2048,3,3354150,0.8492,3,3,3949624,1
site,10752,512,2560,13,500780,0.6961,1,1,719407,2
site,10752,512,2560,25,39784,0.0553,0,0,719407,2
site,10752,1024,512,1,161265,0.0382,0,0,4226563,2
site,10752,1024,512,6,2612071,0.618,6,6,4226563,2
site,10752,1024,1024,1,836207,0.0929,1,1,9004773,2
site,10752,1024,1024,78,300142,0.0333,0,0,9004773,2
site,10752,1024,1536,2,1871581,0.2264,1,1,8268130,1
site,10752,1024,2048,20,1326074,0.1288,1,1,10295809,4
site,10752,1024,2048,24,516254,0.0501,0,0,10295809,4
site,10752,1024,2048,59,2845673,0.2764,2,2,10295809,4
site,10752,1024,2048,85,417461,0.0405,0,0,10295809,4
site,10752,1024,2560,3,867608,0.2225,4,4,3898532,4
site,10752,1024,2560,23,128992,0.0331,0,0,3898532,4
site,10752,1024,2560,116,160071,0.0411,0,0,3898532,4
site,10752,1024,2560,163,121158,0.0311,0,0,3898532,4
site,10752,1536,512,4,5527369,0.8764,9,9,6307105,1
site,10752,1536,1024,1,805769,0.0808,0,0,9975849,2
site,10752,1536,1024,49,4189119,0.4199,4,4,9975849,2
site,10752,1536,1536,1,469720,0.0464,0,0,10124203,5
site,10752,1536,1536,60,3159046,0.312,4,4,10124203,5
site,10752,1536,1536,226,343389,0.0339,1,1,10124203,5
site,10752,1536,1536,355,1063703,0.1051,0,0,10124203,5
site,10752,1536,1536,547,306541,0.0303,1,1,10124203,5
site,10752,1536,2048,5,3787657,0.3786,1,1,10005199,2
site,10752,1536,2048,127,955425,0.0955,0,0,10005199,2
site,10752,1536,2560,17,408341,0.0995,0,0,4104924,5
site,10752,1536,2560,86,147138,0.0358,1,1,4104924,5
site,10752,1536,2560,104,442681,0.1078,1,1,4104924,5
site,10752,1536,2560,143,210056,0.0512,0,0,4104924,5
site,10752,1536,2560,249,306672,0.0747,1,1,4104924,5
site,10752,2048,1024,3,2260010,0.7976,3,3,2833649,1
site,10752,2048,1536,7,6185756,0.9138,4,4,6769512,1
site,10752,2048,2048,13,6334816,0.8111,7,7,7810164,1
site,10752,2048,2560,10,674616,0.5777,1,1,1167734,2
site,10752,2048,2560,23,41368,0.0354,0,0,1167734,2
site,10880,512,1024,1,5994936,0.7993,6,6,7499929,1
site,10880,512,1536,2,6986390,0.7893,1,1,8851815,1
site,10880,512,2048,2,5667986,0.8078,4,4,7016247,1
site,10880,1024,512,1,2313489,0.9472,3,3,2442419,1
site,10880,1024,1024,1,5675710,0.6091,4,4,9317489,1
site,10880,1024,1536,73,1013603,0.1245,0,0,8142343,2
site,10880,1024,1536,355,338534,0.0416,0,0,8142343,2
site,10880,1024,2048,3,4974794,0.4945,4,4,10061039,3
site,10880,1024,2048,73,351811,0.035,0,0,10061039,3
site,10880,1024,2048,529,474761,0.0472,0,0,10061039,3
site,10880,1024,2560,1,1707624,0.4588,2,2,3721575,3
site,10880,1024,2560,46,139456,0.0375,1,1,3721575,3
site,10880,1024,2560,108,304658,0.0819,0,0,3721575,3
site,10880,1536,1024,2,2747000,0.8981,6,6,3058745,1
site,10880,1536,1536,2,6936321,0.8388,7,7,8269542,1
site,10880,1536,2048,2,8767283,0.8065,5,5,10870925,1
site,10880,1536,2560,6,2800112,0.7473,2,2,3747200,2
site,10880,1536,2560,10,154118,0.0411,0,0,3747200,2
site,11008,512,1024,3,3465670,0.929,15,15,3730669,1
site,11008,512,1536,15,8707460,0.9328,2,2,9334489,1
site,11008,512,2048,1,6467471,0.8673,4,4,7456624,1
site,11008,512,2560,3,943977,0.8428,1,1,1120079,3
site,11008,512,2560,5,34692,0.031,0,0,1120079,3
site,11008,512,2560,28,40028,0.0357,0,0,1120079,3
site,11008,1024,1024,3,963373,0.7966,2,2,1209420,1
site,11008,1024,1536,2,2729126,0.5554,2,2,4914139,2
site,11008,1024,1536,26,1383104,0.2815,2,2,4914139,2
site,11008,1024,2048,2,8523591,0.894,9,9,9534542,1
site,11008,1024,2560,3,3195383,0.8832,5,5,3617963,1
site,11136,512,1536,3,132471,0.2728,0,0,485669,6
site,11136,512,1536,24,18195,0.0375,0,0,485669,6
site,11136,512,1536,38,32080,0.0661,0,0,485669,6
site,11136,512,1536,54,14832,0.0305,0,0,485669,6
site,11136,512,1536,55,17052,0.0351,0,0,485669,6
site,11136,512,1536,68,44734,0.0921,0,0,485669,6
site,11136,512,2048,3,1132437,0.8243,3,3,1373806,1
site,11136,1024,1024,1,599917,0.6151,7,3,975246,2
site,11136,1024,1024,64,56341,0.0578,0,0,975246,2
site,11136,1024,1536,9,13636,0.0394,0,0,345713,10
site,11136,1024,1536,10,30002,0.0868,0,0,345713,10
site,11136,1024,1536,13,46709,0.1351,1,1,345713,10
site,11136,1024,1536,15,10586,0.0306,0,0,345713,10
site,11136,1024,1536,17,12602,0.0365,0,0,345713,10
site,11136,1024,1536,34,16448,0.0476,0,0,345713,10
site,11136,1024,1536,39,10373,0.03,0,0,345713,10
site,11136,1024,1536,52,12248,0.0354,0,0,345713,10
site,11136,1024,1536,67,20595,0.0596,0,0,345713,10
site,11136,1024,1536,70,16703,0.0483,0,0,345713,10
site,11136,1536,0,1,1991335,0.9439,2,2,2109798,1
site,11136,1536,512,2,589823,0.8399,6,2,702276,2
site,11136,1536,512,6,28741,0.0409,0,0,702276,2
site,11136,2048,2560,1,598185,0.8456,1,1,707373,1
site,11264,512,1536,59,90053,0.0894,0,0,1007563,2
site,11264,512,1536,153,130390,0.1294,0,0,1007563,2
site,11264,512,2048,1,376705,0.3651,0,0,1031742,3
site,11264,512,2048,58,154428,0.1497,0,0,1031742,3
site,11264,512,2048,79,86032,0.0834,0,0,1031742,3
site,11264,1024,1024,1,35490,0.0415,0,0,855017,4
site,11264,1024,1024,2,85138,0.0996,0,0,855017,4
site,11264,1024,1024,16,263277,0.3079,0,0,855017,4
site,11264,1024,1024,86,33399,0.0391,0,0,855017,4
site,11264,1024,1536,30,62948,0.0412,0,0,1526671,7
site,11264,1024,1536,53,79004,0.0517,0,0,1526671,7
site,11264,1024,1536,92,53206,0.0349,0,0,1526671,7
site,11264,1024,1536,162,105702,0.0692,0,0,1526671,7
site,11264,1024,1536,164,57954,0.038,0,0,1526671,7
site,11264,1024,1536,165,63666,0.0417,0,0,1526671,7
site,11264,1024,1536,166,89220,0.0584,0,0,1526671,7
site,11264,1024,2048,4,288514,0.1992,0,0,1448163,5
site,11264,1024,2048,24,97071,0.067,0,0,1448163,5
site,11264,1024,2048,70,230956,0.1595,0,0,1448163,5
site,11264,1024,2048,73,70921,0.049,2,1,1448163,5
site,11264,1024,2048,87,44522,0.0307,0,0,1448163,5
site,11264,1024,2560,1,14350,0.0342,0,0,419711,9
site,11264,1024,2560,3,94177,0.2244,0,0,419711,9
site,11264,1024,2560,21,14435,0.0344,0,0,419711,9
site,11264,1024,2560,22,16195,0.0386,0,0,419711,9
site,11264,1024,2560,25,44288,0.1055,0,0,419711,9
site,11264,1024,2560,28,35504,0.0846,0,0,419711,9
site,11264,1024,2560,32,15623,0.0372,0,0,419711,9
site,11264,1024,2560,38,19707,0.047,0,0,419711,9
site,11264,1024,2560,39,17760,0.0423,0,0,419711,9
site,11264,1536,0,2,3252394,0.9492,2,2,3426461,1
site,11264,1536,1536,49,2939955,0.777,12,4,3783759,1
site,11264,1536,2048,1,130219,0.0749,0,0,1738103,5
site,11264,1536,2048,11,152231,0.0876,1,1,1738103,5
site,11264,1536,2048,34,56955,0.0328,0,0,1738103,5
site,11264,1536,2048,61,123901,0.0713,2,0,1738103,5
site,11264,1536,2048,65,690999,0.3976,0,0,1738103,5
site,11264,1536,2560,1,41881,0.0849,0,0,493572,7
site,11264,1536,2560,6,15723,0.0319,0,0,493572,7
site,11264,1536,2560,20,31646,0.0641,0,0,493572,7
site,11264,1536,2560,22,53726,0.1089,1,1,493572,7
site,11264,1536,2560,29,19560,0.0396,0,0,493572,7
site,11264,1536,2560,37,15998,0.0324,0,0,493572,7
site,11264,1536,2560,51,19226,0.039,0,0,493572,7
site,11392,1536,0,2,2629163,0.9254,1,1,2841187,1
site,11392,1536,512,12,210649,0.155,0,0,1359393,4
site,11392,1536,512,16,275776,0.2029,0,0,1359393,4
site,11392,1536,512,25,44098,0.0324,0,0,1359393,4
site,11392,1536,512,56,366809,0.2698,0,0,1359393,4
site,11392,1536,1536,15,1562336,0.519,2,2,3010290,1
site,11392,1536,3072,1,540479,0.5166,1,1,1046318,3
site,11392,1536,3072,2,268786,0.2569,0,0,1046318,3
site,11392,1536,3072,7,33500,0.032,0,0,1046318,3
site,11392,2048,2560,15,1974959,0.7238,1,1,2728674,2
site,11392,2048,2560,21,110655,0.0406,0,0,2728674,2
site,11520,1536,1536,3,325903,0.0445,0,0,7316419,4
site,11520,1536,1536,6,800502,0.1094,2,2,7316419,4
site,11520,1536,1536,144,5042028,0.6891,0,0,7316419,4
site,11520,1536,1536,152,232743,0.0318,1,1,7316419,4
site,11520,2048,0,11,1788521,0.9017,1,1,1983519,1
site,11520,2048,512,2,6725980,0.987,3,3,6814300,1
site,11520,2048,1536,5,5152283,0.9135,2,2,5640233,1
site,11520,2048,2048,73,5890664,0.8536,1,1,6901074,1
site,11520,2048,2560,81,7637974,0.9158,0,0,8340494,1
site,11520,2048,3072,56,6612679,0.9553,1,1,6922032,1
site,11520,2048,3584,1,768640,0.8944,2,2,859423,1
site,11520,2560,0,1,4685,0.0557,0,0,84179,9
site,11520,2560,0,2,2849,0.0338,0,0,84179,9
site,11520,2560,0,4,3208,0.0381,0,0,84179,9
site,11520,2560,0,6,3248,0.0386,0,0,84179,9
site,11520,2560,0,10,4729,0.0562,0,0,84179,9
site,11520,2560,0,11,7971,0.0947,0,0,84179,9
site,11520,2560,0,14,4746,0.0564,0,0,84179,9
site,11520,2560,0,18,2975,0.0353,0,0,84179,9
site,11520,2560,0,24,3780,0.0449,0,0,84179,9
site,11520,2560,512,1,4803192,0.9879,3,3,4861900,1
site,11520,2560,1024,1,6830600,0.9789,5,5,6978019,1
site,11520,2560,1536,1,5749093,0.9242,2,2,6220893,1
site,11520,2560,3072,29,2123321,0.8501,0,0,2497670,1
site,11520,3072,1536,1,6266910,0.991,4,4,6323788,1
site,11520,3072,2048,18,5911480,0.9829,1,1,6014489,1
site,11520,3072,2560,17,2149773,0.8174,2,2,2630160,1
site,11520,3584,1024,1,6687,0.1217,1,1,54952,9
site,11520,3584,1024,2,2868,0.0522,0,0,54952,9
site,11520,3584,1024,3,2962,0.0539,0,0,54952,9
site,11520,3584,1024,4,2984,0.0543,0,0,54952,9
site,11520,3584,1024,5,2131,0.0388,0,0,54952,9
site,11520,3584,1024,6,2609,0.0475,0,0,54952,9
site,11520,3584,1024,7,4449,0.081,0,0,54952,9
site,11520,3584,1024,8,6074,0.1105,0,0,54952,9
site,11520,3584,1024,9,4894,0.0891,0,0,54952,9
site,11520,3584,1536,11,29180,0.118,0,0,247258,6
site,11520,3584,1536,13,43278,0.175,1,1,247258,6
site,11520,3584,1536,14,7929,0.0321,1,1,247258,6
site,11520,3584,1536,27,28726,0.1162,0,0,247258,6
site,11520,3584,1536,28,32436,0.1312,0,0,247258,6
site,11520,3584,1536,37,17473,0.0707,0,0,247258,6
site,11520,3584,2048,1,55156,0.2776,0,0,198696,10
site,11520,3584,2048,4,9283,0.0467,0,0,198696,10
site,11520,3584,2048,6,9490,0.0478,1,1,198696,10
site,11520,3584,2048,8,6205,0.0312,0,0,198696,10
site,11520,3584,2048,10,9258,0.0466,0,0,198696,10
site,11520,3584,2048,13,18561,0.0934,0,0,198696,10
site,11520,3584,2048,15,6756,0.034,0,0,198696,10
site,11520,3584,2048,17,14463,0.0728,0,0,198696,10
site,11520,3584,2048,18,8807,0.0443,0,0,198696,10
site,11520,3584,2048,22,7542,0.038,0,0,198696,10
random,2215,2328,457,2,64201,0.1062,0,0,604290,10
random,2215,2328,457,6,81717,0.1352,0,0,604290,10
random,2215,2328,457,9,18345,0.0304,0,0,604290,10
random,2215,2328,457,12,30836,0.051,0,0,604290,10
random,2215,2328,457,19,33561,0.0555,0,0,604290,10
random,2215,2328,457,22,27178,0.045,0,0,604290,10
random,2215,2328,457,27,39365,0.0651,0,0,604290,10
random,2215,2328,457,28,36394,0.0602,0,0,604290,10
random,2215,2328,457,38,20239,0.0335,0,0,604290,10
random,2215,2328,457,39,26866,0.0445,0,0,604290,10
random,1717,2273,1409,8,172707,0.1379,0,0,1252188,7
random,1717,2273,1409,32,42311,0.0338,0,0,1252188,7
random,1717,2273,1409,54,45224,0.0361,0,0,1252188,7
random,1717,2273,1409,57,43716,0.0349,0,0,1252188,7
random,1717,2273,1409,78,66210,0.0529,0,0,1252188,7
random,1717,2273,1409,83,39131,0.0313,0,0,1252188,7
random,1717,2273,1409,84,67019,0.0535,0,0,1252188,7
random,8869,2407,952,1,16453,0.2776,0,0,59279,1
random,6201,1351,1062,15,494636,0.1336,3,3,3703225,1
random,4835,2215,327,1,784402,0.6973,6,6,1124970,3
random,4835,2215,327,6,46587,0.0414,0,0,1124970,3
random,4835,2215,327,30,92728,0.0824,0,0,1124970,3
random,885,2060,380,9,123539,0.0307,0,0,4023091,4
random,885,2060,380,17,200005,0.0497,0,0,4023091,4
random,885,2060,380,51,126581,0.0315,0,0,4023091,4
random,885,2060,380,147,191617,0.0476,0,0,4023091,4
random,1801,1116,960,10,251360,0.0405,2,2,6205084,1
random,9265,2092,351,6,179562,0.0534,4,1,3360382,4
random,9265,2092,351,25,270668,0.0805,0,0,3360382,4
random,9265,2092,351,73,128480,0.0382,1,1,3360382,4
random,9265,2092,351,169,100877,0.03,0,0,3360382,4
random,1125,2291,1824,20,236731,0.0525,0,0,4506658,6
random,1125,2291,1824,50,253111,0.0562,0,0,4506658,6
random,1125,2291,1824,86,155971,0.0346,0,0,4506658,6
random,1125,2291,1824,89,247159,0.0548,0,0,4506658,6
random,1125,2291,1824,102,180059,0.04,0,0,4506658,6
random,1125,2291,1824,142,171949,0.0382,0,0,4506658,6
random,8760,2345,139,1,49888,0.1026,1,1,486028,11
random,8760,2345,139,5,32627,0.0671,0,0,486028,11
random,8760,2345,139,11,15306,0.0315,0,0,486028,11
random,8760,2345,139,14,20706,0.0426,1,1,486028,11
random,8760,2345,139,16,26055,0.0536,1,1,486028,11
random,8760,2345,139,23,58004,0.1193,0,0,486028,11
random,8760,2345,139,26,38667,0.0796,0,0,486028,11
random,8760,2345,139,35,17080,0.0351,0,0,486028,11
random,8760,2345,139,36,18032,0.0371,0,0,486028,11
random,8760,2345,139,38,16864,0.0347,0,0,486028,11
random,8760,2345,139,39,23805,0.049,0,0,486028,11
random,9703,645,1419,1,8144,0.3104,0,0,26241,1
random,2839,1928,2141,3,2117769,0.2578,5,1,8213326,2
random,2839,1928,2141,11,540098,0.0658,4,0,8213326,2
random,3317,2429,3014,3,87824,0.5092,1,1,172469,6
random,3317,2429,3014,9,6336,0.0367,0,0,172469,6
random,3317,2429,3014,12,29387,0.1704,0,0,172469,6
random,3317,2429,3014,20,5509,0.0319,0,0,172469,6
random,3317,2429,3014,21,6115,0.0355,0,0,172469,6
random,3317,2429,3014,22,5960,0.0346,0,0,172469,6
random,2658,1896,2063,2,533582,0.0525,3,0,10170741,4
random,2658,1896,2063,11,515167,0.0507,2,0,10170741,4
random,2658,1896,2063,56,1431009,0.1407,3,1,10170741,4
random,2658,1896,2063,64,1787831,0.1758,7,4,10170741,4
random,3009,1531,1588,10,1328319,0.1291,1,1,10288779,2
random,3009,1531,1588,53,3955405,0.3844,25,4,10288779,2
random,3928,1149,2045,182,219932,0.0381,0,0,5776127,2
random,3928,1149,2045,228,400179,0.0693,0,0,5776127,2
random,7276,2608,1392,1,7754,0.0347,0,0,223198,6
random,7276,2608,1392,7,33016,0.1479,0,0,223198,6
random,7276,2608,1392,11,6704,0.03,0,0,223198,6
random,7276,2608,1392,13,12180,0.0546,0,0,223198,6
random,7276,2608,1392,15,8130,0.0364,0,0,223198,6
random,7276,2608,1392,17,9190,0.0412,0,0,223198,6
random,4919,1450,2178,24,238879,0.0339,0,0,7049966,3
random,4919,1450,2178,37,234178,0.0332,0,0,7049966,3
random,4919,1450,2178,135,445341,0.0632,0,0,7049966,3
random,2551,2524,2120,1,107640,0.0474,1,1,2270272,4
random,2551,2524,2120,31,120990,0.0533,0,0,2270272,4
random,2551,2524,2120,62,116147,0.0512,0,0,2270272,4
random,2551,2524,2120,68,87435,0.0385,0,0,2270272,4
random,7161,1448,2207,6,565680,0.1192,4,4,4743842,5
random,7161,1448,2207,28,184870,0.039,0,0,4743842,5
random,7161,1448,2207,63,164152,0.0346,1,1,4743842,5
random,7161,1448,2207,75,250122,0.0527,0,0,4743842,5
random,7161,1448,2207,78,214325,0.0452,4,4,4743842,5
random,8598,1221,914,127,167746,0.0332,0,0,5051679,3
random,8598,1221,914,134,185369,0.0367,0,0,5051679,3
random,8598,1221,914,171,199321,0.0395,1,1,5051679,3
random,9170,1353,1076,103,295944,0.0355,0,0,8327387,2
random,9170,1353,1076,144,339447,0.0408,0,0,8327387,2
random,6377,2179,2905,1,47826,0.0527,0,0,907218,11
random,6377,2179,2905,2,74627,0.0823,0,0,907218,11
random,6377,2179,2905,5,36791,0.0406,0,0,907218,11
random,6377,2179,2905,8,56524,0.0623,0,0,907218,11
random,6377,2179,2905,9,34934,0.0385,0,0,907218,11
random,6377,2179,2905,11,54036,0.0596,0,0,907218,11
random,6377,2179,2905,16,69881,0.077,0,0,907218,11
random,6377,2179,2905,18,109676,0.1209,0,0,907218,11
random,6377,2179,2905,22,28895,0.0319,0,0,907218,11
random,6377,2179,2905,24,33693,0.0371,0,0,907218,11
random,6377,2179,2905,28,98179,0.1082,0,0,907218,11
random,9753,864,2120,1,371695,0.3545,1,1,1048588,5
random,9753,864,2120,7,72814,0.0694,0,0,1048588,5
random,9753,864,2120,16,39112,0.0373,0,0,1048588,5
random,9753,864,2120,19,60335,0.0575,0,0,1048588,5
random,9753,864,2120,38,37246,0.0355,0,0,1048588,5
random,180,1942,3251,1,1035008,0.3201,0,0,3233354,4
random,180,1942,3251,4,1404416,0.4344,0,0,3233354,4
random,180,1942,3251,53,424803,0.1314,2,2,3233354,4
random,180,1942,3251,73,136880,0.0423,0,0,3233354,4
random,5105,1869,1915,13,285998,0.0378,0,0,7572634,5
random,5105,1869,1915,33,256578,0.0339,0,0,7572634,5
random,5105,1869,1915,49,231106,0.0305,0,0,7572634,5
random,5105,1869,1915,51,245176,0.0324,0,0,7572634,5
random,5105,1869,1915,100,236291,0.0312,0,0,7572634,5
random,10227,2095,1620,88,2736893,0.3097,7,7,8836522,1
random,4694,2154,2324,37,151140,0.033,0,0,4582285,6
random,4694,2154,2324,41,221813,0.0484,0,0,4582285,6
random,4694,2154,2324,51,169804,0.0371,1,1,4582285,6
random,4694,2154,2324,52,213835,0.0467,0,0,4582285,6
random,4694,2154,2324,76,271829,0.0593,0,0,4582285,6
random,4694,2154,2324,93,140945,0.0308,0,0,4582285,6
random,9530,2149,670,10,1998955,0.5374,10,4,3719592,2
random,9530,2149,670,58,138317,0.0372,0,0,3719592,2
random,5720,1356,743,27,318763,0.1319,1,1,2417066,3
random,5720,1356,743,67,82434,0.0341,0,0,2417066,3
random,5720,1356,743,93,72963,0.0302,0,0,2417066,3
random,3289,1748,1545,3,2593599,0.2611,14,2,9934276,2
random,3289,1748,1545,45,1877724,0.189,8,1,9934276,2
random,4028,874,1509,3,102090,0.0417,0,0,2446144,5
random,4028,874,1509,43,73600,0.0301,0,0,2446144,5
random,4028,874,1509,82,137788,0.0563,0,0,2446144,5
random,4028,874,1509,119,112186,0.0459,1,1,2446144,5
random,4028,874,1509,129,89909,0.0368,0,0,2446144,5
random,4410,1216,1127,9,229266,0.0394,2,2,5825290,3
random,4410,1216,1127,35,279467,0.048,0,0,5825290,3
random,4410,1216,1127,197,174909,0.03,0,0,5825290,3
random,7681,2405,2241,2,59373,0.0501,0,0,1184901,11
random,7681,2405,2241,10,38758,0.0327,0,0,1184901,11
random,7681,2405,2241,11,43272,0.0365,0,0,1184901,11
random,7681,2405,2241,13,57029,0.0481,0,0,1184901,11
random,7681,2405,2241,16,44496,0.0376,0,0,1184901,11
random,7681,2405,2241,18,175040,0.1477,0,0,1184901,11
random,7681,2405,2241,19,66396,0.056,0,0,1184901,11
random,7681,2405,2241,21,136700,0.1154,0,0,1184901,11
random,7681,2405,2241,22,90581,0.0764,0,0,1184901,11
random,7681,2405,2241,23,102489,0.0865,0,0,1184901,11
random,7681,2405,2241,25,44707,0.0377,0,0,1184901,11
random,2872,1843,1489,28,1064604,0.1192,4,1,8931071,4
random,2872,1843,1489,51,595133,0.0666,0,0,8931071,4
random,2872,1843,1489,169,424590,0.0475,0,0,8931071,4
random,2872,1843,1489,172,297761,0.0333,3,0,8931071,4
random,3871,1389,1883,68,286882,0.0319,0,0,8979321,2
random,3871,1389,1883,113,725925,0.0808,1,1,8979321,2
random,8357,1588,3178,5,58355,0.0452,2,2,1290396,7
random,8357,1588,3178,12,138608,0.1074,0,0,1290396,7
random,8357,1588,3178,24,47113,0.0365,0,0,1290396,7
random,8357,1588,3178,37,169170,0.1311,0,0,1290396,7
random,8357,1588,3178,42,178238,0.1381,3,3,1290396,7
random,8357,1588,3178,47,89518,0.0694,0,0,1290396,7
random,8357,1588,3178,69,50051,0.0388,1,1,1290396,7
random,755,1353,310,14,552015,0.6995,0,0,789167,1
random,3530,694,1830,1,41968,0.1958,0,0,214329,9
random,3530,694,1830,2,10292,0.048,0,0,214329,9
random,3530,694,1830,3,16635,0.0776,0,0,214329,9
random,3530,694,1830,4,6956,0.0325,0,0,214329,9
random,3530,694,1830,8,7863,0.0367,0,0,214329,9
random,3530,694,1830,9,26346,0.1229,0,0,214329,9
random,3530,694,1830,10,47801,0.223,0,0,214329,9
random,3530,694,1830,12,8999,0.042,0,0,214329,9
random,3530,694,1830,13,21718,0.1013,0,0,214329,9
random,7561,1721,1264,47,293879,0.0342,0,0,8603331,3
random,7561,1721,1264,68,296271,0.0344,0,0,8603331,3
random,7561,1721,1264,134,378815,0.044,0,0,8603331,3
random,8523,1456,3180,2,26729,0.0325,0,0,822654,5
random,8523,1456,3180,3,315728,0.3838,6,6,822654,5
random,8523,1456,3180,34,45331,0.0551,0,0,822654,5
random,8523,1456,3180,52,27715,0.0337,0,0,822654,5
random,8523,1456,3180,57,29867,0.0363,0,0,822654,5
random,9318,1430,268,2,1342087,0.3684,2,2,3643014,4
random,9318,1430,268,14,362946,0.0996,2,0,3643014,4
random,9318,1430,268,32,135358,0.0372,2,2,3643014,4
random,9318,1430,268,62,158471,0.0435,2,1,3643014,4
random,3781,844,1420,20,237495,0.0726,0,0,3272383,2
random,3781,844,1420,36,103340,0.0316,4,0,3272383,2
random,7273,1889,242,3,70947,0.4891,1,1,145068,5
random,7273,1889,242,6,7374,0.0508,0,0,145068,5
random,7273,1889,242,7,5076,0.035,0,0,145068,5
random,7273,1889,242,19,6325,0.0436,0,0,145068,5
random,7273,1889,242,20,7707,0.0531,0,0,145068,5
random,5575,2421,403,2,127565,0.1146,0,0,1113560,7
random,5575,2421,403,20,65416,0.0587,0,0,1113560,7
random,5575,2421,403,26,54180,0.0487,0,0,1113560,7
random,5575,2421,403,35,56677,0.0509,0,0,1113560,7
random,5575,2421,403,46,50956,0.0458,0,0,1113560,7
random,5575,2421,403,61,58755,0.0528,0,0,1113560,7
random,5575,2421,403,68,92546,0.0831,1,1,1113560,7
random,6909,2155,1668,5,340808,0.0426,0,0,8000128,7
random,6909,2155,1668,16,273540,0.0342,0,0,8000128,7
random,6909,2155,1668,22,643730,0.0805,0,0,8000128,7
random,6909,2155,1668,50,358665,0.0448,0,0,8000128,7
random,6909,2155,1668,75,437867,0.0547,0,0,8000128,7
random,6909,2155,1668,90,466980,0.0584,0,0,8000128,7
random,6909,2155,1668,102,353744,0.0442,0,0,8000128,7
random,5437,1802,718,11,494312,0.074,1,1,6682404,4
random,5437,1802,718,15,201926,0.0302,0,0,6682404,4
random,5437,1802,718,32,208829,0.0313,0,0,6682404,4
random,5437,1802,718,93,237927,0.0356,0,0,6682404,4
random,3580,2012,929,8,1463312,0.1706,3,3,8577119,1
random,7349,1983,280,1,27160,0.0311,0,0,874137,7
random,7349,1983,280,6,41797,0.0478,0,0,874137,7
random,7349,1983,280,7,75146,0.086,0,0,874137,7
random,7349,1983,280,24,131639,0.1506,0,0,874137,7
random,7349,1983,280,33,95230,0.1089,0,0,874137,7
random,7349,1983,280,37,30641,0.0351,0,0,874137,7
random,7349,1983,280,59,27779,0.0318,0,0,874137,7
random,9623,965,2922,2,12941,0.0925,0,0,139938,7
random,9623,965,2922,3,5059,0.0362,0,0,139938,7
random,9623,965,2922,4,12169,0.087,0,0,139938,7
random,9623,965,2922,8,4442,0.0317,0,0,139938,7
random,9623,965,2922,12,6524,0.0466,0,0,139938,7
random,9623,965,2922,18,4797,0.0343,0,0,139938,7
random,9623,965,2922,20,26433,0.1889,0,0,139938,7
random,2822,1553,1995,48,3091167,0.343,14,2,9011221,1
random,9587,960,627,8,1188048,0.3482,6,5,3412061,2
random,9587,960,627,96,115022,0.0337,0,0,3412061,2
random,1940,1681,2612,3,6245,0.052,0,0,120200,9
random,1940,1681,2612,4,48044,0.3997,1,0,120200,9
random,1940,1681,2612,5,10688,0.0889,0,0,120200,9
random,1940,1681,2612,6,8855,0.0737,0,0,120200,9
random,1940,1681,2612,7,4008,0.0333,0,0,120200,9
random,1940,1681,2612,8,8308,0.0691,0,0,120200,9
random,1940,1681,2612,9,5058,0.0421,0,0,120200,9
random,1940,1681,2612,10,9851,0.082,0,0,120200,9
random,1940,1681,2612,11,6648,0.0553,0,0,120200,9
random,5982,1572,2588,1,2762135,0.5171,2,2,5341515,2
random,5982,1572,2588,182,172428,0.0323,0,0,5341515,2
random,97,1478,1712,1,98001,0.0489,0,0,2002094,4
random,97,1478,1712,4,686083,0.3427,0,0,2002094,4
random,97,1478,1712,95,241669,0.1207,0,0,2002094,4
random,97,1478,1712,124,129881,0.0649,0,0,2002094,4
random,4525,1698,2071,196,321156,0.0374,0,0,8582673,2
random,4525,1698,2071,341,263401,0.0307,1,1,8582673,2
random,2485,1096,2292,12,388462,0.0574,2,1,6767816,2
random,2485,1096,2292,30,1166755,0.1724,13,2,6767816,2
random,3902,2431,2877,1,69221,0.2404,0,0,287927,12
random,3902,2431,2877,3,12024,0.0418,0,0,287927,12
random,3902,2431,2877,4,9142,0.0318,0,0,287927,12
random,3902,2431,2877,6,13158,0.0457,0,0,287927,12
random,3902,2431,2877,9,11237,0.039,0,0,287927,12
random,3902,2431,2877,10,12193,0.0423,0,0,287927,12
random,3902,2431,2877,12,9427,0.0327,0,0,287927,12
random,3902,2431,2877,13,17244,0.0599,0,0,287927,12
random,3902,2431,2877,14,10606,0.0368,0,0,287927,12
random,3902,2431,2877,18,10106,0.0351,0,0,287927,12
random,3902,2431,2877,20,12582,0.0437,0,0,287927,12
random,3902,2431,2877,21,19304,0.067,0,0,287927,12
random,2824,1865,1307,10,322664,0.0381,2,0,8479336,6
random,2824,1865,1307,18,258525,0.0305,2,0,8479336,6
random,2824,1865,1307,46,616918,0.0728,4,0,8479336,6
random,2824,1865,1307,171,366167,0.0432,0,0,8479336,6
random,2824,1865,1307,221,318283,0.0375,0,0,8479336,6
random,2824,1865,1307,289,306436,0.0361,0,0,8479336,6
random,3301,1443,475,44,154887,0.0313,2,1,4942001,3
random,3301,1443,475,80,179591,0.0363,0,0,4942001,3
random,3301,1443,475,134,432802,0.0876,0,0,4942001,3
random,10777,1877,704,1,1292287,0.8087,6,6,1598076,2
random,10777,1877,704,47,57194,0.0358,0,0,1598076,2
random,8752,2034,2201,13,122875,0.0412,0,0,2982446,3
random,8752,2034,2201,49,152212,0.051,0,0,2982446,3
random,8752,2034,2201,125,110572,0.0371,0,0,2982446,3
random,4447,1125,2537,2,49128,0.0556,0,0,883220,9
random,4447,1125,2537,9,30780,0.0348,0,0,883220,9
random,4447,1125,2537,15,114098,0.1292,0,0,883220,9
random,4447,1125,2537,21,95502,0.1081,0,0,883220,9
random,4447,1125,2537,22,47077,0.0533,0,0,883220,9
random,4447,1125,2537,26,79113,0.0896,0,0,883220,9
random,4447,1125,2537,27,29756,0.0337,0,0,883220,9
random,4447,1125,2537,29,32472,0.0368,0,0,883220,9
random,4447,1125,2537,30,98365,0.1114,0,0,883220,9
random,8836,1553,1649,8,1725584,0.1851,0,0,9324413,3
random,8836,1553,1649,23,477438,0.0512,1,1,9324413,3
random,8836,1553,1649,32,760718,0.0816,0,0,9324413,3
random,5788,2439,267,1,8363,0.0572,0,0,146181,8
random,5788,2439,267,2,36785,0.2516,0,0,146181,8
random,5788,2439,267,10,20761,0.142,0,0,146181,8
random,5788,2439,267,11,9941,0.068,0,0,146181,8
random,5788,2439,267,13,7542,0.0516,0,0,146181,8
random,5788,2439,267,14,6909,0.0473,0,0,146181,8
random,5788,2439,267,15,6275,0.0429,0,0,146181,8
random,5788,2439,267,19,6414,0.0439,1,1,146181,8
random,2299,1795,556,105,256017,0.0323,1,1,7922669,2
random,2299,1795,556,106,332354,0.0419,0,0,7922669,2
random,9476,2391,857,1,400337,0.7473,1,1,535736,2
random,9476,2391,857,5,19486,0.0364,0,0,535736,2
random,7722,2247,2287,13,387636,0.1139,5,5,3402757,6
random,7722,2247,2287,18,119628,0.0352,0,0,3402757,6
random,7722,2247,2287,26,122266,0.0359,0,0,3402757,6
random,7722,2247,2287,29,232474,0.0683,1,1,3402757,6
random,7722,2247,2287,48,409158,0.1202,0,0,3402757,6
random,7722,2247,2287,86,205204,0.0603,0,0,3402757,6
random,459,2525,1770,1,971,0.0373,0,0,26017,2
random,459,2525,1770,2,2488,0.0956,0,0,26017,2
random,9961,1547,2578,6,533652,0.0626,8,3,8518119,4
random,9961,1547,2578,18,943215,0.1107,23,2,8518119,4
random,9961,1547,2578,20,398214,0.0467,7,0,8518119,4
random,9961,1547,2578,51,575860,0.0676,14,1,8518119,4
random,10157,1327,416,12,4163413,0.4177,4,4,9966428,3
random,10157,1327,416,17,503492,0.0505,3,3,9966428,3
random,10157,1327,416,110,315444,0.0317,0,0,9966428,3
random,11407,2157,2904,11,1193204,0.774,2,2,1541705,1
random,5482,2050,1336,25,344352,0.0445,0,0,7740353,5
random,5482,2050,1336,66,266055,0.0344,0,0,7740353,5
random,5482,2050,1336,124,283975,0.0367,0,0,7740353,5
random,5482,2050,1336,141,598473,0.0773,1,1,7740353,5
random,5482,2050,1336,145,252458,0.0326,0,0,7740353,5
random,7736,1911,2354,67,394053,0.0462,5,5,8536336,4
random,7736,1911,2354,133,283604,0.0332,1,1,8536336,4
random,7736,1911,2354,140,661554,0.0775,2,2,8536336,4
random,7736,1911,2354,199,337566,0.0395,0,0,8536336,4
random,4147,2089,910,23,2841503,0.3019,11,6,9410679,1
random,9251,1080,2526,74,73860,0.034,0,0,2172242,3
random,9251,1080,2526,81,86959,0.04,0,0,2172242,3
random,9251,1080,2526,86,85841,0.0395,0,0,2172242,3
random,9801,2008,1519,8,369703,0.0408,2,0,9069127,1
random,4603,1319,1258,121,225795,0.0372,0,0,6071740,3
random,4603,1319,1258,167,183918,0.0303,0,0,6071740,3
random,4603,1319,1258,178,258960,0.0427,0,0,6071740,3
random,9847,2174,802,16,798152,0.1018,4,0,7837715,2
random,9847,2174,802,29,3036051,0.3874,6,6,7837715,2
random,5649,2253,1879,10,236499,0.0332,0,0,7119146,4
random,5649,2253,1879,37,450172,0.0632,0,0,7119146,4
random,5649,2253,1879,50,216047,0.0303,0,0,7119146,4
random,5649,2253,1879,65,288181,0.0405,0,0,7119146,4
random,7306,1267,2402,15,91971,0.0705,1,1,1304109,7
random,7306,1267,2402,20,113693,0.0872,0,0,1304109,7
random,7306,1267,2402,27,48162,0.0369,0,0,1304109,7
random,7306,1267,2402,38,64767,0.0497,0,0,1304109,7
random,7306,1267,2402,41,54138,0.0415,0,0,1304109,7
random,7306,1267,2402,44,89117,0.0683,0,0,1304109,7
random,7306,1267,2402,45,83735,0.0642,0,0,1304109,7
random,1592,1892,253,1,823553,0.1433,2,2,5747395,1
random,8333,2106,1371,90,87468,0.0318,0,0,2750351,2
random,8333,2106,1371,155,173166,0.063,0,0,2750351,2
random,4427,2526,2251,2,51826,0.1127,0,0,459774,9
random,4427,2526,2251,4,30958,0.0673,2,0,459774,9
random,4427,2526,2251,6,24260,0.0528,0,0,459774,9
random,4427,2526,2251,9,21226,0.0462,0,0,459774,9
random,4427,2526,2251,17,18001,0.0392,0,0,459774,9
random,4427,2526,2251,19,35499,0.0772,0,0,459774,9
random,4427,2526,2251,21,28843,0.0627,0,0,459774,9
random,4427,2526,2251,22,15307,0.0333,0,0,459774,9
random,4427,2526,2251,26,22915,0.0498,0,0,459774,9
random,8336,1667,2444,35,501057,0.0623,3,3,8037217,1
random,9735,1696,2286,24,280642,0.0329,1,1,8527879,1
random,7885,1432,595,9,184363,0.0593,0,0,3109418,7
random,7885,1432,595,11,123571,0.0397,0,0,3109418,7
random,7885,1432,595,58,107816,0.0347,0,0,3109418,7
random,7885,1432,595,87,106658,0.0343,0,0,3109418,7
random,7885,1432,595,91,99257,0.0319,0,0,3109418,7
random,7885,1432,595,114,136858,0.044,1,1,3109418,7
random,7885,1432,595,115,98381,0.0316,0,0,3109418,7
random,2714,2648,1161,5,16114,0.0366,0,0,440585,9
random,2714,2648,1161,7,19494,0.0442,0,0,440585,9
random,2714,2648,1161,17,18882,0.0429,0,0,440585,9
random,2714,2648,1161,22,16659,0.0378,1,1,440585,9
random,2714,2648,1161,23,14157,0.0321,0,0,440585,9
random,2714,2648,1161,35,40368,0.0916,0,0,440585,9
random,2714,2648,1161,37,26561,0.0603,0,0,440585,9
random,2714,2648,1161,38,14553,0.033,0,0,440585,9
random,2714,2648,1161,49,24217,0.055,0,0,440585,9
random,9588,1946,763,32,1671121,0.2004,17,3,8337815,2
random,9588,1946,763,57,287346,0.0345,0,0,8337815,2
random,7754,1289,2766,16,266455,0.0834,2,2,3195973,4
random,7754,1289,2766,37,108713,0.034,0,0,3195973,4
random,7754,1289,2766,85,173846,0.0544,0,0,3195973,4
random,7754,1289,2766,145,116766,0.0365,0,0,3195973,4
random,10556,1916,1019,141,461631,0.0474,0,0,9736261,2
random,10556,1916,1019,576,460536,0.0473,0,0,9736261,2
random,3430,897,1544,1,2854418,0.6314,9,9,4521117,1
random,4007,2003,2401,31,1156663,0.1309,0,0,8834687,2
random,4007,2003,2401,291,518198,0.0587,0,0,8834687,2
random,3127,813,2063,1,9952,0.2456,0,0,40524,3
random,3127,813,2063,2,1220,0.0301,0,0,40524,3
random,3127,813,2063,3,17136,0.4229,0,0,40524,3
random,8003,1099,2341,1,36764,0.0305,0,0,1205968,5
random,8003,1099,2341,11,105308,0.0873,1,1,1205968,5
random,8003,1099,2341,31,148762,0.1234,0,0,1205968,5
random,8003,1099,2341,48,37778,0.0313,0,0,1205968,5
random,8003,1099,2341,77,43160,0.0358,0,0,1205968,5
random,2932,1411,2868,4,236511,0.1484,5,2,1593216,6
random,2932,1411,2868,8,120940,0.0759,0,0,1593216,6
random,2932,1411,2868,48,100164,0.0629,0,0,1593216,6
random,2932,1411,2868,55,101300,0.0636,1,0,1593216,6
random,2932,1411,2868,119,64640,0.0406,0,0,1593216,6
random,2932,1411,2868,124,54674,0.0343,0,0,1593216,6
random,4150,1138,2122,7,161607,0.0324,0,0,4981547,4
random,4150,1138,2122,41,196736,0.0395,0,0,4981547,4
random,4150,1138,2122,107,254669,0.0511,0,0,4981547,4
random,4150,1138,2122,115,176640,0.0355,0,0,4981547,4
random,5560,2153,547,28,153787,0.0322,0,0,4782511,2
random,5560,2153,547,137,176309,0.0369,0,0,4782511,2
random,2499,1957,1929,13,318686,0.0365,11,2,8737517,1
random,4934,1814,1286,53,237803,0.0314,0,0,7569319,4
random,4934,1814,1286,63,307224,0.0406,0,0,7569319,4
random,4934,1814,1286,82,346697,0.0458,0,0,7569319,4
random,4934,1814,1286,106,318452,0.0421,0,0,7569319,4
random,2412,2543,2260,1,351175,0.3709,5,1,946780,6
random,2412,2543,2260,11,79039,0.0835,0,0,946780,6
random,2412,2543,2260,19,44799,0.0473,0,0,946780,6
random,2412,2543,2260,32,60288,0.0637,0,0,946780,6
random,2412,2543,2260,35,34456,0.0364,0,0,946780,6
random,2412,2543,2260,45,33342,0.0352,0,0,946780,6
random,4086,1562,2227,124,324918,0.0386,1,1,8415513,1
random,3140,1531,2183,9,924668,0.0943,8,1,9802853,5
random,3140,1531,2183,32,439008,0.0448,5,0,9802853,5
random,3140,1531,2183,48,406203,0.0414,0,0,9802853,5
random,3140,1531,2183,62,545365,0.0556,7,1,9802853,5
random,3140,1531,2183,314,300931,0.0307,4,2,9802853,5
random,3012,2277,2364,80,360486,0.0555,0,0,6497527,1
random,10693,547,1724,2,2232299,0.7213,1,1,3094891,2
random,10693,547,1724,81,125307,0.0405,0,0,3094891,2
random,10555,1998,2595,5,1212636,0.577,3,3,2101532,2
random,10555,1998,2595,124,79223,0.0377,0,0,2101532,2
random,2998,2482,1642,19,196217,0.0361,0,0,5430738,4
random,2998,2482,1642,24,246540,0.0454,0,0,5430738,4
random,2998,2482,1642,56,168728,0.0311,0,0,5430738,4
random,2998,2482,1642,184,227332,0.0419,0,0,5430738,4
random,709,2041,975,68,257669,0.0326,0,0,7899857,4
random,709,2041,975,80,242679,0.0307,0,0,7899857,4
random,709,2041,975,204,296090,0.0375,0,0,7899857,4
random,709,2041,975,210,241438,0.0306,0,0,7899857,4
random,10711,776,1762,3,4008259,0.5157,0,0,7772214,1
random,9255,2054,2393,6,4313784,0.588,32,11,7336081,2
random,9255,2054,2393,141,343064,0.0468,6,1,7336081,2
random,1798,1855,2115,41,302759,0.0414,1,0,7318270,2
random,1798,1855,2115,60,583389,0.0797,11,4,7318270,2
random,3713,1689,2467,40,1022588,0.1103,2,2,9270270,2
random,3713,1689,2467,203,483061,0.0521,2,0,9270270,2
random,10112,1394,3009,1,63086,0.0815,0,0,773835,6
random,10112,1394,3009,2,54272,0.0701,0,0,773835,6
random,10112,1394,3009,23,33552,0.0434,0,0,773835,6
random,10112,1394,3009,29,154882,0.2001,0,0,773835,6
random,10112,1394,3009,31,24873,0.0321,0,0,773835,6
random,10112,1394,3009,34,33174,0.0429,0,0,773835,6
random,210,1378,1854,13,444741,0.8811,1,1,504741,1
random,5982,1675,1047,227,410427,0.0487,0,0,8423351,1
random,4920,2369,2106,19,172113,0.0597,0,0,2881877,12
random,4920,2369,2106,21,285149,0.0989,0,0,2881877,12
random,4920,2369,2106,26,94104,0.0327,0,0,2881877,12
random,4920,2369,2106,27,119214,0.0414,0,0,2881877,12
random,4920,2369,2106,33,121890,0.0423,0,0,2881877,12
random,4920,2369,2106,36,114592,0.0398,0,0,2881877,12
random,4920,2369,2106,39,106796,0.0371,0,0,2881877,12
random,4920,2369,2106,41,134156,0.0466,0,0,2881877,12
random,4920,2369,2106,49,101836,0.0353,0,0,2881877,12
random,4920,2369,2106,50,152647,0.053,0,0,2881877,12
random,4920,2369,2106,53,121486,0.0422,0,0,2881877,12
random,4920,2369,2106,78,93301,0.0324,0,0,2881877,12
random,3222,1819,432,4,152976,0.0331,0,0,4624657,3
random,3222,1819,432,16,173238,0.0375,0,0,4624657,3
random,3222,1819,432,147,149853,0.0324,0,0,4624657,3
random,3513,942,1162,1,1467876,0.4363,4,4,3364346,2
random,3513,942,1162,68,270865,0.0805,0,0,3364346,2
random,1876,704,844,1,10068,0.2381,0,0,42278,5
random,1876,704,844,2,2913,0.0689,0,0,42278,5
random,1876,704,844,3,1695,0.0401,0,0,42278,5
random,1876,704,844,4,12092,0.286,0,0,42278,5
random,1876,704,844,5,3250,0.0769,0,0,42278,5
random,78,1113,1347,5,94856,0.1079,0,0,879349,6
random,78,1113,1347,42,56511,0.0643,0,0,879349,6
random,78,1113,1347,43,33538,0.0381,0,0,879349,6
random,78,1113,1347,100,34132,0.0388,0,0,879349,6
random,78,1113,1347,101,56037,0.0637,0,0,879349,6
random,78,1113,1347,110,33433,0.038,0,0,879349,6
random,10719,605,662,1,1910427,0.7286,1,1,2622226,1
random,6557,1950,1589,21,313517,0.0386,0,0,8127390,13
random,6557,1950,1589,22,300580,0.037,0,0,8127390,13
random,6557,1950,1589,25,277389,0.0341,0,0,8127390,13
random,6557,1950,1589,26,327409,0.0403,0,0,8127390,13
random,6557,1950,1589,27,578867,0.0712,0,0,8127390,13
random,6557,1950,1589,32,701652,0.0863,0,0,8127390,13
random,6557,1950,1589,36,352417,0.0434,0,0,8127390,13
random,6557,1950,1589,40,269758,0.0332,1,1,8127390,13
random,6557,1950,1589,41,414191,0.051,0,0,8127390,13
random,6557,1950,1589,47,274281,0.0337,0,0,8127390,13
random,6557,1950,1589,54,285221,0.0351,0,0,8127390,13
random,6557,1950,1589,56,357676,0.044,0,0,8127390,13
random,6557,1950,1589,63,431727,0.0531,0,0,8127390,13
random,8128,1823,488,23,215140,0.0348,0,0,6173502,4
random,8128,1823,488,65,192134,0.0311,0,0,6173502,4
random,8128,1823,488,107,312563,0.0506,0,0,6173502,4
random,8128,1823,488,191,202916,0.0329,0,0,6173502,4
random,7207,2253,1279,238,190889,0.031,2,1,6164751,1
random,8035,1038,2711,1,5871,0.1659,0,0,35379,6
random,8035,1038,2711,2,5927,0.1675,0,0,35379,6
random,8035,1038,2711,3,2105,0.0595,0,0,35379,6
random,8035,1038,2711,4,3831,0.1083,0,0,35379,6
random,8035,1038,2711,5,3705,0.1047,0,0,35379,6
random,8035,1038,2711,7,2031,0.0574,0,0,35379,6
random,3956,1511,3181,3,40821,0.1537,0,0,265544,8
random,3956,1511,3181,6,23931,0.0901,0,0,265544,8
random,3956,1511,3181,7,14517,0.0547,0,0,265544,8
random,3956,1511,3181,10,29021,0.1093,0,0,265544,8
random,3956,1511,3181,12,28469,0.1072,0,0,265544,8
random,3956,1511,3181,13,14265,0.0537,0,0,265544,8
random,3956,1511,3181,16,10587,0.0399,0,0,265544,8
random,3956,1511,3181,18,36775,0.1385,0,0,265544,8
random,5407,1608,380,1,7371,0.0874,0,0,84354,10
random,5407,1608,380,2,4684,0.0555,0,0,84354,10
random,5407,1608,380,5,6347,0.0752,0,0,84354,10
random,5407,1608,380,7,8756,0.1038,0,0,84354,10
random,5407,1608,380,8,9085,0.1077,0,0,84354,10
random,5407,1608,380,11,3682,0.0436,0,0,84354,10
random,5407,1608,380,12,8860,0.105,0,0,84354,10
random,5407,1608,380,14,5524,0.0655,0,0,84354,10
random,5407,1608,380,15,3823,0.0453,0,0,84354,10
random,5407,1608,380,16,3414,0.0405,0,0,84354,10
random,8971,1606,866,9,263842,0.0318,0,0,8289865,2
random,8971,1606,866,357,475920,0.0574,0,0,8289865,2
random,226,1393,164,2,492461,0.1203,0,0,4094381,3
random,226,1393,164,4,429926,0.105,0,0,4094381,3
random,226,1393,164,21,2926313,0.7147,6,6,4094381,3
random,1330,1502,926,12,372178,0.0411,3,0,9063027,4
random,1330,1502,926,134,556478,0.0614,0,0,9063027,4
random,1330,1502,926,289,602076,0.0664,7,0,9063027,4
random,1330,1502,926,297,334330,0.0369,3,0,9063027,4
random,2473,1845,30,4,843497,0.3528,18,3,2390902,2
random,2473,1845,30,69,107248,0.0449,2,0,2390902,2
random,3914,2240,2328,2,1297130,0.1675,2,1,7744539,3
random,3914,2240,2328,151,444406,0.0574,1,1,7744539,3
random,3914,2240,2328,297,284782,0.0368,0,0,7744539,3
random,6325,2355,2424,7,282303,0.0942,0,0,2998206,9
random,6325,2355,2424,12,135071,0.0451,0,0,2998206,9
random,6325,2355,2424,15,90240,0.0301,0,0,2998206,9
random,6325,2355,2424,17,141369,0.0472,0,0,2998206,9
random,6325,2355,2424,21,231039,0.0771,0,0,2998206,9
random,6325,2355,2424,22,140455,0.0468,0,0,2998206,9
random,6325,2355,2424,23,107125,0.0357,0,0,2998206,9
random,6325,2355,2424,32,108993,0.0364,0,0,2998206,9
random,6325,2355,2424,45,92037,0.0307,0,0,2998206,9
random,9060,2245,862,8,122791,0.1026,0,0,1197284,6
random,9060,2245,862,9,58893,0.0492,1,1,1197284,6
random,9060,2245,862,13,125602,0.1049,1,1,1197284,6
random,9060,2245,862,40,71380,0.0596,1,1,1197284,6
random,9060,2245,862,42,42981,0.0359,0,0,1197284,6
random,9060,2245,862,53,84549,0.0706,0,0,1197284,6
random,10079,837,34,3,5709,0.0366,0,0,156023,4
random,10079,837,34,5,95423,0.6116,0,0,156023,4
random,10079,837,34,6,15490,0.0993,0,0,156023,4
random,10079,837,34,7,24027,0.154,0,0,156023,4
random,10675,1007,2220,67,1923159,0.1993,0,0,9648212,3
random,10675,1007,2220,96,376647,0.039,1,1,9648212,3
random,10675,1007,2220,212,323370,0.0335,0,0,9648212,3
random,11358,1628,438,1,222869,0.2826,0,0,788499,4
random,11358,1628,438,9,407733,0.5171,0,0,788499,4
random,11358,1628,438,16,36644,0.0465,0,0,788499,4
random,11358,1628,438,21,63446,0.0805,0,0,788499,4
random,3802,1099,2344,4,284160,0.1055,0,0,2693243,8
random,3802,1099,2344,34,98523,0.0366,0,0,2693243,8
random,3802,1099,2344,40,136542,0.0507,1,1,2693243,8
random,3802,1099,2344,50,135957,0.0505,0,0,2693243,8
random,3802,1099,2344,61,123578,0.0459,0,0,2693243,8
random,3802,1099,2344,94,142871,0.053,0,0,2693243,8
random,3802,1099,2344,103,100010,0.0371,0,0,2693243,8
random,3802,1099,2344,145,82836,0.0308,0,0,2693243,8
random,3636,1062,2083,4,2312175,0.4629,6,6,4994852,2
random,3636,1062,2083,31,232190,0.0465,0,0,4994852,2
random,2973,1962,1421,4,823002,0.0904,5,0,9100861,2
random,2973,1962,1421,146,360470,0.0396,2,0,9100861,2
random,7259,2445,260,2,99630,0.2974,1,1,334957,7
random,7259,2445,260,4,21704,0.0648,0,0,334957,7
random,7259,2445,260,11,39521,0.118,0,0,334957,7
random,7259,2445,260,14,27076,0.0808,0,0,334957,7
random,7259,2445,260,24,13191,0.0394,0,0,334957,7
random,7259,2445,260,27,15573,0.0465,0,0,334957,7
random,7259,2445,260,29,10337,0.0309,0,0,334957,7
random,4750,2218,2869,7,128822,0.0513,0,0,2511900,7
random,4750,2218,2869,12,134553,0.0536,0,0,2511900,7
random,4750,2218,2869,47,116089,0.0462,0,0,2511900,7
random,4750,2218,2869,68,166728,0.0664,2,2,2511900,7
random,4750,2218,2869,75,77905,0.031,0,0,2511900,7
random,4750,2218,2869,93,218972,0.0872,0,0,2511900,7
random,4750,2218,2869,102,122382,0.0487,0,0,2511900,7
random,9478,2261,679,5,1069828,0.6749,2,1,1585060,3
random,9478,2261,679,20,50239,0.0317,0,0,1585060,3
random,9478,2261,679,21,71270,0.045,1,1,1585060,3
random,4075,2325,952,35,250604,0.0563,2,2,4449290,3
random,4075,2325,952,40,210599,0.0473,3,1,4449290,3
random,4075,2325,952,362,381704,0.0858,0,0,4449290,3
random,3775,2148,2395,112,614900,0.0747,3,2,8229013,2
random,3775,2148,2395,435,1193913,0.1451,4,2,8229013,2
random,9378,1877,2500,5,197901,0.0306,1,0,6477228,5
random,9378,1877,2500,17,204645,0.0316,0,0,6477228,5
random,9378,1877,2500,118,424598,0.0656,5,2,6477228,5
random,9378,1877,2500,149,343351,0.053,0,0,6477228,5
random,9378,1877,2500,232,230106,0.0355,0,0,6477228,5
random,1655,1312,1502,21,321743,0.0404,0,0,7964945,2
random,1655,1312,1502,107,314842,0.0395,0,0,7964945,2
random,2142,801,1412,1,42316,0.1663,0,0,254390,5
random,2142,801,1412,2,44695,0.1757,0,0,254390,5
random,2142,801,1412,4,21756,0.0855,0,0,254390,5
random,2142,801,1412,5,34535,0.1358,0,0,254390,5
random,2142,801,1412,6,96159,0.378,0,0,254390,5
random,8781,1660,883,98,452079,0.0489,0,0,9236370,3
random,8781,1660,883,109,531138,0.0575,0,0,9236370,3
random,8781,1660,883,582,562403,0.0609,0,0,9236370,3
random,4870,1594,2288,241,278726,0.0356,0,0,7822815,2
random,4870,1594,2288,248,295458,0.0378,0,0,7822815,2
random,10024,1647,244,1,923394,0.1102,14,5,8378494,5
random,10024,1647,244,18,635623,0.0759,2,0,8378494,5
random,10024,1647,244,58,1043929,0.1246,2,0,8378494,5
random,10024,1647,244,64,619927,0.074,8,2,8378494,5
random,10024,1647,244,549,298392,0.0356,0,0,8378494,5
random,10823,1850,1512,2,5076182,0.8834,5,5,5746435,1
random,10360,1401,1831,16,495752,0.0537,4,2,9240116,3
random,10360,1401,1831,90,791942,0.0857,5,0,9240116,3
random,10360,1401,1831,241,328579,0.0356,1,1,9240116,3
random,2708,1145,1945,194,262227,0.0357,0,0,7347256,2
random,2708,1145,1945,297,234361,0.0319,2,2,7347256,2
random,9298,1629,1669,8,286756,0.031,2,0,9245200,2
random,9298,1629,1669,325,573930,0.0621,2,0,9245200,2
random,8241,2239,667,30,190143,0.0876,1,1,2171002,5
random,8241,2239,667,40,84468,0.0389,0,0,2171002,5
random,8241,2239,667,45,83535,0.0385,0,0,2171002,5
random,8241,2239,667,60,67742,0.0312,0,0,2171002,5
random,8241,2239,667,105,129375,0.0596,0,0,2171002,5
random,5472,1766,1831,212,260568,0.0304,0,0,8561495,1
random,11255,1149,27,1,634125,0.9966,0,0,636308,1
random,8249,1747,2911,3,315613,0.0763,2,2,4137279,4
random,8249,1747,2911,33,382165,0.0924,0,0,4137279,4
random,8249,1747,2911,43,152917,0.037,0,0,4137279,4
random,8249,1747,2911,136,150393,0.0364,0,0,4137279,4
random,5538,1895,2051,17,301276,0.0354,0,0,8511074,5
random,5538,1895,2051,64,270823,0.0318,0,0,8511074,5
random,5538,1895,2051,87,393964,0.0463,0,0,8511074,5
random,5538,1895,2051,90,503120,0.0591,0,0,8511074,5
random,5538,1895,2051,210,373881,0.0439,0,0,8511074,5
random,1553,539,1014,16,47674,0.0341,0,0,1399462,8
random,1553,539,1014,19,73307,0.0524,0,0,1399462,8
random,1553,539,1014,26,472254,0.3375,0,0,1399462,8
random,1553,539,1014,29,42906,0.0307,0,0,1399462,8
random,1553,539,1014,38,48153,0.0344,0,0,1399462,8
random,1553,539,1014,46,59763,0.0427,0,0,1399462,8
random,1553,539,1014,56,50934,0.0364,0,0,1399462,8
random,1553,539,1014,77,48022,0.0343,1,1,1399462,8
random,7391,1716,794,17,317000,0.0456,0,0,6951278,5
random,7391,1716,794,36,288664,0.0415,0,0,6951278,5
random,7391,1716,794,60,218578,0.0314,2,2,6951278,5
random,7391,1716,794,67,208658,0.03,0,0,6951278,5
random,7391,1716,794,126,479966,0.069,0,0,6951278,5
random,10556,1462,2276,1,2737561,0.2781,0,0,9843859,3
random,10556,1462,2276,70,537971,0.0547,5,5,9843859,3
random,10556,1462,2276,116,540187,0.0549,0,0,9843859,3
random,5175,1545,2353,33,230708,0.033,0,0,6994086,3
random,5175,1545,2353,139,218008,0.0312,0,0,6994086,3
random,5175,1545,2353,154,426847,0.061,0,0,6994086,3
random,3733,2729,1588,45,113549,0.056,0,0,2029364,3
random,3733,2729,1588,73,86012,0.0424,0,0,2029364,3
random,3733,2729,1588,99,77134,0.038,0,0,2029364,3
random,4733,1616,3153,1,131781,0.272,0,0,484562,5
random,4733,1616,3153,9,43654,0.0901,2,2,484562,5
random,4733,1616,3153,23,106034,0.2188,1,1,484562,5
random,4733,1616,3153,32,20094,0.0415,0,0,484562,5
random,4733,1616,3153,39,18041,0.0372,0,0,484562,5
random,6244,1406,2261,29,247278,0.073,1,1,3388212,2
random,6244,1406,2261,41,109304,0.0323,0,0,3388212,2
random,3460,1306,1953,1,1265199,0.1293,6,6,9787522,2
random,3460,1306,1953,25,5871362,0.5999,6,6,9787522,2
random,1419,2502,1450,2,14513,0.0458,0,0,316962,10
random,1419,2502,1450,3,33098,0.1044,0,0,316962,10
random,1419,2502,1450,4,12204,0.0385,0,0,316962,10
random,1419,2502,1450,8,11095,0.035,0,0,316962,10
random,1419,2502,1450,12,9606,0.0303,0,0,316962,10
random,1419,2502,1450,14,10675,0.0337,0,0,316962,10
random,1419,2502,1450,15,13950,0.044,0,0,316962,10
random,1419,2502,1450,16,12294,0.0388,0,0,316962,10
random,1419,2502,1450,19,12919,0.0408,0,0,316962,10
random,1419,2502,1450,20,89430,0.2821,0,0,316962,10
random,4495,1034,1400,5,114425,0.0319,1,1,3587549,3
random,4495,1034,1400,39,116705,0.0325,0,0,3587549,3
random,4495,1034,1400,91,209509,0.0584,0,0,3587549,3
random,5692,1609,1607,30,325685,0.0392,0,0,8314085,2
random,5692,1609,1607,62,404509,0.0487,0,0,8314085,2
random,5779,2597,1376,1,39410,0.149,0,0,264548,4
random,5779,2597,1376,2,55685,0.2105,0,0,264548,4
random,5779,2597,1376,3,13643,0.0516,0,0,264548,4
random,5779,2597,1376,4,48239,0.1823,0,0,264548,4
random,2561,1135,647,6,144419,0.0594,0,0,2432958,6
random,2561,1135,647,15,116271,0.0478,0,0,2432958,6
random,2561,1135,647,29,83407,0.0343,0,0,2432958,6
random,2561,1135,647,40,82035,0.0337,0,0,2432958,6
random,2561,1135,647,87,87238,0.0359,0,0,2432958,6
random,2561,1135,647,101,76155,0.0313,0,0,2432958,6
random,10684,1842,1049,12,5556225,0.5519,9,9,10067021,2
random,10684,1842,1049,14,478414,0.0475,0,0,10067021,2
random,3347,2807,2370,1,23290,0.149,0,0,156296,4
random,3347,2807,2370,2,34228,0.219,0,0,156296,4
random,3347,2807,2370,3,29916,0.1914,0,0,156296,4
random,3347,2807,2370,4,8519,0.0545,0,0,156296,4
random,3553,2804,1702,6,51880,0.0579,0,0,896119,4
random,3553,2804,1702,12,36535,0.0408,0,0,896119,4
random,3553,2804,1702,15,29756,0.0332,0,0,896119,4
random,3553,2804,1702,111,32204,0.0359,0,0,896119,4
random,7805,1747,2790,57,707153,0.1081,0,0,6542729,2
random,7805,1747,2790,191,197064,0.0301,3,3,6542729,2
random,6269,2576,1439,1,62446,0.0883,0,0,707282,8
random,6269,2576,1439,2,57864,0.0818,0,0,707282,8
random,6269,2576,1439,3,209261,0.2959,0,0,707282,8
random,6269,2576,1439,5,87976,0.1244,0,0,707282,8
random,6269,2576,1439,6,40819,0.0577,0,0,707282,8
random,6269,2576,1439,7,47533,0.0672,0,0,707282,8
random,6269,2576,1439,8,43626,0.0617,0,0,707282,8
random,6269,2576,1439,9,39883,0.0564,0,0,707282,8
random,1089,1903,2237,5,119187,0.0302,0,0,3952981,5
random,1089,1903,2237,7,192821,0.0488,0,0,3952981,5
random,1089,1903,2237,16,131126,0.0332,2,0,3952981,5
random,1089,1903,2237,30,367852,0.0931,8,0,3952981,5
random,1089,1903,2237,40,121661,0.0308,1,0,3952981,5
random,7389,1237,2166,3,73171,0.0378,0,0,1934038,11
random,7389,1237,2166,8,60175,0.0311,0,0,1934038,11
random,7389,1237,2166,9,109357,0.0565,0,0,1934038,11
random,7389,1237,2166,14,74742,0.0386,0,0,1934038,11
random,7389,1237,2166,15,100714,0.0521,0,0,1934038,11
random,7389,1237,2166,30,80574,0.0417,0,0,1934038,11
random,7389,1237,2166,32,94823,0.049,0,0,1934038,11
random,7389,1237,2166,38,98864,0.0511,0,0,1934038,11
random,7389,1237,2166,64,88771,0.0459,0,0,1934038,11
random,7389,1237,2166,65,65044,0.0336,0,0,1934038,11
random,7389,1237,2166,71,130469,0.0675,0,0,1934038,11
random,3684,1800,1464,109,638075,0.0759,3,0,8409620,2
random,3684,1800,1464,124,376887,0.0448,3,0,8409620,2
random,6245,2055,1541,18,262844,0.0315,0,0,8356805,9
random,6245,2055,1541,22,312883,0.0374,0,0,8356805,9
random,6245,2055,1541,26,622670,0.0745,0,0,8356805,9
random,6245,2055,1541,49,259766,0.0311,0,0,8356805,9
random,6245,2055,1541,68,259237,0.031,0,0,8356805,9
random,6245,2055,1541,75,315079,0.0377,0,0,8356805,9
random,6245,2055,1541,83,308201,0.0369,0,0,8356805,9
random,6245,2055,1541,96,341553,0.0409,0,0,8356805,9
random,6245,2055,1541,111,329449,0.0394,0,0,8356805,9
random,6542,1561,1770,34,231695,0.0328,0,0,7060333,6
random,6542,1561,1770,37,233704,0.0331,0,0,7060333,6
random,6542,1561,1770,44,477062,0.0676,0,0,7060333,6
random,6542,1561,1770,58,263047,0.0373,0,0,7060333,6
random,6542,1561,1770,61,319870,0.0453,0,0,7060333,6
random,6542,1561,1770,64,214558,0.0304,0,0,7060333,6
random,392,1900,1976,27,336338,0.4106,3,3,819125,2
random,392,1900,1976,78,25031,0.0306,0,0,819125,2
random,7432,1761,3107,3,694874,0.2079,3,3,3342621,8
random,7432,1761,3107,8,122516,0.0367,0,0,3342621,8
random,7432,1761,3107,27,126016,0.0377,0,0,3342621,8
random,7432,1761,3107,29,130276,0.039,0,0,3342621,8
random,7432,1761,3107,72,197710,0.0591,0,0,3342621,8
random,7432,1761,3107,73,101124,0.0303,2,2,3342621,8
random,7432,1761,3107,92,162351,0.0486,0,0,3342621,8
random,7432,1761,3107,93,258148,0.0772,0,0,3342621,8
random,11487,1037,3025,1,588344,0.6113,0,0,962429,5
random,11487,1037,3025,10,73253,0.0761,0,0,962429,5
random,11487,1037,3025,15,73044,0.0759,0,0,962429,5
random,11487,1037,3025,21,39818,0.0414,0,0,962429,5
random,11487,1037,3025,22,46133,0.0479,0,0,962429,5
random,2131,1532,1917,200,402739,0.0478,0,0,8428325,1
random,5578,1412,684,13,70288,0.0315,0,0,2230817,8
random,5578,1412,684,15,317108,0.1421,0,0,2230817,8
random,5578,1412,684,16,75769,0.034,0,0,2230817,8
random,5578,1412,684,30,118056,0.0529,0,0,2230817,8
random,5578,1412,684,47,100191,0.0449,0,0,2230817,8
random,5578,1412,684,55,108224,0.0485,0,0,2230817,8
random,5578,1412,684,74,83943,0.0376,0,0,2230817,8
random,5578,1412,684,79,125918,0.0564,0,0,2230817,8
random,7314,2237,1254,1,195663,0.0346,2,0,5656924,4
random,7314,2237,1254,21,174639,0.0309,5,1,5656924,4
random,7314,2237,1254,41,1979851,0.35,23,6,5656924,4
random,7314,2237,1254,187,238593,0.0422,1,0,5656924,4
random,11167,498,979,1,3868,0.0368,0,0,105162,9
random,11167,498,979,2,7152,0.068,0,0,105162,9
random,11167,498,979,3,5739,0.0546,0,0,105162,9
random,11167,498,979,4,3425,0.0326,0,0,105162,9
random,11167,498,979,8,4314,0.041,0,0,105162,9
random,11167,498,979,9,4012,0.0382,0,0,105162,9
random,11167,498,979,11,12313,0.1171,0,0,105162,9
random,11167,498,979,12,5296,0.0504,0,0,105162,9
random,11167,498,979,13,12121,0.1153,0,0,105162,9
random,6219,2038,480,2,1888904,0.5112,4,4,3694939,1
random,2244,2100,1394,7,638959,0.0778,1,1,8211128,2
random,2244,2100,1394,24,265792,0.0324,0,0,8211128,2
random,4742,2118,1251,5,2718578,0.3025,17,8,8987158,1
random,876,1239,501,2,2478406,0.7546,1,1,3284217,1
random,5571,2169,2662,24,115071,0.0302,0,0,3813962,3
random,5571,2169,2662,147,152035,0.0399,0,0,3813962,3
random,5571,2169,2662,154,121179,0.0318,0,0,3813962,3
random,2180,2085,98,3,93712,0.0724,0,0,1295150,7
random,2180,2085,98,5,77825,0.0601,0,0,1295150,7
random,2180,2085,98,6,53279,0.0411,0,0,1295150,7
random,2180,2085,98,18,147107,0.1136,0,0,1295150,7
random,2180,2085,98,35,68018,0.0525,0,0,1295150,7
random,2180,2085,98,45,60128,0.0464,0,0,1295150,7
random,2180,2085,98,51,45762,0.0353,0,0,1295150,7
random,9987,1800,895,67,572715,0.0629,3,0,9108894,1
random,10480,1843,1932,6,382807,0.0392,0,0,9764661,4
random,10480,1843,1932,10,1259418,0.129,2,2,9764661,4
random,10480,1843,1932,82,346342,0.0355,0,0,9764661,4
random,10480,1843,1932,200,710338,0.0727,0,0,9764661,4
random,4760,2066,2191,4,269618,0.0381,0,0,7076812,2
random,4760,2066,2191,88,280447,0.0396,0,0,7076812,2
random,9696,2029,1931,28,263364,0.0344,0,0,7653573,1
random,8091,2250,990,1,36527,0.0373,0,0,979797,11
random,8091,2250,990,4,47434,0.0484,0,0,979797,11
random,8091,2250,990,5,46813,0.0478,0,0,979797,11
random,8091,2250,990,7,107634,0.1099,0,0,979797,11
random,8091,2250,990,8,48345,0.0493,0,0,979797,11
random,8091,2250,990,11,55599,0.0567,0,0,979797,11
random,8091,2250,990,18,105841,0.108,0,0,979797,11
random,8091,2250,990,22,39363,0.0402,0,0,979797,11
random,8091,2250,990,25,35375,0.0361,0,0,979797,11
random,8091,2250,990,32,127327,0.13,0,0,979797,11
random,8091,2250,990,40,44906,0.0458,0,0,979797,11
random,10257,1663,2937,1,120426,0.1166,1,1,1033055,7
random,10257,1663,2937,2,223432,0.2163,1,1,1033055,7
random,10257,1663,2937,14,39905,0.0386,0,0,1033055,7
random,10257,1663,2937,16,66851,0.0647,0,0,1033055,7
random,10257,1663,2937,22,100773,0.0975,0,0,1033055,7
random,10257,1663,2937,50,53662,0.0519,0,0,1033055,7
random,10257,1663,2937,65,41563,0.0402,0,0,1033055,7
random,2830,1116,2620,12,183311,0.1038,0,0,1766625,10
random,2830,1116,2620,17,83712,0.0474,0,0,1766625,10
random,2830,1116,2620,19,155925,0.0883,0,0,1766625,10
random,2830,1116,2620,20,75301,0.0426,0,0,1766625,10
random,2830,1116,2620,21,65499,0.0371,0,0,1766625,10
random,2830,1116,2620,30,58289,0.033,0,0,1766625,10
random,2830,1116,2620,33,77415,0.0438,0,0,1766625,10
random,2830,1116,2620,42,65132,0.0369,0,0,1766625,10
random,2830,1116,2620,47,68326,0.0387,0,0,1766625,10
random,2830,1116,2620,54,140274,0.0794,0,0,1766625,10
random,5331,1214,1773,4,379461,0.1468,1,1,2584071,3
random,5331,1214,1773,35,95483,0.037,0,0,2584071,3
random,5331,1214,1773,155,164613,0.0637,1,1,2584071,3
random,8723,2294,1691,3,80334,0.3026,0,0,265483,5
random,8723,2294,1691,4,12000,0.0452,0,0,265483,5
random,8723,2294,1691,5,91475,0.3446,0,0,265483,5
random,8723,2294,1691,6,21206,0.0799,0,0,265483,5
random,8723,2294,1691,10,25828,0.0973,0,0,265483,5
random,999,1057,544,1,2824626,0.7667,9,9,3684060,1
random,9886,1580,40,14,220869,0.0534,0,0,4134359,5
random,9886,1580,40,22,153165,0.037,2,0,4134359,5
random,9886,1580,40,25,357013,0.0864,10,1,4134359,5
random,9886,1580,40,93,293371,0.071,5,2,4134359,5
random,9886,1580,40,143,206054,0.0498,7,2,4134359,5
random,7035,2549,1895,6,85940,0.0379,0,0,2268592,12
random,7035,2549,1895,7,116554,0.0514,0,0,2268592,12
random,7035,2549,1895,11,198797,0.0876,0,0,2268592,12
random,7035,2549,1895,12,80751,0.0356,0,0,2268592,12
random,7035,2549,1895,15,68923,0.0304,0,0,2268592,12
random,7035,2549,1895,16,122719,0.0541,0,0,2268592,12
random,7035,2549,1895,18,82168,0.0362,0,0,2268592,12
random,7035,2549,1895,23,89030,0.0392,0,0,2268592,12
random,7035,2549,1895,24,101144,0.0446,0,0,2268592,12
random,7035,2549,1895,25,109942,0.0485,0,0,2268592,12
random,7035,2549,1895,27,210502,0.0928,0,0,2268592,12
random,7035,2549,1895,32,266061,0.1173,0,0,2268592,12
random,9420,2328,1168,5,1277812,0.4862,7,1,2628376,1
random,7126,1567,1410,85,405483,0.0469,0,0,8651826,2
random,7126,1567,1410,96,273327,0.0316,1,1,8651826,2
random,10048,1600,1823,8,2214379,0.2159,3,0,10255041,4
random,10048,1600,1823,23,510531,0.0498,0,0,10255041,4
random,10048,1600,1823,62,604021,0.0589,3,1,10255041,4
random,10048,1600,1823,93,870245,0.0849,6,0,10255041,4
random,6069,2159,1149,38,199153,0.0378,0,0,5266828,5
random,6069,2159,1149,87,283265,0.0538,0,0,5266828,5
random,6069,2159,1149,123,214527,0.0407,0,0,5266828,5
random,6069,2159,1149,129,202673,0.0385,0,0,5266828,5
random,6069,2159,1149,156,214261,0.0407,0,0,5266828,5
random,7850,1045,1764,26,37235,0.0358,0,0,1039767,6
random,7850,1045,1764,55,41421,0.0398,0,0,1039767,6
random,7850,1045,1764,63,41523,0.0399,0,0,1039767,6
random,7850,1045,1764,65,33457,0.0322,0,0,1039767,6
random,7850,1045,1764,84,31789,0.0306,0,0,1039767,6
random,7850,1045,1764,94,31219,0.03,0,0,1039767,6
random,9972,2553,1689,1,22695,0.0823,0,0,275635,6
random,9972,2553,1689,3,61274,0.2223,0,0,275635,6
random,9972,2553,1689,4,13547,0.0491,0,0,275635,6
random,9972,2553,1689,5,26182,0.095,0,0,275635,6
random,9972,2553,1689,6,18668,0.0677,0,0,275635,6
random,9972,2553,1689,7,8584,0.0311,0,0,275635,6
random,10946,1957,2090,4,34772,0.4239,0,0,82031,5
random,10946,1957,2090,5,18917,0.2306,0,0,82031,5
random,10946,1957,2090,6,2810,0.0343,0,0,82031,5
random,10946,1957,2090,9,4880,0.0595,0,0,82031,5
random,10946,1957,2090,17,3585,0.0437,0,0,82031,5
random,9218,1587,3164,21,28190,0.0332,1,1,849871,7
random,9218,1587,3164,28,36350,0.0428,0,0,849871,7
random,9218,1587,3164,34,52500,0.0618,0,0,849871,7
random,9218,1587,3164,45,28853,0.0339,1,1,849871,7
random,9218,1587,3164,52,50450,0.0594,1,1,849871,7
random,9218,1587,3164,54,156405,0.184,1,1,849871,7
random,9218,1587,3164,58,28587,0.0336,1,1,849871,7
random,5468,2251,2856,79,41380,0.0341,0,0,1213856,1
random,3308,1982,2485,22,964593,0.1101,1,0,8759742,3
random,3308,1982,2485,25,520240,0.0594,2,1,8759742,3
random,3308,1982,2485,245,311424,0.0356,7,2,8759742,3
random,2588,2652,1981,1,40013,0.0356,0,0,1123122,6
random,2588,2652,1981,9,46373,0.0413,0,0,1123122,6
random,2588,2652,1981,18,45382,0.0404,0,0,1123122,6
random,2588,2652,1981,25,39409,0.0351,0,0,1123122,6
random,2588,2652,1981,60,101349,0.0902,0,0,1123122,6
random,2588,2652,1981,70,84788,0.0755,0,0,1123122,6
random,856,1423,2004,14,547463,0.2464,1,1,2221746,4
random,856,1423,2004,37,745613,0.3356,5,1,2221746,4
random,856,1423,2004,75,195769,0.0881,1,1,2221746,4
random,856,1423,2004,134,130005,0.0585,0,0,2221746,4
random,3233,1637,613,4,326967,0.04,5,0,8172990,3
random,3233,1637,613,55,264697,0.0324,3,1,8172990,3
random,3233,1637,613,84,571909,0.07,2,1,8172990,3
random,2621,1119,1852,73,282322,0.0417,0,0,6763665,1
random,9578,2136,1983,137,280830,0.0402,2,2,6977944,2
random,9578,2136,1983,228,306390,0.0439,0,0,6977944,2
random,9616,2463,1466,14,71018,0.0491,0,0,1446357,5
random,9616,2463,1466,19,67564,0.0467,0,0,1446357,5
random,9616,2463,1466,36,65185,0.0451,0,0,1446357,5
random,9616,2463,1466,59,75635,0.0523,0,0,1446357,5
random,9616,2463,1466,84,84897,0.0587,0,0,1446357,5
random,11063,289,1924,7,1994954,0.8294,1,1,2405199,1
random,3038,1534,1241,34,1604956,0.1687,8,2,9514266,4
random,3038,1534,1241,65,394525,0.0415,1,0,9514266,4
random,3038,1534,1241,368,376967,0.0396,1,0,9514266,4
random,3038,1534,1241,690,387917,0.0408,0,0,9514266,4
random,11495,1434,3203,19,306273,0.0797,0,0,3841024,2
random,11495,1434,3203,24,3180812,0.8281,0,0,3841024,2
random,10631,2307,1514,5,2662760,0.7035,5,5,3785192,1
random,3257,1251,1567,2,7055678,0.6705,11,11,10523747,1
random,9782,1903,2858,9,294519,0.1292,0,0,2278974,3
random,9782,1903,2858,21,86658,0.038,0,0,2278974,3
random,9782,1903,2858,107,77212,0.0339,1,1,2278974,3
random,1194,1067,891,2,2806625,0.2926,4,4,9592218,2
random,1194,1067,891,24,632213,0.0659,4,3,9592218,2
random,2833,2333,3045,1,42539,0.6207,0,0,68537,2
random,2833,2333,3045,2,2414,0.0352,0,0,68537,2
random,5447,1453,2606,1,137000,0.041,0,0,3342076,2
random,5447,1453,2606,29,102645,0.0307,0,0,3342076,2
random,2607,2145,2777,1,84935,0.0303,0,0,2798924,7
random,2607,2145,2777,8,91084,0.0325,0,0,2798924,7
random,2607,2145,2777,18,135318,0.0483,1,1,2798924,7
random,2607,2145,2777,23,107222,0.0383,0,0,2798924,7
random,2607,2145,2777,46,183643,0.0656,0,0,2798924,7
random,2607,2145,2777,80,84058,0.03,0,0,2798924,7
random,2607,2145,2777,99,108177,0.0386,0,0,2798924,7
random,1087,1633,563,2,866193,0.0984,9,0,8806436,3
random,1087,1633,563,42,443936,0.0504,0,0,8806436,3
random,1087,1633,563,86,270372,0.0307,1,0,8806436,3
random,6851,2581,618,2,26852,0.0431,0,0,622451,6
random,6851,2581,618,3,25072,0.0403,0,0,622451,6
random,6851,2581,618,20,24064,0.0387,0,0,622451,6
random,6851,2581,618,23,228223,0.3667,0,0,622451,6
random,6851,2581,618,28,52212,0.0839,0,0,622451,6
random,6851,2581,618,32,56349,0.0905,0,0,622451,6
random,8288,1763,2789,30,748730,0.1559,4,4,4804128,3
random,8288,1763,2789,150,146763,0.0305,0,0,4804128,3
random,8288,1763,2789,376,151793,0.0316,0,0,4804128,3
random,8693,1607,1750,28,392263,0.0408,0,0,9606811,4
random,8693,1607,1750,74,984666,0.1025,0,0,9606811,4
random,8693,1607,1750,123,761391,0.0793,0,0,9606811,4
random,8693,1607,1750,658,1359831,0.1415,1,1,9606811,4
random,7833,1872,2143,33,308545,0.0348,0,0,8869306,5
random,7833,1872,2143,36,507293,0.0572,1,1,8869306,5
random,7833,1872,2143,82,315575,0.0356,0,0,8869306,5
random,7833,1872,2143,91,353116,0.0398,0,0,8869306,5
random,7833,1872,2143,168,757825,0.0854,6,6,8869306,5
random,2618,1264,1121,56,207227,0.0315,0,0,6572859,1
random,831,1150,688,1,412798,0.481,1,1,858156,3
random,831,1150,688,13,55329,0.0645,0,0,858156,3
random,831,1150,688,54,28098,0.0327,0,0,858156,3
random,10880,1308,2745,9,18144,0.0315,0,0,576242,6
random,10880,1308,2745,27,17681,0.0307,0,0,576242,6
random,10880,1308,2745,36,22671,0.0393,0,0,576242,6
random,10880,1308,2745,37,183056,0.3177,0,0,576242,6
random,10880,1308,2745,47,18121,0.0314,0,0,576242,6
random,10880,1308,2745,49,17328,0.0301,0,0,576242,6
random,4229,808,2132,1,2031,0.0716,0,0,28353,3
random,4229,808,2132,2,8510,0.3001,0,0,28353,3
random,4229,808,2132,3,2662,0.0939,0,0,28353,3
random,2817,800,2208,1,4589,0.0689,1,1,66627,6
random,2817,800,2208,2,4116,0.0618,0,0,66627,6
random,2817,800,2208,3,24464,0.3672,0,0,66627,6
random,2817,800,2208,4,2449,0.0368,0,0,66627,6
random,2817,800,2208,6,4348,0.0653,0,0,66627,6
random,2817,800,2208,7,11908,0.1787,0,0,66627,6
random,308,2146,775,2,25597,0.0682,0,0,375546,6
random,308,2146,775,4,151833,0.4043,0,0,375546,6
random,308,2146,775,11,11817,0.0315,0,0,375546,6
random,308,2146,775,12,18787,0.05,0,0,375546,6
random,308,2146,775,16,11683,0.0311,0,0,375546,6
random,308,2146,775,23,20567,0.0548,0,0,375546,6
random,298,1746,2100,1,1775575,0.9131,4,4,1944573,1
random,6854,2478,793,3,188335,0.0821,0,0,2295301,7
random,6854,2478,793,14,113924,0.0496,0,0,2295301,7
random,6854,2478,793,32,70259,0.0306,0,0,2295301,7
random,6854,2478,793,40,69675,0.0304,0,0,2295301,7
random,6854,2478,793,56,73087,0.0318,0,0,2295301,7
random,6854,2478,793,74,136634,0.0595,0,0,2295301,7
random,6854,2478,793,80,106279,0.0463,0,0,2295301,7
random,4196,1207,2550,7,73876,0.0313,1,1,2363146,3
random,4196,1207,2550,27,102258,0.0433,0,0,2363146,3
random,4196,1207,2550,61,291789,0.1235,0,0,2363146,3
random,10423,2421,1215,6,272046,0.0929,0,0,2926808,4
random,10423,2421,1215,9,313894,0.1072,3,3,2926808,4
random,10423,2421,1215,23,87835,0.03,0,0,2926808,4
random,10423,2421,1215,104,359220,0.1227,0,0,2926808,4
random,1298,2081,1584,198,294140,0.0372,1,1,7899988,1
random,3334,924,967,7,30654,0.03,0,0,1021629,8
random,3334,924,967,25,39631,0.0388,0,0,1021629,8
random,3334,924,967,40,65365,0.064,0,0,1021629,8
random,3334,924,967,66,31398,0.0307,0,0,1021629,8
random,3334,924,967,93,63446,0.0621,0,0,1021629,8
random,3334,924,967,94,31296,0.0306,0,0,1021629,8
random,3334,924,967,97,53586,0.0525,0,0,1021629,8
random,3334,924,967,106,40357,0.0395,1,1,1021629,8
random,2489,1753,1523,33,364459,0.043,9,1,8479634,1
random,1404,2062,541,4,142557,0.0339,0,0,4210201,9
random,1404,2062,541,11,174973,0.0416,0,0,4210201,9
random,1404,2062,541,21,228964,0.0544,2,2,4210201,9
random,1404,2062,541,29,469848,0.1116,0,0,4210201,9
random,1404,2062,541,43,154937,0.0368,0,0,4210201,9
random,1404,2062,541,48,380038,0.0903,0,0,4210201,9
random,1404,2062,541,49,148497,0.0353,0,0,4210201,9
random,1404,2062,541,62,307961,0.0731,0,0,4210201,9
random,1404,2062,541,87,219283,0.0521,0,0,4210201,9
random,4195,1484,2113,43,445012,0.0529,0,0,8407027,3
random,4195,1484,2113,193,350152,0.0416,0,0,8407027,3
random,4195,1484,2113,198,254102,0.0302,0,0,8407027,3
random,1393,562,1899,3,697580,0.4265,2,2,1635484,2
random,1393,562,1899,89,79577,0.0487,1,1,1635484,2
random,10876,893,600,1,3821438,0.9276,1,1,4119556,1
random,11323,971,1730,1,19791,0.0362,0,0,546713,8
random,11323,971,1730,2,65927,0.1206,0,0,546713,8
random,11323,971,1730,3,52058,0.0952,0,0,546713,8
random,11323,971,1730,4,67963,0.1243,0,0,546713,8
random,11323,971,1730,5,56970,0.1042,0,0,546713,8
random,11323,971,1730,7,31402,0.0574,0,0,546713,8
random,11323,971,1730,8,32247,0.059,0,0,546713,8
random,11323,971,1730,9,94747,0.1733,0,0,546713,8
random,670,1636,1294,7,42553,0.0319,0,0,1334013,10
random,670,1636,1294,9,43753,0.0328,0,0,1334013,10
random,670,1636,1294,12,113528,0.0851,0,0,1334013,10
random,670,1636,1294,14,67828,0.0508,0,0,1334013,10
random,670,1636,1294,21,141319,0.1059,0,0,1334013,10
random,670,1636,1294,26,47798,0.0358,0,0,1334013,10
random,670,1636,1294,31,133618,0.1002,0,0,1334013,10
random,670,1636,1294,35,42806,0.0321,0,0,1334013,10
random,670,1636,1294,54,46558,0.0349,0,0,1334013,10
random,670,1636,1294,61,47083,0.0353,0,0,1334013,10
random,2412,854,1452,2,14620,0.0569,0,0,256988,8
random,2412,854,1452,3,30251,0.1177,0,0,256988,8
random,2412,854,1452,5,16034,0.0624,1,0,256988,8
random,2412,854,1452,6,57490,0.2237,0,0,256988,8
random,2412,854,1452,8,8853,0.0344,0,0,256988,8
random,2412,854,1452,11,26211,0.102,0,0,256988,8
random,2412,854,1452,14,52763,0.2053,0,0,256988,8
random,2412,854,1452,15,9645,0.0375,0,0,256988,8
random,10519,2312,1635,2,2015229,0.5009,4,4,4023156,2
random,10519,2312,1635,176,190405,0.0473,1,1,4023156,2
random,3079,2691,1834,113,95293,0.0389,0,0,2451015,1
random,9382,1863,1043,13,339720,0.0373,2,1,9101130,4
random,9382,1863,1043,117,809174,0.0889,2,2,9101130,4
random,9382,1863,1043,223,435406,0.0478,3,0,9101130,4
random,9382,1863,1043,265,303781,0.0334,2,0,9101130,4
random,2402,916,1408,7,71660,0.1051,0,0,681793,5
random,2402,916,1408,11,27467,0.0403,0,0,681793,5
random,2402,916,1408,12,83425,0.1224,1,1,681793,5
random,2402,916,1408,21,162144,0.2378,0,0,681793,5
random,2402,916,1408,43,83567,0.1226,0,0,681793,5
random,4080,1440,1945,226,291735,0.0322,2,0,9066391,1
random,2686,1502,2158,30,1085508,0.1413,9,2,7684041,4
random,2686,1502,2158,69,547707,0.0713,0,0,7684041,4
random,2686,1502,2158,91,471277,0.0613,0,0,7684041,4
random,2686,1502,2158,125,262068,0.0341,0,0,7684041,4
random,3518,1105,2466,3,15339,0.0915,0,0,167615,5
random,3518,1105,2466,6,15109,0.0901,0,0,167615,5
random,3518,1105,2466,7,82241,0.4907,0,0,167615,5
random,3518,1105,2466,9,23056,0.1376,0,0,167615,5
random,3518,1105,2466,14,9004,0.0537,0,0,167615,5
random,1038,1536,187,9,103048,0.0371,0,0,2776990,5
random,1038,1536,187,24,126070,0.0454,0,0,2776990,5
random,1038,1536,187,28,96595,0.0348,0,0,2776990,5
random,1038,1536,187,56,101874,0.0367,0,0,2776990,5
random,1038,1536,187,120,146546,0.0528,0,0,2776990,5
random,3292,939,504,2,13577,0.1191,0,0,113973,5
random,3292,939,504,3,45822,0.402,0,0,113973,5
random,3292,939,504,8,4301,0.0377,0,0,113973,5
random,3292,939,504,14,10840,0.0951,0,0,113973,5
random,3292,939,504,15,7881,0.0691,0,0,113973,5
random,11050,600,907,7,107097,0.2632,0,0,406893,5
random,11050,600,907,15,71696,0.1762,1,1,406893,5
random,11050,600,907,29,16414,0.0403,0,0,406893,5
random,11050,600,907,30,45991,0.113,0,0,406893,5
random,11050,600,907,35,20512,0.0504,0,0,406893,5
random,5957,1506,2117,17,138310,0.0343,0,0,4034934,6
random,5957,1506,2117,22,295257,0.0732,0,0,4034934,6
random,5957,1506,2117,27,136453,0.0338,0,0,4034934,6
random,5957,1506,2117,103,137595,0.0341,0,0,4034934,6
random,5957,1506,2117,109,178276,0.0442,0,0,4034934,6
random,5957,1506,2117,110,142480,0.0353,0,0,4034934,6
random,10648,2120,2583,3,275682,0.3084,0,0,893810,3
random,10648,2120,2583,5,179050,0.2003,0,0,893810,3
random,10648,2120,2583,70,42664,0.0477,0,0,893810,3
random,10657,1498,1016,4,2485594,0.2469,0,0,10067661,4
random,10657,1498,1016,19,315987,0.0314,1,1,10067661,4
random,10657,1498,1016,89,530072,0.0527,0,0,10067661,4
random,10657,1498,1016,94,624360,0.062,0,0,10067661,4
random,10039,1705,275,1,563979,0.0675,9,2,8356931,6
random,10039,1705,275,70,989886,0.1185,6,2,8356931,6
random,10039,1705,275,74,957741,0.1146,6,1,8356931,6
random,10039,1705,275,108,273804,0.0328,0,0,8356931,6
random,10039,1705,275,239,387073,0.0463,1,0,8356931,6
random,10039,1705,275,253,261787,0.0313,1,0,8356931,6
random,10157,731,1105,1,1388374,0.3658,4,4,3794935,2
random,10157,731,1105,81,345104,0.0909,2,2,3794935,2
random,2623,1265,2797,5,257788,0.2419,2,1,1065616,7
random,2623,1265,2797,13,41207,0.0387,1,0,1065616,7
random,2623,1265,2797,22,100780,0.0946,1,0,1065616,7
random,2623,1265,2797,23,81465,0.0764,0,0,1065616,7
random,2623,1265,2797,28,32558,0.0306,0,0,1065616,7
random,2623,1265,2797,50,87265,0.0819,0,0,1065616,7
random,2623,1265,2797,60,76914,0.0722,0,0,1065616,7
random,5813,2432,1273,1,69134,0.0486,0,0,1422530,6
random,5813,2432,1273,5,54607,0.0384,0,0,1422530,6
random,5813,2432,1273,15,185126,0.1301,0,0,1422530,6
random,5813,2432,1273,16,90451,0.0636,0,0,1422530,6
random,5813,2432,1273,20,96026,0.0675,0,0,1422530,6
random,5813,2432,1273,33,266856,0.1876,0,0,1422530,6
random,11267,333,1925,1,251065,0.358,0,0,701277,4
random,11267,333,1925,35,21411,0.0305,0,0,701277,4
random,11267,333,1925,40,22872,0.0326,0,0,701277,4
random,11267,333,1925,46,127138,0.1813,0,0,701277,4
random,8750,1103,1873,1,744364,0.2802,1,1,2656747,3
random,8750,1103,1873,89,376253,0.1416,0,0,2656747,3
random,8750,1103,1873,115,87359,0.0329,1,1,2656747,3
random,9607,2123,426,2,1586886,0.4849,6,4,3272939,2
random,9607,2123,426,37,217183,0.0664,0,0,3272939,2
random,4376,1230,1270,148,226407,0.0324,0,0,6994063,2
random,4376,1230,1270,166,290826,0.0416,2,2,6994063,2
random,11312,1978,1806,1,759244,0.4903,0,0,1548611,3
random,11312,1978,1806,51,383523,0.2477,0,0,1548611,3
random,11312,1978,1806,74,77667,0.0502,0,0,1548611,3
random,5019,1884,1969,7,710996,0.0985,0,0,7219845,5
random,5019,1884,1969,26,473717,0.0656,0,0,7219845,5
random,5019,1884,1969,64,244931,0.0339,0,0,7219845,5
random,5019,1884,1969,91,313425,0.0434,0,0,7219845,5
random,5019,1884,1969,116,271620,0.0376,0,0,7219845,5
random,6144,1392,728,5,41873,0.0301,0,0,1392061,12
random,6144,1392,728,6,135134,0.0971,0,0,1392061,12
random,6144,1392,728,24,88559,0.0636,0,0,1392061,12
random,6144,1392,728,28,43527,0.0313,0,0,1392061,12
random,6144,1392,728,38,53795,0.0386,0,0,1392061,12
random,6144,1392,728,42,58406,0.042,0,0,1392061,12
random,6144,1392,728,61,45171,0.0324,0,0,1392061,12
random,6144,1392,728,68,63926,0.0459,0,0,1392061,12
random,6144,1392,728,71,50634,0.0364,0,0,1392061,12
random,6144,1392,728,80,51386,0.0369,0,0,1392061,12
random,6144,1392,728,82,54603,0.0392,0,0,1392061,12
random,6144,1392,728,90,43256,0.0311,0,0,1392061,12
random,9299,2305,2683,3,242540,0.6186,0,0,392055,3
random,9299,2305,2683,4,20976,0.0535,1,1,392055,3
random,9299,2305,2683,6,40704,0.1038,0,0,392055,3
random,2794,1332,877,19,340048,0.0439,0,0,7739071,3
random,2794,1332,877,22,269663,0.0348,0,0,7739071,3
random,2794,1332,877,157,277280,0.0358,0,0,7739071,3
random,6021,2038,2853,1,953742,0.2135,1,1,4466599,3
random,6021,2038,2853,70,329513,0.0738,2,2,4466599,3
random,6021,2038,2853,293,473353,0.106,0,0,4466599,3
random,5572,2382,2813,1,8988,0.1357,0,0,66244,5
random,5572,2382,2813,3,4258,0.0643,0,0,66244,5
random,5572,2382,2813,4,21142,0.3192,0,0,66244,5
random,5572,2382,2813,5,12258,0.185,0,0,66244,5
random,5572,2382,2813,6,14906,0.225,0,0,66244,5
random,7924,2435,262,1,13315,0.2738,0,0,48623,4
random,7924,2435,262,2,12497,0.257,0,0,48623,4
random,7924,2435,262,3,8303,0.1708,0,0,48623,4
random,7924,2435,262,4,9981,0.2053,0,0,48623,4
random,605,1895,464,1,3032414,0.501,4,4,6052824,1
random,9649,725,1074,28,64182,0.0416,0,0,1542391,3
random,9649,725,1074,80,67850,0.044,0,0,1542391,3
random,9649,725,1074,112,86464,0.0561,1,1,1542391,3
random,2725,1631,160,3,551665,0.1388,4,0,3974186,3
random,2725,1631,160,46,137057,0.0345,1,1,3974186,3
random,2725,1631,160,65,344454,0.0867,2,2,3974186,3
random,11207,2128,2264,7,107454,0.076,0,0,1414068,2
random,11207,2128,2264,25,1073111,0.7589,0,0,1414068,2
random,5305,1428,896,3,493982,0.0955,0,0,5170163,5
random,5305,1428,896,32,248166,0.048,0,0,5170163,5
random,5305,1428,896,38,381441,0.0738,0,0,5170163,5
random,5305,1428,896,162,198537,0.0384,0,0,5170163,5
random,5305,1428,896,209,321505,0.0622,0,0,5170163,5
random,8177,1579,2305,46,302792,0.0323,1,1,9375487,2
random,8177,1579,2305,207,287464,0.0307,2,2,9375487,2
random,8972,1634,1968,206,286585,0.0327,0,0,8759500,1
random,9735,1803,3141,1,4997,0.2192,0,0,22799,9
random,9735,1803,3141,2,2805,0.123,0,0,22799,9
random,9735,1803,3141,3,2044,0.0897,0,0,22799,9
random,9735,1803,3141,4,2481,0.1088,0,0,22799,9
random,9735,1803,3141,5,2997,0.1315,0,0,22799,9
random,9735,1803,3141,6,1397,0.0613,0,0,22799,9
random,9735,1803,3141,7,800,0.0351,0,0,22799,9
random,9735,1803,3141,8,2976,0.1305,0,0,22799,9
random,9735,1803,3141,9,1738,0.0762,0,0,22799,9
random,7115,1411,1356,5,234237,0.0403,0,0,5811568,3
random,7115,1411,1356,81,244891,0.0421,0,0,5811568,3
random,7115,1411,1356,149,264859,0.0456,0,0,5811568,3
random,11381,1712,2607,10,943541,0.7594,1,1,1242508,1
random,7590,2138,289,2,266154,0.1758,0,0,1513831,4
random,7590,2138,289,12,107353,0.0709,0,0,1513831,4
random,7590,2138,289,17,210424,0.139,1,1,1513831,4
random,7590,2138,289,78,55539,0.0367,0,0,1513831,4
random,3069,1964,2812,109,303242,0.062,0,0,4892352,3
random,3069,1964,2812,147,372527,0.0761,0,0,4892352,3
random,3069,1964,2812,283,237765,0.0486,0,0,4892352,3
random,3393,1930,2324,2,627482,0.0695,0,0,9032736,3
random,3393,1930,2324,15,606924,0.0672,0,0,9032736,3
random,3393,1930,2324,39,2073881,0.2296,3,3,9032736,3
random,9579,1639,668,8,682992,0.0754,1,1,9057460,2
random,9579,1639,668,132,276169,0.0305,4,0,9057460,2
random,3712,1932,2374,10,1083382,0.1085,1,1,9984902,3
random,3712,1932,2374,59,3482879,0.3488,17,5,9984902,3
random,3712,1932,2374,539,329292,0.033,1,0,9984902,3
random,8663,1474,3166,6,324606,0.436,2,2,744474,4
random,8663,1474,3166,32,28653,0.0385,0,0,744474,4
random,8663,1474,3166,42,27705,0.0372,0,0,744474,4
random,8663,1474,3166,58,34006,0.0457,0,0,744474,4
random,10094,2239,864,30,339400,0.0655,2,2,5182227,2
random,10094,2239,864,134,572873,0.1105,3,3,5182227,2
random,5068,1706,1282,7,450992,0.0606,1,1,7443348,5
random,5068,1706,1282,19,277667,0.0373,0,0,7443348,5
random,5068,1706,1282,21,583990,0.0785,0,0,7443348,5
random,5068,1706,1282,40,297726,0.04,0,0,7443348,5
random,5068,1706,1282,119,242653,0.0326,0,0,7443348,5
random,9677,876,775,40,223669,0.0583,0,0,3836459,4
random,9677,876,775,63,251947,0.0657,0,0,3836459,4
random,9677,876,775,74,126167,0.0329,0,0,3836459,4
random,9677,876,775,222,115641,0.0301,0,0,3836459,4
random,10553,1886,1695,3,1420553,0.1433,1,1,9913002,8
random,10553,1886,1695,6,391314,0.0395,0,0,9913002,8
random,10553,1886,1695,12,310109,0.0313,2,2,9913002,8
random,10553,1886,1695,56,680445,0.0686,0,0,9913002,8
random,10553,1886,1695,82,326998,0.033,0,0,9913002,8
random,10553,1886,1695,93,1534267,0.1548,3,3,9913002,8
random,10553,1886,1695,97,986996,0.0996,2,2,9913002,8
random,10553,1886,1695,759,478975,0.0483,0,0,9913002,8
random,10254,1268,950,27,308270,0.0355,1,0,8692065,2
random,10254,1268,950,30,285218,0.0328,2,1,8692065,2
random,5431,1674,1972,23,707030,0.0811,1,1,8713278,1
random,574,1980,1000,1,1218434,0.1907,4,4,6389336,2
random,574,1980,1000,31,229927,0.036,1,1,6389336,2
random,3289,1696,1764,15,3435977,0.3336,15,2,10298170,3
random,3289,1696,1764,70,1946864,0.189,9,1,10298170,3
random,3289,1696,1764,80,326429,0.0317,2,0,10298170,3
random,6024,1469,545,3,519418,0.5493,3,3,945589,2
random,6024,1469,545,25,48236,0.051,0,0,945589,2
random,1785,1018,1299,76,271386,0.035,0,0,7748435,1
random,6501,2247,1216,1,277609,0.0533,0,0,5203730,8
random,6501,2247,1216,20,331117,0.0636,0,0,5203730,8
random,6501,2247,1216,27,159180,0.0306,0,0,5203730,8
random,6501,2247,1216,40,171092,0.0329,0,0,5203730,8
random,6501,2247,1216,43,208213,0.04,0,0,5203730,8
random,6501,2247,1216,61,263703,0.0507,0,0,5203730,8
random,6501,2247,1216,85,185416,0.0356,0,0,5203730,8
random,6501,2247,1216,116,372577,0.0716,0,0,5203730,8
random,891,1965,1129,4,336068,0.045,0,0,7473858,5
random,891,1965,1129,23,232570,0.0311,0,0,7473858,5
random,891,1965,1129,74,983462,0.1316,0,0,7473858,5
random,891,1965,1129,85,234681,0.0314,0,0,7473858,5
random,891,1965,1129,135,915025,0.1224,0,0,7473858,5
random,5196,2187,1714,9,250116,0.0319,0,0,7846428,7
random,5196,2187,1714,16,261407,0.0333,0,0,7846428,7
random,5196,2187,1714,26,240043,0.0306,0,0,7846428,7
random,5196,2187,1714,40,236198,0.0301,0,0,7846428,7
random,5196,2187,1714,59,361479,0.0461,0,0,7846428,7
random,5196,2187,1714,65,607946,0.0775,0,0,7846428,7
random,5196,2187,1714,67,259168,0.033,0,0,7846428,7
random,2202,2274,1185,31,211899,0.0546,0,0,3881066,5
random,2202,2274,1185,62,122454,0.0316,0,0,3881066,5
random,2202,2274,1185,86,117302,0.0302,0,0,3881066,5
random,2202,2274,1185,131,256231,0.066,3,0,3881066,5
random,2202,2274,1185,139,174131,0.0449,0,0,3881066,5
random,11335,1573,3119,2,41744,0.0421,0,0,991029,2
random,11335,1573,3119,18,718581,0.7251,0,0,991029,2
random,2204,1526,529,57,310154,0.0418,0,0,7422729,4
random,2204,1526,529,67,269161,0.0363,0,0,7422729,4
random,2204,1526,529,73,416879,0.0562,0,0,7422729,4
random,2204,1526,529,119,555914,0.0749,1,0,7422729,4
random,9114,2136,1799,22,689962,0.1519,5,4,4540739,1
random,10428,1681,100,1,218451,0.0569,1,1,3840690,3
random,10428,1681,100,14,1639518,0.4269,2,2,3840690,3
random,10428,1681,100,33,146032,0.038,0,0,3840690,3
random,10361,1190,1749,113,327334,0.0369,0,0,8862950,1
random,9809,2561,1849,2,26406,0.5285,0,0,49963,1
random,7499,1911,3138,1,353844,0.2186,2,2,1618374,7
random,7499,1911,3138,21,62261,0.0385,0,0,1618374,7
random,7499,1911,3138,31,235128,0.1453,0,0,1618374,7
random,7499,1911,3138,48,52598,0.0325,0,0,1618374,7
random,7499,1911,3138,49,61824,0.0382,0,0,1618374,7
random,7499,1911,3138,51,114814,0.0709,0,0,1618374,7
random,7499,1911,3138,54,78633,0.0486,0,0,1618374,7
random,5715,2597,1440,3,56155,0.1738,0,0,323120,7
random,5715,2597,1440,5,11822,0.0366,0,0,323120,7
random,5715,2597,1440,6,11371,0.0352,0,0,323120,7
random,5715,2597,1440,7,15444,0.0478,0,0,323120,7
random,5715,2597,1440,8,30913,0.0957,0,0,323120,7
random,5715,2597,1440,9,28035,0.0868,0,0,323120,7
random,5715,2597,1440,11,65321,0.2022,0,0,323120,7
random,4644,2189,894,7,1548710,0.2225,7,2,6961948,3
random,4644,2189,894,37,282477,0.0406,0,0,6961948,3
random,4644,2189,894,309,212836,0.0306,0,0,6961948,3
random,7998,2319,1235,1,26128,0.0437,0,0,598490,10
random,7998,2319,1235,3,21862,0.0365,0,0,598490,10
random,7998,2319,1235,8,33201,0.0555,0,0,598490,10
random,7998,2319,1235,9,66220,0.1106,0,0,598490,10
random,7998,2319,1235,16,36577,0.0611,0,0,598490,10
random,7998,2319,1235,20,19358,0.0323,0,0,598490,10
random,7998,2319,1235,22,126257,0.211,1,1,598490,10
random,7998,2319,1235,23,27742,0.0464,0,0,598490,10
random,7998,2319,1235,26,25889,0.0433,0,0,598490,10
random,7998,2319,1235,27,43762,0.0731,0,0,598490,10
random,10480,1633,2207,5,4749946,0.4524,0,0,10499818,2
random,10480,1633,2207,73,1925156,0.1834,5,5,10499818,2
random,10195,2430,727,36,478326,0.2814,0,0,1699966,3
random,10195,2430,727,108,217110,0.1277,0,0,1699966,3
random,10195,2430,727,158,67002,0.0394,0,0,1699966,3
random,9190,1642,2864,14,218229,0.0448,0,0,4875365,1
random,2576,1272,1375,12,573176,0.0794,0,0,7222058,3
random,2576,1272,1375,108,253919,0.0352,0,0,7222058,3
random,2576,1272,1375,112,275794,0.0382,0,0,7222058,3
random,4707,2196,3004,3,130452,0.0644,0,0,2024399,8
random,4707,2196,3004,4,68151,0.0337,0,0,2024399,8
random,4707,2196,3004,34,86054,0.0425,0,0,2024399,8
random,4707,2196,3004,55,99305,0.0491,0,0,2024399,8
random,4707,2196,3004,58,61276,0.0303,0,0,2024399,8
random,4707,2196,3004,64,65779,0.0325,0,0,2024399,8
random,4707,2196,3004,83,108408,0.0536,1,1,2024399,8
random,4707,2196,3004,122,155205,0.0767,0,0,2024399,8
random,7391,1864,1602,181,325166,0.0375,0,0,8666573,1
random,8355,1924,815,32,245948,0.0443,0,0,5547903,2
random,8355,1924,815,72,195437,0.0352,0,0,5547903,2
random,7333,1678,2028,6,950241,0.108,6,6,8797603,3
random,7333,1678,2028,33,864962,0.0983,3,3,8797603,3
random,7333,1678,2028,389,387553,0.0441,2,2,8797603,3
random,10058,1831,193,30,1799166,0.3042,5,4,5913789,2
random,10058,1831,193,91,213724,0.0361,0,0,5913789,2
random,9944,1070,971,7,1529291,0.1698,6,6,9005568,2
random,9944,1070,971,52,373609,0.0415,2,1,9005568,2
random,9886,1432,1929,24,1238125,0.1311,2,2,9441332,3
random,9886,1432,1929,29,540392,0.0572,7,0,9441332,3
random,9886,1432,1929,233,308166,0.0326,2,0,9441332,3
random,6048,1585,1355,45,573216,0.0725,0,0,7911121,1
random,5344,1938,1471,10,345359,0.0433,1,1,7981771,6
random,5344,1938,1471,14,469823,0.0589,0,0,7981771,6
random,5344,1938,1471,19,289978,0.0363,0,0,7981771,6
random,5344,1938,1471,24,321131,0.0402,0,0,7981771,6
random,5344,1938,1471,26,637782,0.0799,0,0,7981771,6
random,5344,1938,1471,51,290570,0.0364,0,0,7981771,6
random,1972,1602,33,5,680127,0.2171,1,1,3132397,4
random,1972,1602,33,9,134949,0.0431,0,0,3132397,4
random,1972,1602,33,47,154012,0.0492,0,0,3132397,4
random,1972,1602,33,99,104878,0.0335,0,0,3132397,4
random,8381,1035,1112,65,249798,0.0917,1,1,2725188,2
random,8381,1035,1112,71,93328,0.0342,0,0,2725188,2
random,10275,975,1074,6,2214715,0.2494,7,7,8881326,2
random,10275,975,1074,469,319337,0.036,0,0,8881326,2
random,7724,1117,886,20,41246,0.0496,0,0,831232,6
random,7724,1117,886,21,43625,0.0525,0,0,831232,6
random,7724,1117,886,26,29922,0.036,0,0,831232,6
random,7724,1117,886,34,69061,0.0831,0,0,831232,6
random,7724,1117,886,75,33767,0.0406,0,0,831232,6
random,7724,1117,886,77,29238,0.0352,0,0,831232,6
random,3601,1881,3207,10,17386,0.0305,0,0,570302,8
random,3601,1881,3207,16,21849,0.0383,0,0,570302,8
random,3601,1881,3207,19,89531,0.157,1,1,570302,8
random,3601,1881,3207,22,32450,0.0569,0,0,570302,8
random,3601,1881,3207,27,19015,0.0333,0,0,570302,8
random,3601,1881,3207,28,19512,0.0342,0,0,570302,8
random,3601,1881,3207,30,40973,0.0718,0,0,570302,8
random,3601,1881,3207,31,58211,0.1021,0,0,570302,8
random,8004,1314,528,2,103515,0.0728,0,0,1422292,6
random,8004,1314,528,6,49461,0.0348,0,0,1422292,6
random,8004,1314,528,8,52835,0.0371,1,1,1422292,6
random,8004,1314,528,26,43726,0.0307,0,0,1422292,6
random,8004,1314,528,62,47561,0.0334,0,0,1422292,6
random,8004,1314,528,83,82153,0.0578,0,0,1422292,6
random,4355,1480,1188,213,320170,0.0371,2,2,8624468,1
random,6739,1660,2914,68,118271,0.0355,0,0,3335461,4
random,6739,1660,2914,76,104158,0.0312,1,1,3335461,4
random,6739,1660,2914,101,114136,0.0342,0,0,3335461,4
random,6739,1660,2914,114,110234,0.033,0,0,3335461,4
random,8975,1100,3011,1,21269,0.053,0,0,401269,4
random,8975,1100,3011,2,148841,0.3709,0,0,401269,4
random,8975,1100,3011,3,130314,0.3248,0,0,401269,4
random,8975,1100,3011,4,31847,0.0794,0,0,401269,4
random,5165,1268,784,7,241575,0.127,0,0,1902510,4
random,5165,1268,784,11,605751,0.3184,2,2,1902510,4
random,5165,1268,784,64,62730,0.033,0,0,1902510,4
random,5165,1268,784,105,148184,0.0779,0,0,1902510,4
random,555,1882,1287,2,287281,0.115,2,2,2498933,9
random,555,1882,1287,8,86015,0.0344,0,0,2498933,9
random,555,1882,1287,19,104154,0.0417,0,0,2498933,9
random,555,1882,1287,22,108163,0.0433,0,0,2498933,9
random,555,1882,1287,26,81210,0.0325,0,0,2498933,9
random,555,1882,1287,42,98739,0.0395,0,0,2498933,9
random,555,1882,1287,51,114134,0.0457,0,0,2498933,9
random,555,1882,1287,62,120595,0.0483,1,1,2498933,9
random,555,1882,1287,81,104990,0.042,0,0,2498933,9
random,2762,2124,2001,4,328074,0.0384,1,0,8534259,3
random,2762,2124,2001,11,487387,0.0571,5,1,8534259,3
random,2762,2124,2001,110,260867,0.0306,0,0,8534259,3
random,9626,973,1839,3,89751,0.0376,0,0,2387549,7
random,9626,973,1839,13,172774,0.0724,1,1,2387549,7
random,9626,973,1839,37,77086,0.0323,0,0,2387549,7
random,9626,973,1839,42,88566,0.0371,0,0,2387549,7
random,9626,973,1839,88,275618,0.1154,0,0,2387549,7
random,9626,973,1839,130,112285,0.047,0,0,2387549,7
random,9626,973,1839,132,297536,0.1246,3,3,2387549,7
random,5433,2018,466,1,303534,0.0727,0,0,4174939,5
random,5433,2018,466,15,327614,0.0785,1,1,4174939,5
random,5433,2018,466,28,336885,0.0807,1,1,4174939,5
random,5433,2018,466,162,179978,0.0431,0,0,4174939,5
random,5433,2018,466,167,145238,0.0348,0,0,4174939,5
random,251,1668,2637,1,3077,0.0406,0,0,75719,11
random,251,1668,2637,2,2639,0.0349,0,0,75719,11
random,251,1668,2637,3,2522,0.0333,0,0,75719,11
random,251,1668,2637,4,14701,0.1942,0,0,75719,11
random,251,1668,2637,5,4779,0.0631,0,0,75719,11
random,251,1668,2637,7,4395,0.058,0,0,75719,11
random,251,1668,2637,8,5274,0.0697,0,0,75719,11
random,251,1668,2637,9,2848,0.0376,0,0,75719,11
random,251,1668,2637,12,3243,0.0428,0,0,75719,11
random,251,1668,2637,13,3746,0.0495,0,0,75719,11
random,251,1668,2637,14,12080,0.1595,0,0,75719,11
random,2846,1245,2179,33,265584,0.0401,1,1,6629092,3
random,2846,1245,2179,166,522610,0.0788,0,0,6629092,3
random,2846,1245,2179,209,698152,0.1053,0,0,6629092,3
random,10161,774,2397,1,22712,0.0528,0,0,429956,5
random,10161,774,2397,19,20269,0.0471,0,0,429956,5
random,10161,774,2397,22,18005,0.0419,0,0,429956,5
random,10161,774,2397,34,191183,0.4447,3,3,429956,5
random,10161,774,2397,49,20034,0.0466,0,0,429956,5
random,8576,1566,1056,96,334442,0.0397,0,0,8415675,2
random,8576,1566,1056,277,306928,0.0365,0,0,8415675,2
random,6135,1847,1125,14,397558,0.0482,0,0,8253623,2
random,6135,1847,1125,32,680720,0.0825,0,0,8253623,2
random,1020,2056,1356,16,600598,0.073,0,0,8227638,4
random,1020,2056,1356,62,266353,0.0324,0,0,8227638,4
random,1020,2056,1356,97,261158,0.0317,0,0,8227638,4
random,1020,2056,1356,106,253178,0.0308,0,0,8227638,4
random,9902,1655,1704,21,373359,0.04,2,2,9343811,4
random,9902,1655,1704,47,622858,0.0667,0,0,9343811,4
random,9902,1655,1704,73,324002,0.0347,5,1,9343811,4
random,9902,1655,1704,95,511211,0.0547,11,0,9343811,4
random,5894,1510,1391,229,462858,0.0718,0,0,6450310,1
random,2769,1431,1042,15,2302594,0.2456,6,3,9374512,3
random,2769,1431,1042,281,363240,0.0387,0,0,9374512,3
random,2769,1431,1042,376,332483,0.0355,0,0,9374512,3
random,7845,1220,2481,17,76589,0.0302,0,0,2539897,3
random,7845,1220,2481,44,91096,0.0359,0,0,2539897,3
random,7845,1220,2481,54,120234,0.0473,0,0,2539897,3
random,5137,2644,1378,1,28795,0.4725,0,0,60939,1
random,10158,2349,967,19,1066750,0.2557,1,1,4172568,4
random,10158,2349,967,40,182694,0.0438,0,0,4172568,4
random,10158,2349,967,141,276828,0.0663,0,0,4172568,4
random,10158,2349,967,264,379262,0.0909,2,2,4172568,4
random,4233,1299,2135,89,240272,0.0318,0,0,7549477,2
random,4233,1299,2135,93,303548,0.0402,0,0,7549477,2
random,8759,1271,2679,190,134725,0.0309,1,1,4354071,3
random,8759,1271,2679,194,217106,0.0499,0,0,4354071,3
random,8759,1271,2679,208,390739,0.0897,0,0,4354071,3
random,172,1433,1783,1,168060,0.1434,0,0,1172195,3
random,172,1433,1783,14,102734,0.0876,0,0,1172195,3
random,172,1433,1783,77,578777,0.4938,2,2,1172195,3
random,8119,1472,3021,13,156096,0.0379,4,4,4122574,4
random,8119,1472,3021,64,273510,0.0663,0,0,4122574,4
random,8119,1472,3021,89,136088,0.033,0,0,4122574,4
random,8119,1472,3021,128,247376,0.06,0,0,4122574,4
random,6276,1688,3142,2,222437,0.2188,5,5,1016703,9
random,6276,1688,3142,4,30514,0.03,0,0,1016703,9
random,6276,1688,3142,5,32503,0.032,0,0,1016703,9
random,6276,1688,3142,17,48240,0.0474,0,0,1016703,9
random,6276,1688,3142,23,63863,0.0628,0,0,1016703,9
random,6276,1688,3142,28,71310,0.0701,0,0,1016703,9
random,6276,1688,3142,32,33701,0.0331,0,0,1016703,9
random,6276,1688,3142,34,55898,0.055,0,0,1016703,9
random,6276,1688,3142,35,42042,0.0414,0,0,1016703,9
random,5185,1800,3051,176,161173,0.0419,0,0,3846915,2
random,5185,1800,3051,261,285582,0.0742,0,0,3846915,2
random,3038,871,1642,11,103266,0.0703,0,0,1469387,3
random,3038,871,1642,34,70700,0.0481,0,0,1469387,3
random,3038,871,1642,68,486419,0.331,2,2,1469387,3
random,3951,1264,2478,2,128039,0.0328,0,0,3907673,3
random,3951,1264,2478,27,145222,0.0372,0,0,3907673,3
random,3951,1264,2478,201,129037,0.033,0,0,3907673,3
random,206,1183,682,7,146380,0.1235,0,0,1185031,6
random,206,1183,682,9,84837,0.0716,1,1,1185031,6
random,206,1183,682,10,71998,0.0608,0,0,1185031,6
random,206,1183,682,14,383283,0.3234,0,0,1185031,6
random,206,1183,682,30,154168,0.1301,0,0,1185031,6
random,206,1183,682,77,51771,0.0437,0,0,1185031,6
random,8053,1731,2980,1,298792,0.082,1,1,3643562,5
random,8053,1731,2980,46,204898,0.0562,0,0,3643562,5
random,8053,1731,2980,63,293795,0.0806,0,0,3643562,5
random,8053,1731,2980,109,222315,0.061,0,0,3643562,5
random,8053,1731,2980,151,137891,0.0378,0,0,3643562,5
random,1341,981,1076,2,1120898,0.1181,2,0,9491780,2
random,1341,981,1076,221,844901,0.089,5,2,9491780,2
random,7817,1670,688,21,289570,0.0368,0,0,7869579,2
random,7817,1670,688,52,960558,0.1221,3,0,7869579,2
random,4159,1253,2710,2,154772,0.0994,2,2,1556656,8
random,4159,1253,2710,11,107694,0.0692,0,0,1556656,8
random,4159,1253,2710,18,57372,0.0369,0,0,1556656,8
random,4159,1253,2710,20,70227,0.0451,0,0,1556656,8
random,4159,1253,2710,33,60932,0.0391,0,0,1556656,8
random,4159,1253,2710,43,68791,0.0442,0,0,1556656,8
random,4159,1253,2710,46,79696,0.0512,0,0,1556656,8
random,4159,1253,2710,47,131089,0.0842,0,0,1556656,8
random,9063,1037,1600,2,1024302,0.2113,3,3,4847553,2
random,9063,1037,1600,32,369700,0.0763,0,0,4847553,2
random,5290,2009,1352,16,309404,0.0391,0,0,7908395,12
random,5290,2009,1352,25,398601,0.0504,0,0,7908395,12
random,5290,2009,1352,27,480635,0.0608,0,0,7908395,12
random,5290,2009,1352,28,493038,0.0623,1,1,7908395,12
random,5290,2009,1352,35,241184,0.0305,0,0,7908395,12
random,5290,2009,1352,37,294758,0.0373,0,0,7908395,12
random,5290,2009,1352,48,280538,0.0355,0,0,7908395,12
random,5290,2009,1352,52,268417,0.0339,0,0,7908395,12
random,5290,2009,1352,56,291962,0.0369,0,0,7908395,12
random,5290,2009,1352,88,258038,0.0326,0,0,7908395,12
random,5290,2009,1352,92,255038,0.0322,0,0,7908395,12
random,5290,2009,1352,98,239386,0.0303,0,0,7908395,12
random,9313,1407,128,3,490393,0.3089,2,0,1587758,6
random,9313,1407,128,18,133384,0.084,2,2,1587758,6
random,9313,1407,128,34,114080,0.0718,1,0,1587758,6
random,9313,1407,128,36,47926,0.0302,0,0,1587758,6
random,9313,1407,128,58,73329,0.0462,0,0,1587758,6
random,9313,1407,128,69,73836,0.0465,0,0,1587758,6
random,4873,2021,3060,41,107136,0.036,0,0,2977539,4
random,4873,2021,3060,46,157281,0.0528,0,0,2977539,4
random,4873,2021,3060,72,123049,0.0413,0,0,2977539,4
random,4873,2021,3060,95,98407,0.033,0,0,2977539,4
random,1504,2145,244,1,42983,0.0304,1,1,1414255,6
random,1504,2145,244,3,383846,0.2714,0,0,1414255,6
random,1504,2145,244,18,82838,0.0586,0,0,1414255,6
random,1504,2145,244,44,58141,0.0411,0,0,1414255,6
random,1504,2145,244,47,114223,0.0808,0,0,1414255,6
random,1504,2145,244,73,47240,0.0334,0,0,1414255,6
random,3488,1093,2150,1,679253,0.2124,3,3,3197790,3
random,3488,1093,2150,5,600240,0.1877,0,0,3197790,3
random,3488,1093,2150,8,1084791,0.3392,0,0,3197790,3
random,6837,2150,2277,19,290280,0.0368,0,0,7880024,8
random,6837,2150,2277,41,260507,0.0331,0,0,7880024,8
random,6837,2150,2277,54,310332,0.0394,0,0,7880024,8
random,6837,2150,2277,75,244136,0.031,0,0,7880024,8
random,6837,2150,2277,110,313986,0.0398,1,1,7880024,8
random,6837,2150,2277,125,348174,0.0442,1,1,7880024,8
random,6837,2150,2277,163,356121,0.0452,0,0,7880024,8
random,6837,2150,2277,166,273161,0.0347,0,0,7880024,8
random,7307,1945,712,6,674476,0.1059,0,0,6369554,4
random,7307,1945,712,10,647763,0.1017,4,4,6369554,4
random,7307,1945,712,28,214091,0.0336,0,0,6369554,4
random,7307,1945,712,128,219271,0.0344,0,0,6369554,4
random,2332,1424,2104,169,468406,0.054,4,0,8676043,1
random,3116,1772,1701,15,790965,0.0827,3,2,9563798,3
random,3116,1772,1701,66,1840293,0.1924,12,2,9563798,3
random,3116,1772,1701,134,353505,0.037,0,0,9563798,3
random,1870,1519,956,14,305248,0.0359,0,0,8500052,6
random,1870,1519,956,31,296683,0.0349,0,0,8500052,6
random,1870,1519,956,36,275140,0.0324,0,0,8500052,6
random,1870,1519,956,87,392616,0.0462,0,0,8500052,6
random,1870,1519,956,134,325665,0.0383,0,0,8500052,6
random,1870,1519,956,198,299630,0.0353,0,0,8500052,6
random,5918,1223,1672,4,29690,0.0334,0,0,887682,8
random,5918,1223,1672,16,29991,0.0338,0,0,887682,8
random,5918,1223,1672,22,47335,0.0533,0,0,887682,8
random,5918,1223,1672,23,46092,0.0519,0,0,887682,8
random,5918,1223,1672,26,48434,0.0546,0,0,887682,8
random,5918,1223,1672,30,129652,0.1461,0,0,887682,8
random,5918,1223,1672,32,44902,0.0506,0,0,887682,8
random,5918,1223,1672,38,32781,0.0369,0,0,887682,8
random,5718,1722,2466,350,257269,0.0322,0,0,7998372,1
random,8219,1302,293,1,20098,0.0871,0,0,230737,9
random,8219,1302,293,2,9870,0.0428,0,0,230737,9
random,8219,1302,293,7,11136,0.0483,0,0,230737,9
random,8219,1302,293,8,9349,0.0405,1,1,230737,9
random,8219,1302,293,10,9060,0.0393,0,0,230737,9
random,8219,1302,293,11,67488,0.2925,0,0,230737,9
random,8219,1302,293,13,14915,0.0646,0,0,230737,9
random,8219,1302,293,21,11599,0.0503,0,0,230737,9
random,8219,1302,293,22,9722,0.0421,0,0,230737,9
random,9991,2393,1829,8,854534,0.3493,4,4,2446717,5
random,9991,2393,1829,10,78780,0.0322,0,0,2446717,5
random,9991,2393,1829,46,74463,0.0304,1,1,2446717,5
random,9991,2393,1829,79,145494,0.0595,0,0,2446717,5
random,9991,2393,1829,85,88350,0.0361,0,0,2446717,5
random,8130,2183,1903,30,99888,0.0353,0,0,2827503,5
random,8130,2183,1903,62,90698,0.0321,0,0,2827503,5
random,8130,2183,1903,75,123379,0.0436,0,0,2827503,5
random,8130,2183,1903,104,107129,0.0379,0,0,2827503,5
random,8130,2183,1903,119,94233,0.0333,0,0,2827503,5
random,10916,1488,2103,2,8320871,0.8701,3,3,9562658,1
random,8702,1827,1495,4,662036,0.0763,0,0,8679903,2
random,8702,1827,1495,55,391495,0.0451,0,0,8679903,2
random,6809,1967,2611,5,238120,0.0301,0,0,7898849,1
random,5147,2141,357,19,595462,0.2542,2,2,2342623,2
random,5147,2141,357,27,90112,0.0385,0,0,2342623,2
random,651,2080,2162,1,837471,0.6123,12,5,1367804,2
random,651,2080,2162,70,79761,0.0583,1,0,1367804,2
random,5036,2188,2812,21,296589,0.0958,1,1,3096420,1
random,6161,1673,832,24,199636,0.0321,1,1,6213964,2
random,6161,1673,832,28,236966,0.0381,0,0,6213964,2
random,6510,2584,2509,1,13894,0.0872,0,0,159296,7
random,6510,2584,2509,2,13901,0.0873,0,0,159296,7
random,6510,2584,2509,3,32310,0.2028,0,0,159296,7
random,6510,2584,2509,4,55147,0.3462,0,0,159296,7
random,6510,2584,2509,5,12643,0.0794,0,0,159296,7
random,6510,2584,2509,6,15312,0.0961,0,0,159296,7
random,6510,2584,2509,8,9978,0.0626,0,0,159296,7
random,7980,933,1290,1,23146,0.35,0,0,66130,3
random,7980,933,1290,2,5877,0.0889,0,0,66130,3
random,7980,933,1290,3,33937,0.5132,0,0,66130,3
random,8232,1324,1737,17,2206822,0.2692,0,0,8197999,1
random,3765,2670,1035,1,16604,0.1421,0,0,116867,6
random,3765,2670,1035,2,3699,0.0317,0,0,116867,6
random,3765,2670,1035,3,11627,0.0995,0,0,116867,6
random,3765,2670,1035,4,13246,0.1133,0,0,116867,6
random,3765,2670,1035,5,12829,0.1098,0,0,116867,6
random,3765,2670,1035,6,12558,0.1075,0,0,116867,6
random,4037,1330,2818,5,75394,0.0497,0,0,1516778,7
random,4037,1330,2818,7,110280,0.0727,0,0,1516778,7
random,4037,1330,2818,27,110395,0.0728,0,0,1516778,7
random,4037,1330,2818,34,73267,0.0483,0,0,1516778,7
random,4037,1330,2818,47,55584,0.0366,0,0,1516778,7
random,4037,1330,2818,52,59915,0.0395,0,0,1516778,7
random,4037,1330,2818,64,61364,0.0405,0,0,1516778,7
random,6726,1349,2071,17,268795,0.1118,1,1,2404177,5
random,6726,1349,2071,46,86954,0.0362,0,0,2404177,5
random,6726,1349,2071,54,80637,0.0335,0,0,2404177,5
random,6726,1349,2071,58,79777,0.0332,0,0,2404177,5
random,6726,1349,2071,89,112065,0.0466,0,0,2404177,5
random,5223,1544,3026,2,54725,0.048,0,0,1140629,9
random,5223,1544,3026,7,90369,0.0792,0,0,1140629,9
random,5223,1544,3026,10,74418,0.0652,0,0,1140629,9
random,5223,1544,3026,12,110406,0.0968,0,0,1140629,9
random,5223,1544,3026,21,40504,0.0355,0,0,1140629,9
random,5223,1544,3026,22,50197,0.044,0,0,1140629,9
random,5223,1544,3026,25,127663,0.1119,0,0,1140629,9
random,5223,1544,3026,28,134687,0.1181,0,0,1140629,9
random,5223,1544,3026,36,34530,0.0303,0,0,1140629,9
