slab,tile,gz,gy,gx,lz,ly,lx,orig_id,assigned_A,assigned_B,thickness_ratio,confidence,tier,mega_size_frac,mega_size_vox,scorable,mass_context
z0,tile_y896_x1792,33,1049,2021,33,153,229,657,556,405,1.62,0.235,1,0.2848,2256778,1,1.254701645858262
z10080,tile_y1344_x0,10180,1480,404,100,136,404,746,660,632,4.75,0.422,1,0.2228,221558,1,0.9504178512966314
z10080,tile_y1344_x0,10189,1683,375,109,339,375,807,731,616,4.12,0.414,1,0.0892,268498,1,0.9935537116345468
z10080,tile_y1344_x1344,10145,1667,1757,65,323,413,1878,1919,1862,2.71,0.31,2,0.0371,349477,1,0.9241521647356817
z10080,tile_y1344_x1344,10210,1748,1749,130,404,405,2164,2112,2010,3.0,0.435,2,0.0562,529798,1,0.9152407269635455
z10080,tile_y1344_x1344,10230,1735,1746,150,391,402,2164,2194,1219,2.86,0.166,2,0.0562,529798,1,0.9278523917531027
z10080,tile_y1344_x1344,10234,1659,1683,154,315,339,2203,2174,2202,3.71,0.401,2,0.0371,349477,1,0.9224310924865726
z10080,tile_y1344_x1344,10278,1697,1715,198,353,371,2290,2292,2271,2.29,0.474,2,0.0548,492870,1,0.945306815425661
z10080,tile_y1344_x1344,10285,1692,1662,205,348,318,2276,2278,2203,3.0,0.364,2,0.0548,492870,1,0.9372209937836372
z10080,tile_y1344_x1344,10287,1704,1648,207,360,304,2273,2276,2302,2.86,0.316,2,0.0548,492870,1,0.9989995170082109
z10080,tile_y1344_x2240,10184,1780,2326,104,436,86,2178,2167,2126,4.57,0.448,2,0.1235,1240721,1,1.0586084493928696
z10080,tile_y1344_x2240,10187,1805,2335,107,461,95,2126,2189,2178,4.0,0.483,2,0.1235,1240721,1,1.0025773680744992
z10080,tile_y1344_x2240,10201,1813,2362,121,469,122,2219,2188,2227,3.14,0.322,2,0.1235,1240721,1,0.8648092405889606
z10080,tile_y1344_x2240,10205,1822,2359,125,478,119,2227,2189,2219,2.14,0.398,2,0.1235,1240721,1,0.8286397592303971
z10080,tile_y1344_x2240,10246,1647,2659,166,303,419,2279,903,2409,3.71,0.206,2,0.1126,1008438,1,0.8705917027461024
z10080,tile_y1344_x2240,10270,1666,2673,190,322,433,2452,2481,2279,2.43,0.431,2,0.1126,1008438,1,0.9272661884489026
z10080,tile_y1344_x2240,10271,1802,2680,191,458,440,2445,2341,2511,3.71,0.465,2,0.1126,1008438,1,0.985958485958486
z10080,tile_y1344_x2240,10281,1720,2701,201,376,461,2449,2543,2548,2.71,0.599,2,0.1126,1008438,1,0.9706089611838629
z10080,tile_y1344_x2688,10148,1763,2893,68,419,205,1078,1014,1001,7.0,0.487,1,0.0958,812422,1,0.9307038786772004
z10080,tile_y1344_x448,10280,1433,901,200,89,453,3345,3540,3743,3.4,0.18,1,0.1166,878547,1,0.9361273021431262
z10080,tile_y1344_x448,10303,1554,563,223,210,115,3723,3445,1561,3.6,0.241,1,0.5123,5196525,1,0.8367930975568085
z10080,tile_y1344_x896,10148,1804,1079,68,460,183,2011,542,2033,3.25,0.525,2,0.0907,834838,1,0.9593751810160066
z10080,tile_y1344_x896,10293,1525,939,213,181,43,2736,2686,2639,2.5,0.493,2,0.1166,878547,1,0.8647156458194057
z10080,tile_y1344_x896,10300,1403,1154,220,59,258,2710,2693,2711,2.62,0.377,2,0.0355,338927,1,0.9597154348484194
z10080,tile_y1792_x0,10174,2135,416,94,343,416,431,385,419,4.43,0.368,1,0.6117,438928,1,1.1298187659110195
z10080,tile_y1792_x1344,10205,2197,1796,125,405,452,160,773,1185,3.67,0.303,1,0.1031,1069432,1,0.7077773495833133
z10080,tile_y1792_x1792,10143,2074,1847,63,282,55,1269,476,547,2.57,0.257,2,0.1031,1069432,1,0.8164848374878088
z10080,tile_y1792_x1792,10144,2094,1827,64,302,35,1269,552,293,4.29,0.118,2,0.1031,1069432,1,0.8879768333043024
z10080,tile_y1792_x1792,10191,1826,1832,111,34,40,1067,846,685,3.0,0.377,2,0.1161,1093555,1,0.8696250879485375
z10080,tile_y1792_x1792,10208,2107,2243,128,315,451,2284,2247,2219,3.71,0.424,2,0.0516,484590,1,0.9009874257502122
z10080,tile_y1792_x448,10114,1920,625,34,128,177,190,1422,1212,2.14,0.36,2,0.1012,958140,1,0.8917045253407281
z10080,tile_y1792_x448,10119,2123,925,39,331,477,1331,33,1250,2.57,0.248,2,0.1134,692303,1,0.825685903500473
z10080,tile_y1792_x448,10129,1971,757,49,179,309,1553,1348,1259,3.57,0.132,2,0.1012,958140,1,0.7828474461940598
z10080,tile_y1792_x448,10133,1961,612,53,169,164,1422,1368,161,3.71,0.113,2,0.1012,958140,1,0.8158657499867447
z10080,tile_y1792_x448,10133,2095,916,53,303,468,1343,210,1404,2.57,0.279,2,0.1134,692303,1,0.8923167965282572
z10080,tile_y1792_x448,10138,1962,704,58,170,256,1553,108,1444,3.71,0.253,2,0.1012,958140,1,1.011890516078789
z10080,tile_y1792_x448,10150,2081,883,70,289,435,1457,1402,1553,2.14,0.437,2,0.1134,692303,1,0.9730868882969018
z10080,tile_y1792_x448,10198,2078,884,118,286,436,2172,521,1649,2.14,0.36,2,0.1134,692303,1,0.9492370374723316
z10080,tile_y1792_x448,10202,2045,835,122,253,387,1649,1610,2172,2.71,0.392,2,0.1012,958140,1,0.9702433887198689
z10080,tile_y1792_x448,10210,2072,914,130,280,466,1745,2172,530,2.14,0.311,2,0.1134,692303,1,0.9985126962551465
z10080,tile_y1792_x448,10236,1948,496,156,156,48,299,508,552,2.57,0.649,2,0.0327,98501,1,0.6461787577326585
z10080,tile_y1792_x448,10269,1897,571,189,105,123,2274,2237,2210,3.0,0.375,2,0.5123,5196525,1,0.9730790914948454
z10080,tile_y1792_x448,10282,1981,823,202,189,375,2214,2372,2172,2.14,0.182,2,0.5123,5196525,1,1.0699877606741044
z10080,tile_y1792_x448,10282,2271,902,202,479,454,2177,2324,2387,3.71,0.602,2,0.6199,4220953,1,1.0297154728202205
z10080,tile_y2240_x1344,10118,2374,1793,38,134,449,1415,1466,1398,3.2,0.49,1,0.3129,3245535,1,1.111047891855834
z10080,tile_y2240_x1344,10181,2361,1683,101,121,339,1983,2040,1812,3.1,0.481,1,0.3129,3245535,1,1.0449061662198391
z10080,tile_y2240_x1344,10275,2332,1376,195,92,32,2940,2764,2708,3.0,0.36,1,0.124,1248492,1,1.1116108744974724
z10080,tile_y2240_x1344,10286,2319,1391,206,79,47,2940,2716,2985,2.9,0.232,1,0.124,1248492,1,1.05162312429007
z10080,tile_y2240_x1792,10161,2409,2171,81,169,379,1411,1278,1358,5.33,0.322,1,0.1335,1255372,1,0.9669939001143728
z10080,tile_y2240_x2240,10112,2310,2517,32,70,277,135,65,85,3.67,0.243,1,0.0968,910294,1,0.771766418046207
z10080,tile_y2240_x448,10115,2410,883,35,170,435,526,472,276,4.33,0.332,1,0.0635,387752,1,1.002230990486024
z10080,tile_y2240_x448,10163,2389,762,83,149,314,490,130,487,4.33,0.452,1,0.0635,387752,1,0.8852900528013041
z10080,tile_y2240_x448,10284,2274,883,204,34,435,720,746,761,4.67,0.432,1,0.6199,4220953,1,1.0886618643904136
z10080,tile_y896_x0,10165,1375,461,85,479,461,67,60,86,2.5,0.152,1,0.2228,221558,1,0.6758373665207037
z10080,tile_y896_x896,10144,1139,1160,64,243,264,1607,1635,1641,3.78,0.362,1,0.167,1449968,1,0.9568079071004344
z10304,tile_y1344_x0,10422,1535,429,118,191,429,785,730,753,3.55,0.417,1,0.7668,797079,1,0.9406816143497758
z10304,tile_y1344_x1344,10517,1774,1413,213,430,69,701,1159,998,4.43,0.209,1,0.1367,1335419,1,0.9736694677871148
z10304,tile_y1344_x1792,10361,1412,1903,57,68,111,1794,35,1751,2.86,0.382,2,0.0969,814512,1,0.8609972611254637
z10304,tile_y1344_x1792,10362,1428,2008,58,84,216,1790,1769,1798,2.86,0.375,2,0.0969,814512,1,1.011477433355233
z10304,tile_y1344_x1792,10366,1421,2015,62,77,223,1798,1828,1790,2.29,0.481,2,0.0969,814512,1,0.9893855322646938
z10304,tile_y1344_x1792,10412,1731,2252,108,387,460,1943,2065,1952,3.14,0.609,2,0.0963,982322,1,0.9878101872006966
z10304,tile_y1344_x448,10380,1749,669,76,405,221,2429,2480,2107,3.18,0.265,1,0.3662,3900298,1,1.0732249911223446
z10304,tile_y1792_x0,10357,1895,418,53,103,418,373,260,292,3.78,0.276,1,0.4991,1656443,1,1.0211946469372213
z10304,tile_y1792_x0,10482,1848,430,178,56,430,405,404,363,3.33,0.507,1,0.0922,267309,1,1.225596029878236
z10304,tile_y1792_x1792,10402,1934,2093,98,142,301,494,502,672,2.12,0.513,2,0.0369,375962,1,0.8839061906570452
z10304,tile_y1792_x1792,10408,1983,2202,104,191,410,2203,2010,1879,4.89,0.523,1,0.2972,3031935,1,0.9209692646596035
z10304,tile_y1792_x1792,10428,1934,2171,124,142,379,494,670,891,3.5,0.254,2,0.0369,375962,1,0.8206647215527083
z10304,tile_y1792_x1792,10449,2080,1906,145,288,114,2384,743,2495,3.25,0.311,2,0.3101,2986409,1,0.9111513170693747
z10304,tile_y1792_x1792,10463,1930,2249,159,138,457,2416,981,949,3.75,0.299,2,0.2972,3031935,1,0.9576806786209213
z10304,tile_y1792_x1792,10525,1942,2149,221,150,357,1402,1350,1320,2.0,0.234,2,0.1506,1549847,1,0.8764305049939326
z10304,tile_y1792_x448,10350,1950,664,46,158,216,1800,1902,1610,3.0,0.501,1,0.5123,5196525,1,0.9666653319452231
z10304,tile_y2240_x1344,10483,2309,1811,179,69,467,1823,1748,1665,3.88,0.206,1,0.3101,2986409,1,1.2391778468045733
z10304,tile_y2240_x1344,10510,2334,1463,206,94,119,2002,2091,2153,3.62,0.575,1,0.2573,2474590,1,0.9940878548800419
z10304,tile_y2240_x1792,10454,2272,1891,150,32,99,1337,1339,1361,4.0,0.433,1,0.3101,2986409,1,1.2052545699102555
z10304,tile_y2240_x2240,10348,2460,2324,44,220,84,716,692,662,1.86,0.583,2,0.2412,2161648,1,0.8906338792168208
z10304,tile_y2240_x2240,10372,2333,2288,68,93,48,761,698,830,2.57,0.342,2,0.1054,946527,1,0.8451040003499486
z10304,tile_y2240_x2240,10375,2426,2336,71,186,96,739,719,789,3.71,0.361,2,0.1054,946527,1,0.9819459409890186
z10304,tile_y2240_x2240,10398,2340,2337,94,100,97,869,838,825,1.86,0.601,2,0.1054,946527,1,1.0487294410330326
z10304,tile_y2240_x2240,10407,2341,2336,103,101,96,880,235,926,2.71,0.354,2,0.1054,946527,1,1.0433397895409438
z10304,tile_y2240_x2240,10410,2432,2586,106,192,346,930,932,822,6.71,0.351,1,0.0332,98700,1,1.1508856099695242
z10304,tile_y2240_x2240,10414,2373,2316,110,133,76,902,891,275,1.71,0.356,2,0.1054,946527,1,0.9583192138258217
z10304,tile_y2240_x2240,10420,2340,2536,116,100,296,828,259,917,2.14,0.609,2,0.0469,421515,1,0.8289621012278671
z10304,tile_y2240_x2240,10421,2288,2316,117,48,76,979,913,1048,3.71,0.684,2,0.1054,946527,1,0.973592647920882
z10304,tile_y2240_x2240,10460,2284,2274,156,44,34,1048,970,1108,3.71,0.456,2,0.1054,946527,1,1.0617674566692537
z10304,tile_y2240_x2240,10481,2326,2467,177,86,227,1181,432,1168,1.71,0.544,2,0.0469,421515,1,0.9767250237499757
z10304,tile_y2240_x2240,10484,2304,2440,180,64,200,447,1119,421,1.86,0.278,2,0.0469,421515,1,0.9028680217469549
z10304,tile_y2240_x2240,10493,2369,2344,189,129,104,441,494,416,1.86,0.68,2,0.0469,421515,1,0.7165979292864201
z10304,tile_y2240_x2240,10506,2282,2693,202,42,453,1263,948,1329,2.43,0.681,2,0.418,996734,1,1.1247634367903103
z10304,tile_y2240_x448,10446,2380,813,142,140,365,732,140,535,4.1,0.281,1,0.6023,3643622,1,1.0289537828052158
z10304,tile_y2240_x448,10482,2275,845,178,35,397,682,569,687,3.1,0.378,1,0.6023,3643622,1,1.0336849507735584
z10304,tile_y2240_x448,10515,2294,760,211,54,312,782,792,763,3.5,0.229,1,0.2881,1851808,1,1.0470078801591636
z10304,tile_y2240_x896,10524,2360,1260,220,120,364,2281,2426,2277,3.4,0.371,1,0.2573,2474590,1,1.1381945730214569
z10304,tile_y896_x0,10492,1367,477,188,471,477,60,63,57,2.75,0.321,1,0.7668,797079,1,1.199305674122133
z10304,tile_y896_x1344,10527,1369,1778,223,473,434,2419,2592,2536,3.56,0.338,1,0.5751,6076279,1,1.018606751721802
z10304,tile_y896_x2240,10337,1267,2504,33,371,264,22,16,128,1.88,0.24,2,0.299,2379403,1,0.8699384150330484
z10304,tile_y896_x2240,10362,1169,2380,58,273,140,2,226,302,2.12,0.102,2,0.299,2379403,1,0.9360354910264166
z10304,tile_y896_x2240,10375,1247,2395,71,351,155,977,355,978,1.75,0.654,2,0.164,1237895,1,0.8357818868445898
z10304,tile_y896_x2240,10421,1188,2371,117,292,131,1124,1111,1073,3.25,0.374,2,0.164,1237895,1,1.1565157926229859
z10304,tile_y896_x2240,10431,1185,2301,127,289,61,1161,493,1123,3.75,0.613,2,0.164,1237895,1,0.9170304388862671
z10304,tile_y896_x2240,10433,1140,2352,129,244,112,1220,1152,1176,3.25,0.289,2,0.164,1237895,1,1.1583784829721362
z10304,tile_y896_x2240,10433,1202,2366,129,306,126,1111,1073,1135,3.25,0.314,2,0.164,1237895,1,1.0035362465269007
z10304,tile_y896_x2240,10433,1243,2496,129,347,256,1214,1195,1211,1.88,0.524,2,0.164,1237895,1,0.7924846803098624
z10304,tile_y896_x2240,10433,1251,2477,129,355,237,1195,1137,574,2.0,0.22,2,0.164,1237895,1,0.8081926203877423
z10304,tile_y896_x2240,10436,1161,2347,132,265,107,1220,1178,1124,2.25,0.386,2,0.164,1237895,1,1.1797283678072659
z10304,tile_y896_x2240,10466,1127,2310,162,231,70,1261,1233,1227,4.12,0.366,1,0.164,1237895,1,1.0871899950540522
z10528,tile_y1344_x2240,10613,1798,2633,85,454,393,72,583,607,2.91,0.279,1,0.1976,1248484,1,0.9449092410988499
z10528,tile_y1344_x2688,10669,1787,2795,141,443,107,755,685,711,4.0,0.328,1,0.0818,363102,1,0.9262045686847797
z10528,tile_y1344_x2688,10719,1704,2752,191,360,64,755,738,758,4.86,0.195,1,0.0818,363102,1,1.0285559203558567
z10528,tile_y1344_x896,10720,1396,1344,192,52,448,3327,3154,3609,4.2,0.281,1,0.2625,2618788,1,1.0635785007072136
z10528,tile_y1792_x1792,10613,1967,2173,85,175,381,3079,2961,3076,3.45,0.463,1,0.1506,1549847,1,0.9510874795496103
z10528,tile_y1792_x2240,10572,2083,2534,44,291,294,2123,2332,1855,3.08,0.561,1,0.2369,1909694,1,1.1814502365046082
z10528,tile_y1792_x2688,10571,1855,2742,43,63,54,413,388,368,4.56,0.516,1,0.1976,1248484,1,0.9083150350084932
z10528,tile_y1792_x448,10575,1863,686,47,71,238,1811,1878,1339,2.46,0.382,1,0.5346,5639661,1,1.2141734256812176
z10528,tile_y1792_x896,10744,2052,1048,216,260,152,3475,3628,3897,3.3,0.388,1,0.6204,6335550,1,1.0008029253569632
z10528,tile_y2240_x1344,10674,2326,1779,146,86,435,1813,2068,1874,2.29,0.642,1,0.3942,3151080,1,1.00263251935676
z10528,tile_y2240_x1344,10689,2308,1505,161,68,161,2073,1963,1951,2.43,0.482,1,0.6204,6335550,1,1.2442023117131709
z10528,tile_y2240_x448,10711,2312,850,183,72,402,707,752,722,2.64,0.391,1,0.6644,3988972,1,1.1633523499049172
z10528,tile_y2240_x448,10713,2351,870,185,111,422,702,711,670,3.55,0.518,1,0.6644,3988972,1,1.2591557520647367
z10528,tile_y2240_x896,10734,2364,1037,206,124,141,2451,2256,2400,2.31,0.182,1,0.6204,6335550,1,1.076252918986887
z10528,tile_y448_x896,10735,887,1195,207,439,299,90,117,82,6.14,0.995,1,0.0657,188379,1,0.7599880861902513
z10528,tile_y896_x1344,10741,944,1741,213,48,397,3550,3699,3522,3.33,0.467,1,0.2928,443062,1,1.2972963332857754
z10752,tile_y1344_x2688,10949,1691,2725,197,347,37,524,578,528,3.62,0.393,1,0.7473,2800112,1,1.0368537303664922
z10752,tile_y1792_x1792,10815,2033,2004,63,241,212,1751,1473,1880,1.78,0.527,1,0.0339,343389,1,1.1319065343258892
z10752,tile_y1792_x2240,10795,2177,2642,43,385,402,1119,1200,1118,2.64,0.512,1,0.5777,674616,1,1.1721687030075187
z10752,tile_y2240_x2240,10829,2323,2386,77,83,146,412,313,291,1.81,0.565,1,0.8111,6334816,1,1.7400240689130986
z10752,tile_y448_x2240,10902,820,2453,150,372,213,706,720,737,2.27,0.38,1,0.8078,5667986,1,1.1675233056185437
z10752,tile_y448_x896,10826,815,1213,74,367,317,794,848,685,2.12,0.373,1,0.5855,3189236,1,1.2359289435020702
z10752,tile_y896_x2240,10787,1169,2480,35,273,240,2075,2167,2047,3.31,0.382,1,0.1288,1326074,1,0.9612322151155201
z10752,tile_y896_x2240,10943,1176,2448,191,280,208,4400,4545,4589,2.46,0.243,1,0.4945,4974794,1,1.1104968073508799
z10976,tile_y1344_x2688,11017,1464,2773,41,120,85,171,208,65,2.21,0.201,1,0.8832,3195383,1,1.0981999672721323
z10976,tile_y1344_x448,11181,1544,644,205,200,196,51,34,7,2.0,0.454,2,0.8399,589823,1,0.9875599642247337
z10976,tile_y1344_x448,11188,1638,559,212,294,111,51,9,39,1.62,0.551,2,0.8399,589823,1,1.1961697722567288
z10976,tile_y1344_x448,11193,1651,554,217,307,106,51,39,45,2.38,0.908,1,0.8399,589823,1,1.2453468208092486
z10976,tile_y1344_x896,11184,1481,1182,208,137,286,124,75,85,2.62,0.265,1,0.6151,599917,1,1.1262297658337261
z10976,tile_y1344_x896,11186,1488,1188,210,144,292,124,101,85,2.31,0.389,1,0.6151,599917,1,1.137808104271519
z10976,tile_y448_x896,11010,917,1280,34,469,384,345,249,324,1.72,0.518,1,0.929,3465670,1,1.2513648041104688
z1120,tile_y1344_x1344,1153,1400,1626,33,56,282,1678,1715,1603,3.29,0.551,2,0.2738,1705699,1,0.9805494941479865
z1120,tile_y1344_x1344,1159,1776,1425,39,432,81,2044,1628,1549,4.14,0.411,1,0.1037,937455,1,0.9212260919476384
z1120,tile_y1344_x1344,1182,1664,1391,62,320,47,1909,358,1852,2.71,0.314,2,0.1037,937455,1,1.0304644226672348
z1120,tile_y1344_x1344,1219,1818,1418,99,474,74,475,486,679,3.14,0.252,2,0.0488,441197,1,0.8955484598046581
z1120,tile_y1344_x1344,1238,1615,1517,118,271,173,2053,2098,2002,2.29,0.298,2,0.1037,937455,1,0.9501954074390931
z1120,tile_y1344_x1344,1244,1812,1472,124,468,128,733,811,475,4.14,0.34,1,0.0488,441197,1,0.8023741766005293
z1120,tile_y1344_x1344,1249,1603,1496,129,259,152,2111,2098,2123,2.14,0.23,2,0.1037,937455,1,0.9229998747965444
z1120,tile_y1344_x1344,1269,1606,1478,149,262,134,2094,2062,957,2.86,0.247,2,0.1037,937455,1,0.8451374307171368
z1120,tile_y1344_x1792,1200,1513,2265,80,169,473,1719,1707,1689,2.38,0.606,2,0.6135,3183706,1,1.0463369632793855
z1120,tile_y1344_x1792,1228,1428,2225,108,84,433,1856,711,1884,3.25,0.159,2,0.6135,3183706,1,0.9745179977005395
z1120,tile_y1344_x1792,1343,1755,1995,223,411,203,839,1314,1154,4.57,0.284,1,0.0378,359364,1,0.8696984706829298
z1120,tile_y1344_x448,1206,1585,862,86,241,414,1672,1707,1589,2.62,0.545,2,0.1184,994531,1,0.8990707936440588
z1120,tile_y1344_x448,1225,1751,865,105,407,417,1930,1710,1839,2.5,0.394,2,0.1503,1262400,1,1.0225466870174178
z1120,tile_y1344_x448,1231,1552,893,111,208,445,1868,1760,1822,1.88,0.36,2,0.1184,994531,1,1.0411648088576344
z1120,tile_y1344_x448,1240,1562,809,120,218,361,1738,1837,1702,3.25,0.395,2,0.1184,994531,1,1.049907063197026
z1120,tile_y1344_x448,1289,1596,899,169,252,451,354,677,735,4.62,0.216,1,0.0379,277784,1,0.9288223264766029
z1120,tile_y1344_x448,1341,1709,824,221,365,376,2150,2089,2153,3.25,0.437,2,0.0405,297231,1,0.8852755283428797
z1120,tile_y1344_x896,1172,1731,951,52,387,55,1684,1712,398,2.38,0.353,2,0.1503,1262400,1,0.8213622408369026
z1120,tile_y1344_x896,1190,1669,961,70,325,65,2089,1776,1707,3.25,0.538,2,0.1503,1262400,1,0.9374708151017797
z1120,tile_y1344_x896,1195,1758,989,75,414,93,2089,1916,1730,3.25,0.404,2,0.1503,1262400,1,0.8647307661896102
z1120,tile_y1344_x896,1203,1689,955,83,345,59,2089,1776,1767,2.0,0.348,2,0.1503,1262400,1,0.9734007720410837
z1120,tile_y1344_x896,1277,1698,1332,157,354,436,793,1037,1087,1.75,0.171,2,0.1037,937455,1,0.7997192423734496
z1120,tile_y1344_x896,1294,1638,1036,174,294,140,2120,2089,2160,2.5,0.437,2,0.068,621014,1,0.9580095051719318
z1120,tile_y1344_x896,1338,1585,1078,218,241,182,2240,2277,2203,2.12,0.425,2,0.068,621014,1,0.9960253757035376
z1120,tile_y1792_x0,1212,2042,454,92,250,454,364,289,93,4.43,0.283,1,0.0663,30268,1,0.968174986798814
z1120,tile_y1792_x0,1290,2045,433,170,253,433,364,353,351,7.0,0.38,1,0.0639,36820,1,1.1087142521015594
z1120,tile_y1792_x1344,1260,1838,1739,140,46,395,2304,2225,2332,3.67,0.493,1,0.074,675266,1,0.9738021724574064
z1120,tile_y1792_x1344,1317,2070,1529,197,278,185,2628,2698,1088,3.44,0.242,1,0.1408,1157081,1,0.9648816985271075
z1120,tile_y1792_x1792,1306,2187,2265,186,395,473,954,792,1182,3.71,0.113,2,0.3028,1764770,1,0.8631145394856096
z1120,tile_y1792_x1792,1321,2175,2213,201,383,421,1986,1783,2155,2.14,0.4,2,0.3028,1764770,1,0.9244461331618635
z1120,tile_y1792_x1792,1339,2001,1972,219,209,180,2136,2176,1838,2.71,0.462,2,0.0395,374902,1,0.9672515174506828
z1120,tile_y1792_x2240,1188,2027,2608,68,235,368,808,835,992,1.83,0.611,2,0.0527,88375,1,1.0128096761858763
z1120,tile_y1792_x2240,1214,2069,2535,94,277,295,1069,1224,242,3.17,0.102,2,0.0602,329871,1,1.0304066629443513
z1120,tile_y1792_x2240,1230,1878,2605,110,86,365,1002,1093,978,8.17,0.439,2,0.6028,1010450,1,1.5055905262855336
z1120,tile_y1792_x2240,1235,1843,2472,115,51,232,1012,1081,1119,2.17,0.351,2,0.0616,536684,1,0.6671315937312334
z1120,tile_y1792_x2240,1235,1905,2597,115,113,357,1093,1002,1072,2.17,0.642,2,0.6028,1010450,1,1.0427839747851568
z1120,tile_y1792_x2240,1245,1825,2481,125,33,241,1119,297,1,1.67,0.365,2,0.0616,536684,1,0.7617594187701295
z1120,tile_y1792_x2240,1304,2206,2344,184,414,104,1231,1307,1259,2.33,0.163,2,0.3028,1764770,1,0.9217793783001569
z1120,tile_y1792_x2240,1309,2078,2404,189,286,164,1224,1254,1248,2.17,0.163,2,0.0318,185414,1,1.05896330410073
z1120,tile_y1792_x2240,1322,1877,2607,202,85,367,333,413,471,5.67,0.92,2,0.6039,825662,1,0.9550435785695975
z1120,tile_y1792_x896,1211,2039,1323,91,247,427,1202,1236,461,4.67,0.392,2,0.041,370897,1,0.9378173653951069
z1120,tile_y1792_x896,1245,1971,1300,125,179,404,1202,534,496,4.5,0.228,2,0.041,370897,1,0.7603946301824868
z1120,tile_y1792_x896,1286,2068,1242,166,276,346,1472,712,1602,4.0,0.39,2,0.1408,1157081,1,0.7897489985510951
z1120,tile_y1792_x896,1308,2129,1257,188,337,361,1607,1598,1706,2.0,0.337,2,0.1408,1157081,1,1.0830236024375979
z1120,tile_y1792_x896,1313,2111,1371,193,319,475,1667,1668,1688,3.5,0.496,2,0.1408,1157081,1,1.1099058290618666
z1120,tile_y896_x1344,1166,1285,1653,46,389,309,1237,799,73,3.1,0.39,1,0.2738,1705699,1,0.9446212248087981
z1120,tile_y896_x1792,1190,1345,1909,70,449,117,819,768,893,3.33,0.563,1,0.109,678870,1,1.0097796530707923
z11200,tile_y1344_x1792,11307,1633,2157,107,289,365,187,188,82,4.11,0.416,2,0.0713,123901,1,1.1455270150575732
z11200,tile_y1344_x1792,11310,1810,1960,110,466,168,225,219,227,3.78,0.417,2,0.777,2939955,1,2.2856226702473044
z11200,tile_y1344_x1792,11314,1707,1839,114,363,47,297,239,194,2.78,0.493,2,0.777,2939955,1,1.6535489163284691
z11200,tile_y1344_x1792,11314,1807,1973,114,463,181,227,225,226,2.89,0.49,2,0.777,2939955,1,1.908030460366909
z11200,tile_y1344_x1792,11328,1806,1991,128,462,199,286,226,297,2.89,0.519,2,0.777,2939955,1,1.4513961878249013
z11200,tile_y1344_x1792,11343,1799,1996,143,455,204,297,120,123,1.78,0.253,2,0.777,2939955,1,1.3626693865656418
z11200,tile_y896_x1344,11253,1059,1639,53,163,295,192,21,186,4.14,0.111,1,0.1351,46709,1,0.9352256822953114
z11368,tile_y1792_x1792,11588,1954,2029,220,162,237,984,985,1030,2.0,0.466,1,0.0318,232743,1,2.3478788779859254
z11368,tile_y2240_x1792,11589,2417,1879,221,177,87,711,625,647,2.38,0.761,1,0.9135,5152283,1,1.2993490597529764
z11368,tile_y2240_x3584,11583,2278,3667,215,38,83,17,5,21,2.44,0.341,1,0.8944,768640,1,0.8602480045610034
z1344,tile_y1344_x1792,1511,1376,1848,167,32,56,512,601,645,2.5,0.533,2,0.1099,1080636,1,0.8962083268117076
z1344,tile_y1344_x1792,1524,1470,1867,180,126,75,604,512,790,2.5,0.212,2,0.0311,306131,1,0.7530330903756142
z1344,tile_y1344_x1792,1545,1779,2100,201,435,308,1490,1456,1424,2.0,0.392,2,0.1144,988823,1,1.0057340098458984
z1344,tile_y1344_x2240,1471,1554,2370,127,210,130,1211,1546,1790,5.57,0.387,1,0.0866,792625,1,0.9860315902357453
z1344,tile_y1344_x448,1397,1795,696,53,451,248,267,83,228,2.0,0.513,2,0.0412,302564,1,0.6964239252984881
z1344,tile_y1344_x896,1431,1497,1284,87,153,388,2115,2229,2095,3.38,0.244,2,0.0346,327280,1,0.872952578903373
z1344,tile_y1344_x896,1432,1723,1153,88,379,257,2008,2019,1965,2.0,0.533,2,0.0355,323401,1,1.0309450243038547
z1344,tile_y1344_x896,1464,1624,1359,120,280,463,2359,747,703,3.5,0.242,2,0.0301,273844,1,0.7656686846450192
z1344,tile_y1344_x896,1484,1558,1234,140,214,338,2528,2570,2325,4.62,0.234,1,0.0301,273844,1,0.9296192455002878
z1344,tile_y1792_x1344,1492,2203,1709,148,411,365,1856,1812,1861,4.5,0.26,1,0.4141,3955087,1,1.045602115628561
z1344,tile_y1792_x2240,1467,2137,2400,123,345,160,1884,1299,1422,1.67,0.237,2,0.1787,1175674,1,1.2313591517350873
z1344,tile_y1792_x2240,1473,2148,2426,129,356,186,1884,1465,391,2.0,0.317,2,0.1787,1175674,1,1.241742904058175
z1344,tile_y1792_x2240,1480,2184,2424,136,392,184,1884,1277,1442,3.33,0.43,2,0.1787,1175674,1,1.0545583992205942
z1344,tile_y1792_x2240,1488,2096,2278,144,304,38,1440,1522,1505,2.56,0.309,2,0.1787,1175674,1,0.9718997829072704
z1344,tile_y1792_x2240,1490,2167,2449,146,375,209,1884,1570,1277,4.56,0.394,1,0.1787,1175674,1,1.0711283691183189
z1344,tile_y1792_x2240,1492,2092,2441,148,300,201,1884,1553,1407,3.11,0.186,2,0.1787,1175674,1,1.1437634989200864
z1344,tile_y1792_x2240,1501,2161,2343,157,369,103,1441,1620,1593,2.89,0.258,2,0.1787,1175674,1,0.9496524538160105
z1344,tile_y1792_x2240,1507,1838,2362,163,46,122,1531,1680,1559,3.56,0.548,2,0.1198,1097135,1,0.9931839276046098
z1344,tile_y1792_x2240,1513,2084,2344,169,292,104,1562,1536,1626,2.78,0.504,2,0.1787,1175674,1,1.0724289975359875
z1344,tile_y2240_x1344,1481,2293,1663,137,53,319,1298,457,1120,4.12,0.282,1,0.4141,3955087,1,1.0106044442837254
z1344,tile_y2240_x2240,1535,2315,2287,191,75,47,516,476,526,4.67,0.407,1,0.0366,240641,1,0.9540376850605653
z1344,tile_y2240_x448,1508,2294,892,164,54,444,239,67,221,4.8,0.441,1,0.042,181697,1,0.7928778718258767
z1344,tile_y896_x1344,1391,990,1708,47,94,364,1625,1608,1737,4.57,0.372,2,0.6738,337254,1,1.3013550428691207
z1344,tile_y896_x1344,1398,1143,1713,54,247,369,1827,1697,1597,2.14,0.577,2,0.3191,3118215,1,0.9052054181126161
z1344,tile_y896_x1344,1439,959,1750,95,63,406,1938,2073,1956,2.57,0.552,2,0.5859,1192831,1,1.1917944946417314
z1344,tile_y896_x1344,1455,929,1659,111,33,315,2104,609,2017,2.43,0.361,2,0.5859,1192831,1,1.0286666502693262
z1344,tile_y896_x1344,1458,950,1691,114,54,347,2116,1923,2017,2.71,0.296,2,0.5859,1192831,1,1.0731601335589809
z1344,tile_y896_x1344,1458,1203,1380,114,307,36,2280,2004,2195,2.43,0.47,2,0.0918,866865,1,0.7481019318950612
z1344,tile_y896_x1344,1486,986,1693,142,90,349,2682,2391,724,2.29,0.413,2,0.5859,1192831,1,1.021227225850808
z1344,tile_y896_x1344,1500,956,1736,156,60,392,2454,2380,2546,2.0,0.341,2,0.5859,1192831,1,1.1143212177694937
z1344,tile_y896_x1344,1503,1164,1460,159,268,116,2465,2342,2536,3.71,0.491,2,0.0918,866865,1,0.9748777190122082
z1344,tile_y896_x1344,1506,972,1764,162,76,420,2546,2357,2597,3.29,0.387,2,0.5859,1192831,1,1.146314889110645
z1344,tile_y896_x1344,1546,930,1662,202,34,318,2838,2775,2694,2.14,0.378,2,0.4589,1130876,1,1.1076392335947582
z1344,tile_y896_x448,1455,1321,807,111,425,359,533,168,478,4.86,0.31,1,0.0656,303705,1,1.150348874479154
z1344,tile_y896_x896,1515,1167,1251,171,271,355,1639,1583,836,3.71,0.246,2,0.0918,866865,1,0.9683147220139684
z1344,tile_y896_x896,1535,1176,1315,191,280,419,1636,1601,1654,2.71,0.652,2,0.0918,866865,1,1.1663445326314923
z1568,tile_y1344_x0,1777,1798,446,209,454,446,95,96,81,3.0,0.299,1,0.0724,133438,1,0.9945713501479154
z1568,tile_y1344_x0,1788,1794,444,220,450,444,96,95,93,2.89,0.458,1,0.0724,133438,1,0.9712654407417779
z1568,tile_y1344_x1792,1635,1701,1896,67,357,104,1173,1387,1114,4.33,0.487,2,0.0414,357676,1,0.8847692415190581
z1568,tile_y1792_x2240,1764,2121,2475,196,329,235,1453,1397,1545,2.22,0.38,2,0.1561,844466,1,0.8302972276825052
z1568,tile_y1792_x2240,1764,2230,2464,196,438,224,1412,1435,1402,1.89,0.244,2,0.1561,844466,1,0.787084067585778
z1568,tile_y1792_x2240,1783,2177,2460,215,385,220,1460,1394,1429,1.78,0.338,2,0.1561,844466,1,0.795848560477761
z1568,tile_y1792_x2240,1785,2110,2501,217,318,261,1545,1379,1446,4.78,0.194,2,0.1561,844466,1,1.0654899196992995
z1568,tile_y1792_x448,1620,2116,836,52,324,388,1440,1279,1278,4.14,0.392,2,0.3085,1503800,1,1.0626495215311005
z1568,tile_y1792_x448,1651,1855,498,83,63,50,1499,1458,1406,2.29,0.438,2,0.6139,927369,1,1.1300640631055787
z1568,tile_y1792_x448,1696,2257,725,128,465,277,1556,1520,1524,1.71,0.274,2,0.1728,900128,1,0.8763576106053346
z1568,tile_y1792_x448,1732,2251,513,164,459,65,1727,1627,1668,1.86,0.137,2,0.1728,900128,1,0.8645939650885871
z1568,tile_y1792_x448,1745,2142,481,177,350,33,1696,1740,1578,2.57,0.331,2,0.2664,310835,1,0.9229209908634168
z1568,tile_y1792_x448,1747,2181,914,179,389,466,469,473,660,3.14,0.148,2,0.0567,295251,1,1.073587297351391
z1568,tile_y1792_x448,1751,2233,664,183,441,216,1694,1759,1652,5.33,0.462,1,0.1728,900128,1,1.0851914832467129
z1568,tile_y1792_x448,1769,2000,700,201,208,252,602,497,396,1.86,0.751,2,0.0332,264531,1,0.7527193487970033
z1568,tile_y1792_x896,1618,2207,1024,50,415,128,1248,1134,1282,2.17,0.422,2,0.3209,1719508,1,1.1224819801729058
z1568,tile_y1792_x896,1624,2229,1067,56,437,171,1359,1229,1140,4.33,0.445,2,0.3209,1719508,1,1.2902358005052867
z1568,tile_y1792_x896,1685,2192,1369,117,400,473,1543,1716,1523,2.17,0.383,2,0.3636,2047781,1,1.0215748317142972
z1568,tile_y1792_x896,1716,2270,991,148,478,95,1706,646,639,4.83,0.14,2,0.0852,443887,1,0.9251563747671014
z1568,tile_y1792_x896,1728,2204,1313,160,412,417,1786,1683,1780,1.83,0.364,2,0.3636,2047781,1,0.8771891155372099
z1568,tile_y1792_x896,1735,2127,1328,167,335,432,605,682,667,2.0,0.353,2,0.0369,207887,1,0.7690322991654456
z1568,tile_y1792_x896,1747,2192,1136,179,400,240,1884,2355,1891,3.67,0.464,2,0.3636,2047781,1,1.0290981993966761
z1568,tile_y1792_x896,1748,2183,1180,180,391,284,2355,694,1992,3.33,0.281,2,0.3636,2047781,1,0.8986486486486487
z1568,tile_y1792_x896,1769,2175,955,201,383,59,2355,2163,2102,4.33,0.242,2,0.0567,295251,1,1.1343850806451612
z1568,tile_y1792_x896,1775,2234,1203,207,442,307,2355,2113,2045,4.33,0.523,2,0.3636,2047781,1,1.0674693479472412
z1568,tile_y1792_x896,1780,2189,959,212,397,63,2355,2082,2112,3.5,0.3,2,0.0567,295251,1,1.060432906152288
z1568,tile_y1792_x896,1780,2202,931,212,410,35,2081,2355,2186,2.0,0.384,2,0.0567,295251,1,0.9853638448011041
z1568,tile_y1792_x896,1789,2173,1186,221,381,290,2111,2072,807,2.0,0.327,2,0.3636,2047781,1,0.7732048143614851
z1568,tile_y2240_x1792,1670,2312,1992,102,72,200,484,474,450,3.62,0.434,1,0.0326,163222,1,1.1026591107236268
z1568,tile_y2240_x2240,1717,2285,2529,149,45,289,519,471,477,3.5,0.502,1,0.1561,844466,1,1.3396647561994182
z1568,tile_y2240_x448,1689,2278,768,121,38,320,365,402,387,3.71,0.339,1,0.1728,900128,1,0.8959137200328926
z1792,tile_y1344_x0,1829,1798,443,37,454,443,72,274,57,4.0,0.191,1,0.0645,131006,1,0.8057468169404162
z1792,tile_y1344_x0,1846,1729,474,54,385,474,274,59,77,3.2,0.912,1,0.0645,131006,1,0.5973253045791906
z1792,tile_y1344_x1344,1965,1377,1590,173,33,246,896,1023,861,5.8,0.479,1,0.0343,324121,1,0.8664270768753874
z1792,tile_y1344_x448,1958,1444,744,166,100,296,297,328,300,6.2,0.295,1,0.0401,60767,1,0.8279153614279804
z1792,tile_y1344_x896,1991,1430,1359,199,86,463,333,407,387,6.4,0.122,1,0.1461,624318,1,0.8559441908313509
z1792,tile_y1792_x0,1933,1889,346,141,97,346,641,494,515,7.0,0.548,1,0.1154,260339,1,1.0811084787461844
z1792,tile_y1792_x1792,1896,1920,2229,104,128,437,85,286,575,1.83,0.215,2,0.0407,343515,1,0.9401235145503883
z1792,tile_y1792_x1792,1925,1831,2180,133,39,388,631,835,702,2.17,0.455,2,0.0424,363198,1,0.8355702094647013
z1792,tile_y1792_x1792,1962,2135,1845,170,343,53,752,850,916,2.17,0.197,2,0.0315,145045,1,0.8029985541562769
z1792,tile_y1792_x2240,1857,2250,2601,65,458,361,999,1017,989,3.0,0.418,2,0.2265,94966,1,0.9350785091574222
z1792,tile_y1792_x2240,1871,2198,2580,79,406,340,1163,1037,1032,2.86,0.638,2,0.2067,86689,1,0.9406289859693877
z1792,tile_y1792_x2240,1990,2236,2570,198,444,330,1145,1129,606,2.0,0.209,2,0.683,461100,1,0.9057392857867917
z1792,tile_y896_x1344,1931,1373,1543,139,477,199,1269,976,1247,4.14,0.476,1,0.0343,324121,1,0.9222512077294686
z1792,tile_y896_x1792,1905,1264,1913,113,368,121,236,480,509,2.17,0.208,2,0.0888,782220,1,0.85225740157986
z1792,tile_y896_x1792,1910,1022,1892,118,126,100,544,9,279,4.33,0.273,2,0.0419,31179,1,0.6897586084487043
z1792,tile_y896_x1792,1914,1277,1851,122,381,59,1028,464,236,3.17,0.222,2,0.0888,782220,1,0.8196746221483853
z1792,tile_y896_x1792,1925,1283,1837,133,387,45,1065,1041,1086,2.17,0.309,2,0.3898,3681498,1,0.8427242948534747
z1792,tile_y896_x1792,1948,1264,1833,156,368,41,1052,1065,654,2.0,0.494,2,0.3898,3681498,1,0.9125969738094756
z1792,tile_y896_x1792,1951,1142,1947,159,246,155,1173,1240,1167,2.67,0.322,2,0.3898,3681498,1,1.080619862042899
z1792,tile_y896_x1792,1951,1211,1882,159,315,90,1143,1099,1090,4.33,0.324,2,0.3898,3681498,1,1.1000467872738615
z1792,tile_y896_x1792,1953,1135,2006,161,239,214,1153,444,672,2.83,0.169,2,0.3898,3681498,1,0.8820579457088908
z1792,tile_y896_x1792,1965,1228,1829,173,332,37,1137,1107,679,2.5,0.335,2,0.3898,3681498,1,0.92
z1792,tile_y896_x1792,1979,1077,1957,187,181,165,1243,1235,1281,2.0,0.571,2,0.3898,3681498,1,0.9468344453405675
z1792,tile_y896_x1792,2008,1291,1957,216,395,165,1279,1345,1540,4.5,0.243,2,0.3898,3681498,1,0.8899075777763679
z1792,tile_y896_x2240,1861,1369,2459,69,473,219,518,161,120,4.67,0.612,1,0.0368,290365,1,0.7981700052125996
z1792,tile_y896_x2240,1947,1175,2384,155,279,144,655,196,224,8.17,0.512,1,0.0501,323996,1,0.9934788515533013
z1792,tile_y896_x896,1842,1214,1262,50,318,366,379,313,314,4.67,0.733,1,0.0469,249454,1,0.8854283268584974
z1792,tile_y896_x896,1849,1236,1264,57,340,368,379,304,314,6.0,0.329,1,0.0469,249454,1,0.9974517848079851
z2016,tile_y1344_x1344,2192,1485,1617,176,141,273,457,885,515,9.8,0.332,1,0.1136,505355,1,1.0356977700133594
z2016,tile_y1344_x448,2115,1655,833,99,311,385,84,81,87,5.2,0.902,1,0.0594,470937,1,0.753807507167846
z2016,tile_y1792_x1344,2218,2241,1789,202,449,445,2668,2486,1196,4.29,0.193,1,0.1163,997860,1,0.9199603602216748
z2016,tile_y1792_x448,2178,1941,666,162,149,218,1150,1046,1160,4.67,0.223,1,0.0411,303297,1,1.1941363275490529
z2016,tile_y2240_x1344,2074,2415,1798,58,175,454,1191,881,711,1.73,0.345,2,0.4163,3864556,1,1.1235077032524843
z2016,tile_y2240_x1344,2108,2415,1608,92,175,264,1015,851,1145,2.55,0.297,2,0.4163,3864556,1,0.9999323974130744
z2016,tile_y2240_x1344,2111,2428,1406,95,188,62,1253,1028,974,2.73,0.671,2,0.6275,5901655,1,1.0363634455545294
z2016,tile_y2240_x1344,2114,2342,1556,98,102,212,1019,979,1150,3.64,0.561,2,0.4163,3864556,1,1.0118292610191058
z2016,tile_y2240_x1344,2118,2338,1627,102,98,283,1078,1049,1069,2.55,0.256,2,0.4163,3864556,1,1.0081946019054437
z2016,tile_y2240_x1344,2144,2322,1536,128,82,192,1369,1354,1314,2.45,0.461,2,0.4163,3864556,1,1.0217451688425063
z2016,tile_y2240_x1344,2159,2334,1808,143,94,464,1183,1570,1316,2.36,0.399,2,0.4163,3864556,1,1.011546478461201
z2016,tile_y2240_x1344,2166,2317,1795,150,77,451,1183,1329,1570,2.36,0.289,2,0.4163,3864556,1,1.0855493418549798
z2016,tile_y2240_x1344,2175,2276,1749,159,36,405,1417,1411,1511,3.27,0.571,2,0.4163,3864556,1,0.901045864705998
z2016,tile_y2240_x2240,2115,2272,2441,99,32,201,270,284,261,4.67,0.671,1,0.041,218519,1,0.9714626971748959
z2016,tile_y2240_x896,2080,2307,1234,64,67,338,680,1022,686,4.44,0.34,1,0.6275,5901655,1,1.053702806291026
z2016,tile_y896_x1344,2056,1265,1637,40,369,293,513,418,391,1.78,0.406,2,0.0466,299512,1,1.13155584814571
z2016,tile_y896_x1344,2067,1121,1790,51,225,446,513,395,465,1.67,0.329,2,0.1285,825513,1,1.3217608684027593
z2016,tile_y896_x1344,2067,1255,1542,51,359,198,397,369,513,1.67,0.62,2,0.0466,299512,1,1.0023086337338674
z2016,tile_y896_x1344,2086,1146,1718,70,250,374,513,159,476,2.89,0.42,2,0.1285,825513,1,1.1508322992999789
z2016,tile_y896_x1344,2093,1273,1531,77,377,187,367,492,513,2.89,0.687,2,0.0318,72665,1,1.096420006356728
z2016,tile_y896_x1344,2096,1263,1509,80,367,165,367,513,213,2.33,0.256,2,0.0318,72665,1,1.0044110552071128
z2016,tile_y896_x1344,2099,1169,1679,83,273,335,513,525,534,1.89,0.448,2,0.1285,825513,1,1.0011056209221698
z2016,tile_y896_x1792,2050,1099,2001,34,203,209,846,29,855,2.14,0.257,2,0.0411,263883,1,0.9471737982039091
z2016,tile_y896_x1792,2065,1072,2053,49,176,261,855,1023,840,3.71,0.508,2,0.033,265632,1,1.0566780663647286
z2016,tile_y896_x1792,2069,1129,1898,53,233,106,1032,1022,255,2.0,0.154,2,0.1285,825513,1,1.1480246857966576
z2016,tile_y896_x1792,2075,1052,1825,59,156,33,1032,228,1087,2.29,0.434,2,0.1285,825513,1,1.0988434447375286
z2016,tile_y896_x1792,2082,1019,2036,66,123,244,1233,1018,1052,2.43,0.256,2,0.6371,247031,1,1.1508475763519193
z2016,tile_y896_x1792,2115,985,2212,99,89,420,320,1081,1146,1.86,0.356,2,0.0771,68643,1,0.975113405941008
z2016,tile_y896_x1792,2127,1126,1981,111,230,189,1147,437,1233,1.86,0.276,2,0.0411,263883,1,0.8668294070246955
z2016,tile_y896_x1792,2140,1216,2217,124,320,425,345,441,364,2.0,0.508,2,0.0953,767175,1,0.7756561844863732
z2016,tile_y896_x1792,2146,1057,2121,130,161,329,1179,1196,1175,2.29,0.375,2,0.033,265632,1,0.9828735980600182
z2016,tile_y896_x1792,2148,981,2181,132,85,389,1183,447,474,2.14,0.215,2,0.4774,424841,1,0.869911438565156
z2016,tile_y896_x1792,2148,996,2121,132,100,329,1149,1210,1186,1.71,0.356,2,0.4774,424841,1,1.0213163676909454
z2016,tile_y896_x1792,2238,1037,2135,222,141,343,1285,1283,1286,3.0,0.556,2,0.0425,360533,1,0.9485662416063343
z2016,tile_y896_x2240,2099,1126,2307,83,230,67,420,109,71,2.17,0.474,2,0.0953,767175,1,0.7647347433033385
z2016,tile_y896_x2240,2157,1159,2324,141,263,84,584,491,594,6.67,0.365,2,0.0953,767175,1,0.9851592368683729
z2016,tile_y896_x2240,2173,1172,2341,157,276,101,584,259,272,2.17,0.18,2,0.0953,767175,1,0.9229091351501668
z224,tile_y1344_x1792,282,1810,1859,58,466,67,33,32,43,1.73,0.551,1,0.9178,4319342,1,2.2633279146346545
z224,tile_y1792_x1792,337,2171,2188,113,379,396,578,561,491,1.82,0.225,1,0.8829,2608645,1,1.394054054054054
z224,tile_y1792_x3584,279,1985,3672,55,193,88,80,83,86,3.31,0.268,1,0.5364,359798,1,1.005749379328368
z224,tile_y2240_x1344,422,2296,1763,198,56,419,70,62,71,3.71,0.763,1,0.0641,42838,1,0.606096689688021
z2240,tile_y1344_x1792,2372,1623,2246,132,279,454,265,747,677,1.83,0.149,2,0.0351,314127,1,0.8787340439531517
z2240,tile_y1344_x1792,2412,1568,2166,172,224,374,929,697,740,4.67,0.778,2,0.0351,314127,1,0.6466244725738397
z2240,tile_y1344_x2240,2355,1416,2306,115,72,66,1143,214,1041,2.75,0.616,2,0.152,1316099,1,0.8601663585951941
z2240,tile_y1344_x2240,2381,1436,2363,141,92,123,1084,1143,1092,3.12,0.37,2,0.152,1316099,1,0.9974512353706112
z2240,tile_y1344_x2240,2405,1765,2558,165,421,318,1297,499,1424,3.12,0.29,2,0.0322,288223,1,0.879640221402214
z2240,tile_y1344_x2240,2408,1800,2502,168,456,262,1297,1137,281,2.12,0.527,2,0.0322,288223,1,1.0313034810900268
z2240,tile_y1792_x0,2408,2140,444,168,348,444,274,209,267,4.43,0.173,1,0.0336,37443,1,0.7781774580335732
z2240,tile_y1792_x1344,2399,2184,1678,159,392,334,365,491,798,4.0,0.308,1,0.0462,407916,1,0.8466024555461473
z2240,tile_y1792_x1792,2281,2028,1851,41,236,59,12,81,67,2.83,0.24,2,0.0818,742785,1,0.9146470678893427
z2240,tile_y1792_x1792,2293,2039,1904,53,247,112,12,137,122,1.67,0.49,2,0.0818,742785,1,0.7299919807538091
z2240,tile_y1792_x1792,2375,1946,1841,135,154,49,1105,1038,1055,4.83,0.299,2,0.1833,1658520,1,1.117808615206707
z2240,tile_y1792_x1792,2386,1877,1842,146,85,50,1087,1163,1045,3.33,0.374,2,0.1833,1658520,1,1.0282116029368078
z2240,tile_y1792_x1792,2397,1947,1911,157,155,119,1105,1102,1065,5.6,0.325,1,0.1833,1658520,1,0.9161463353308469
z2240,tile_y1792_x1792,2417,1948,1901,177,156,109,1127,1175,1102,2.33,0.47,2,0.1833,1658520,1,0.8158185610010428
z2240,tile_y1792_x1792,2419,1862,1927,179,70,135,1163,1161,1123,7.83,0.179,2,0.1833,1658520,1,0.8278050820872112
z2240,tile_y1792_x2240,2359,1971,2600,119,179,360,1171,279,1341,2.0,0.407,2,0.19,309994,1,0.9733960461527155
z2240,tile_y1792_x2240,2405,2041,2657,165,249,417,1606,1300,1382,2.17,0.136,2,0.0486,79215,1,0.9533685407268859
z2240,tile_y1792_x2240,2426,2133,2717,186,341,477,1429,633,1606,1.83,0.626,2,0.2104,576516,1,1.1353920252328282
z2240,tile_y1792_x2240,2433,2153,2697,193,361,457,1429,1398,1412,4.33,0.485,2,0.3742,2162543,1,1.0654684823927483
z2240,tile_y1792_x2240,2435,2266,2708,195,474,468,1522,1548,1436,2.33,0.744,2,0.3742,2162543,1,0.9168631343839186
z2240,tile_y1792_x2240,2450,2122,2693,210,330,453,1482,1505,1553,4.33,0.36,2,0.3742,2162543,1,1.037703874314177
z2240,tile_y1792_x2688,2442,2074,2739,202,282,51,377,417,386,2.73,0.378,2,0.0671,387681,1,0.9104776517944324
z2240,tile_y1792_x2688,2453,2247,2831,213,455,143,481,423,405,1.64,0.338,2,0.3742,2162543,1,0.95098158947272
z2240,tile_y1792_x2688,2459,2114,2814,219,322,126,421,131,417,2.27,0.554,2,0.3742,2162543,1,0.8326086439993348
z2240,tile_y1792_x896,2283,2145,1337,43,353,441,53,219,271,6.0,0.135,1,0.0342,264801,1,0.9836836760112672
z2240,tile_y1792_x896,2436,1920,1066,196,128,170,660,402,775,2.6,0.264,2,0.031,266400,1,0.6668601070633379
z2240,tile_y1792_x896,2440,1944,1151,200,152,255,719,760,874,7.2,0.751,1,0.031,266400,1,0.6144425463497966
z2240,tile_y2240_x1792,2385,2537,2203,145,297,411,932,432,1025,5.33,0.11,1,0.0333,265741,1,0.9599454136392137
z2240,tile_y2240_x1792,2433,2540,2223,193,300,431,1411,1159,1183,5.83,0.276,1,0.0663,609955,1,0.9620960737589916
z2240,tile_y2240_x2240,2272,2320,2598,32,80,358,767,704,752,2.14,0.268,2,0.3309,318544,1,1.137489129937297
z2240,tile_y2240_x2240,2302,2302,2654,62,62,414,674,111,803,2.71,0.518,2,0.3309,318544,1,0.9653581645605592
z2240,tile_y2240_x2240,2327,2326,2694,87,86,454,777,128,774,3.86,0.268,2,0.1297,355520,1,0.8891928666550866
z2240,tile_y2240_x2240,2375,2361,2692,135,121,452,915,917,862,1.71,0.145,2,0.1297,355520,1,0.9381150409684194
z2240,tile_y2240_x2240,2380,2324,2687,140,84,447,917,904,835,3.71,0.232,2,0.1297,355520,1,0.9994183829138062
z2240,tile_y2240_x2240,2398,2317,2715,158,77,475,917,908,904,3.14,0.601,2,0.1297,355520,1,1.1266477961989487
z2240,tile_y2240_x2240,2408,2291,2688,168,51,448,917,904,864,1.71,0.271,2,0.1297,355520,1,1.007432918880003
z2240,tile_y2240_x2240,2417,2609,2300,177,369,60,1062,380,921,3.71,0.232,2,0.789,724761,1,1.6438998957247133
z2240,tile_y2240_x2240,2457,2513,2494,217,273,254,988,1043,977,3.43,0.377,2,0.0694,638636,1,0.9595134852538673
z2240,tile_y2240_x2240,2462,2553,2277,222,313,37,1062,1006,993,1.71,0.352,2,0.0694,638636,1,1.1157720570344056
z2240,tile_y896_x1792,2283,1031,2157,43,135,365,10,49,6,2.0,0.285,2,0.0425,360533,1,0.8122366992399566
z2240,tile_y896_x1792,2340,1109,2164,100,213,372,982,1066,1059,2.14,0.604,2,0.0502,434626,1,0.881003636838071
z2240,tile_y896_x1792,2355,1315,2066,115,419,274,1013,1110,1092,3.86,0.386,2,0.0322,278724,1,1.0626232837919654
z2240,tile_y896_x1792,2396,1139,2132,156,243,340,1239,1216,1252,1.86,0.511,2,0.0502,434626,1,1.0386798542030526
z2240,tile_y896_x1792,2417,1230,2003,177,334,211,1254,1296,1184,1.86,0.447,2,0.0639,265692,1,0.94994977304859
z2240,tile_y896_x1792,2423,1327,2196,183,431,404,303,545,1391,2.29,0.175,2,0.152,1316099,1,0.9342552862499517
z2240,tile_y896_x1792,2440,1225,2050,200,329,258,1340,1390,1320,4.71,0.41,2,0.0863,782760,1,0.9727457259348697
z2240,tile_y896_x1792,2452,1200,2121,212,304,329,1416,1458,1389,4.57,0.291,2,0.0863,782760,1,1.0474438455453559
z2464,tile_y1344_x2240,2507,1399,2622,43,55,382,103,281,248,6.71,0.358,1,0.0398,31836,1,0.9176316245988377
z2464,tile_y1344_x2688,2504,1770,2727,40,426,39,288,305,570,3.0,0.46,2,0.2329,1010898,1,1.3437967900391394
z2464,tile_y1344_x2688,2549,1719,2749,85,375,61,570,21,340,2.22,0.18,2,0.2329,1010898,1,1.009856084538787
z2464,tile_y1344_x448,2520,1799,608,56,455,160,806,868,812,5.33,0.59,1,0.0904,753191,1,0.8490566037735849
z2464,tile_y1344_x448,2590,1726,542,126,382,94,1253,1021,1049,4.33,0.315,1,0.0484,415067,1,0.8558442382089931
z2464,tile_y1344_x448,2664,1750,530,200,406,82,1285,1451,1281,4.67,0.409,1,0.0484,415067,1,0.7716126448694997
z2464,tile_y1344_x448,2679,1710,519,215,366,71,1451,1328,1336,5.0,0.431,1,0.0484,415067,1,1.0173503458144526
z2464,tile_y1792_x0,2497,1898,371,33,106,371,639,37,348,5.75,0.247,2,0.1835,406996,1,1.018520974229766
z2464,tile_y1792_x0,2557,1956,409,93,164,409,423,639,410,1.88,0.248,2,0.1835,406996,1,0.9596635106120869
z2464,tile_y1792_x0,2596,2104,473,132,312,473,455,628,496,1.62,0.203,2,0.2642,110140,1,0.8394400245350074
z2464,tile_y1792_x0,2602,1856,479,138,64,479,509,517,539,2.0,0.722,2,0.5721,1086594,1,0.9642145702902675
z2464,tile_y1792_x0,2619,1896,391,155,104,391,639,526,175,1.88,0.156,2,0.5721,1086594,1,0.9382039458764835
z2464,tile_y1792_x0,2622,1964,428,158,172,428,639,533,580,2.25,0.413,2,0.5721,1086594,1,1.0386413151119034
z2464,tile_y1792_x0,2639,1859,395,175,67,395,639,191,224,2.25,0.285,2,0.5721,1086594,1,1.009244817870799
z2464,tile_y1792_x1792,2502,2167,2083,38,375,291,237,235,183,3.0,0.319,2,0.0422,388177,1,0.8449233033086596
z2464,tile_y1792_x1792,2506,2246,2117,42,454,325,237,151,160,2.83,0.294,2,0.0422,388177,1,0.8295620437956205
z2464,tile_y1792_x1792,2536,2097,2001,72,305,209,1294,1205,1273,2.17,0.234,2,0.0724,633454,1,0.8939125131673782
z2464,tile_y1792_x1792,2551,2131,2009,87,339,217,1286,1279,1236,1.83,0.245,2,0.0724,633454,1,0.9169176365438048
z2464,tile_y1792_x1792,2552,2121,2027,88,329,235,1308,1279,1199,4.33,0.485,2,0.0724,633454,1,0.9432164557217546
z2464,tile_y1792_x1792,2560,2250,2052,96,458,260,262,369,1287,1.83,0.226,2,0.0623,574796,1,0.884631288766368
z2464,tile_y1792_x1792,2617,2166,2188,153,374,396,1365,1411,1392,3.17,0.284,2,0.0623,574796,1,0.8800291635004416
z2464,tile_y1792_x1792,2627,2221,2144,163,429,352,1393,1360,1355,2.67,0.432,2,0.0623,574796,1,0.8147957398841684
z2464,tile_y1792_x2240,2603,1932,2367,139,140,127,662,352,615,2.0,0.252,2,0.0342,234481,1,0.7607846802500675
z2464,tile_y1792_x2240,2606,2026,2573,142,234,333,1474,1440,1419,3.0,0.323,2,0.082,512861,1,0.9238498251309103
z2464,tile_y1792_x2240,2620,2006,2650,156,214,410,1477,1515,1537,4.29,0.463,2,0.082,512861,1,1.0924265366961623
z2464,tile_y1792_x448,2675,1906,801,211,114,353,1550,1568,1612,5.57,0.369,1,0.0895,767595,1,0.9441699144087866
z2464,tile_y2240_x448,2591,2274,714,127,34,266,365,333,373,4.43,0.581,1,0.0721,414599,1,1.1880204363903237
z2464,tile_y2240_x448,2591,2284,773,127,44,325,358,491,339,4.0,0.597,1,0.0721,414599,1,1.1561826747792325
z2464,tile_y896_x1344,2637,1371,1727,173,475,383,187,32,194,4.0,0.488,1,0.0412,144054,1,0.8640783064818284
z2464,tile_y896_x2240,2504,1338,2362,40,442,122,644,44,667,2.5,0.411,2,0.1651,1496769,1,0.9014856099370375
z2464,tile_y896_x2240,2508,1337,2493,44,441,253,665,626,652,2.33,0.153,2,0.1651,1496769,1,0.8283217590536917
z2464,tile_y896_x2240,2509,1314,2343,45,418,103,44,613,231,2.83,0.278,2,0.1651,1496769,1,0.8741259393238733
z2464,tile_y896_x2240,2512,1282,2404,48,386,164,692,597,25,2.17,0.144,2,0.1651,1496769,1,0.865228035684478
z2464,tile_y896_x2240,2521,1334,2446,57,438,206,652,737,648,1.83,0.571,2,0.1651,1496769,1,0.9494082946656595
z2464,tile_y896_x2240,2538,1341,2374,74,445,134,763,714,277,4.33,0.265,2,0.1651,1496769,1,0.9256571131571132
z2464,tile_y896_x2240,2556,1360,2479,92,464,239,754,849,737,2.0,0.214,2,0.1651,1496769,1,0.8437565462474529
z2688,tile_y1344_x0,2786,1786,465,98,442,465,157,221,31,1.71,0.363,2,0.3821,479453,1,1.0257910494491518
z2688,tile_y1344_x448,2749,1736,760,61,392,312,980,993,968,2.0,0.546,2,0.0373,323081,1,0.826232796928254
z2688,tile_y1344_x448,2765,1643,720,77,299,272,1200,1016,996,3.14,0.377,2,0.0373,323081,1,0.8368855406863395
z2688,tile_y1344_x448,2831,1639,845,143,295,397,1124,1066,1074,4.71,0.496,2,0.0306,263191,1,0.8288315019717447
z2688,tile_y1344_x448,2849,1659,826,161,315,378,1197,1241,1142,1.86,0.833,2,0.0306,263191,1,0.942794547224927
z2688,tile_y1344_x448,2865,1683,827,177,339,379,1130,1241,1224,2.0,0.515,2,0.0306,263191,1,0.8844042824049919
z2688,tile_y1792_x1344,2879,2064,1501,191,272,157,1671,1714,1713,3.43,0.338,2,0.031,271642,1,0.9646110214052085
z2688,tile_y1792_x1792,2725,2023,1885,37,231,93,1305,1433,1296,3.57,0.487,2,0.1482,1317128,1,0.8911638575845218
z2688,tile_y1792_x1792,2772,1939,2071,84,147,279,1546,1538,1779,2.57,0.633,2,0.1676,1358276,1,0.7988292074635137
z2688,tile_y1792_x1792,2786,1913,1868,98,121,76,1663,1558,1485,2.71,0.413,2,0.1482,1317128,1,0.855840654083674
z2688,tile_y1792_x1792,2858,1928,2167,170,136,375,1990,879,1890,2.29,0.136,2,0.2467,2174698,1,1.0493912628312245
z2688,tile_y1792_x1792,2874,1901,2211,186,109,419,1990,1911,919,3.43,0.157,2,0.2467,2174698,1,0.9754537867723764
z2688,tile_y1792_x1792,2886,2011,2163,198,219,371,1915,1965,1887,3.43,0.339,2,0.2467,2174698,1,0.9539470629208265
z2688,tile_y1792_x1792,2894,2045,2047,206,253,255,2050,2237,2069,2.14,0.337,2,0.0719,693504,1,1.0623047355764679
z2688,tile_y1792_x1792,2905,2039,1861,217,247,69,2202,1996,1077,3.71,0.231,2,0.0719,693504,1,0.9382668790995055
z2688,tile_y1792_x2240,2726,2017,2432,38,225,192,15,163,202,2.12,0.295,2,0.0478,387540,1,0.9224062603157342
z2688,tile_y1792_x2240,2742,1904,2553,54,112,313,1286,1306,1185,3.88,0.477,2,0.1159,939145,1,0.9016421517325367
z2688,tile_y1792_x2240,2768,2206,2653,80,414,413,1499,199,300,3.25,0.387,2,0.0578,405866,1,0.6823373978145385
z2688,tile_y1792_x2240,2774,2199,2450,86,407,210,1619,1538,1657,2.12,0.428,2,0.2145,2111205,1,0.9945394723802351
z2688,tile_y1792_x2240,2789,1900,2390,101,108,150,1963,468,1612,3.75,0.39,2,0.1159,939145,1,0.9110282893563032
z2688,tile_y1792_x2240,2835,2238,2568,147,446,328,2146,691,1669,2.75,0.282,2,0.1016,784780,1,0.9344292219895087
z2688,tile_y1792_x2240,2837,2245,2669,149,453,429,2146,733,1962,2.88,0.149,2,0.1016,784780,1,1.0164164658101005
z2688,tile_y1792_x2240,2843,2110,2422,155,318,182,214,616,722,3.25,0.175,2,0.0378,293126,1,0.9034035194066573
z2688,tile_y1792_x2240,2845,2201,2586,157,409,346,2146,1993,1877,3.25,0.423,2,0.1016,784780,1,1.0121158992341053
z2688,tile_y896_x2240,2873,1364,2298,185,468,58,462,487,456,4.14,0.449,1,0.0747,259290,1,0.9206833130085365
z2912,tile_y1344_x1344,3018,1486,1451,106,142,107,717,698,847,3.33,0.243,1,0.0515,138034,1,0.8550911396088375
z2912,tile_y1344_x1792,2982,1683,2093,70,339,301,1924,2126,1991,3.8,0.243,1,0.387,3969699,1,0.9492639688685364
z2912,tile_y1344_x1792,3054,1752,2147,142,408,355,2509,2629,2850,3.7,0.507,1,0.387,3969699,1,1.1126431220770843
z2912,tile_y1344_x2240,3000,1805,2412,88,461,172,1565,273,1229,3.71,0.316,2,0.387,3969699,1,0.8726642245637142
z2912,tile_y1344_x2240,3004,1764,2275,92,420,35,1565,1205,1244,4.57,0.281,1,0.387,3969699,1,0.7846339258812896
z2912,tile_y1344_x2240,3032,1718,2339,120,374,99,1353,314,1356,2.71,0.14,2,0.387,3969699,1,0.8519463362412592
z2912,tile_y1344_x2240,3034,1688,2356,122,344,116,1354,1269,1393,2.71,0.208,2,0.387,3969699,1,0.8903072892843777
z2912,tile_y1344_x2240,3037,1766,2299,125,422,59,1312,1468,1565,2.0,0.283,2,0.387,3969699,1,1.0671479524690535
z2912,tile_y1344_x2240,3042,1706,2380,130,362,140,1354,1393,1565,3.71,0.412,2,0.387,3969699,1,0.9518812970798626
z2912,tile_y1344_x2240,3050,1759,2316,138,415,76,1468,1361,476,5.43,0.163,1,0.387,3969699,1,1.050582118232169
z2912,tile_y1344_x2240,3069,1502,2618,157,158,378,405,458,575,2.14,0.502,2,0.154,109421,1,0.8448659018386263
z2912,tile_y1344_x2240,3072,1773,2332,160,429,92,1468,1434,1565,2.43,0.153,2,0.1324,1302431,1,1.0411739510977858
z2912,tile_y1344_x2240,3109,1681,2381,197,337,141,1671,1628,1641,2.57,0.435,2,0.1324,1302431,1,0.9947108245010884
z2912,tile_y1344_x2240,3113,1730,2344,201,386,104,1666,1647,1630,2.14,0.299,2,0.1324,1302431,1,1.0750873219974666
z2912,tile_y1344_x2240,3117,1810,2571,205,466,331,1700,1780,1755,4.0,0.572,2,0.0982,612773,1,0.9064005082696288
z2912,tile_y1344_x2240,3124,1679,2414,212,335,174,1725,1570,1790,4.71,0.428,2,0.1324,1302431,1,1.1445661365839572
z2912,tile_y1344_x2688,2969,1652,2722,57,308,34,568,478,602,4.5,0.39,2,0.0944,756525,1,0.9280659740353278
z2912,tile_y1344_x2688,2973,1689,2781,61,345,93,540,557,564,3.0,0.648,2,0.061,488849,1,0.9222863537310796
z2912,tile_y1344_x2688,3010,1677,2839,98,333,151,623,640,629,2.88,0.297,2,0.061,488849,1,0.8921200750469043
z2912,tile_y1344_x2688,3033,1685,2792,121,341,104,782,693,623,4.71,0.47,1,0.061,488849,1,0.9024229606129757
z2912,tile_y1344_x896,2947,1533,1195,35,189,299,1377,1390,1493,2.14,0.297,2,0.55,1473328,1,0.9903833051061924
z2912,tile_y1344_x896,2948,1525,946,36,181,50,1303,1524,1526,2.71,0.67,2,0.1579,71051,1,0.952135759698481
z2912,tile_y1344_x896,2981,1510,1036,69,166,140,1965,1645,1752,2.57,0.395,2,0.55,1473328,1,0.9417548537621865
z2912,tile_y1344_x896,3012,1531,1217,100,187,321,1830,1741,1869,3.43,0.367,2,0.55,1473328,1,1.0632332038282952
z2912,tile_y1344_x896,3014,1514,1184,102,170,288,1830,1815,1786,3.29,0.491,2,0.55,1473328,1,1.1648760905884536
z2912,tile_y1344_x896,3086,1475,1041,174,131,145,1928,1896,1965,2.14,0.432,2,0.0319,84749,1,1.1322426721199728
z2912,tile_y1792_x0,2956,1877,474,44,85,474,5,64,7,3.17,0.172,1,0.072,49339,1,0.7901268860691985
z2912,tile_y1792_x1344,3021,1942,1771,109,150,427,1663,1659,1757,3.71,0.546,2,0.2499,2470615,1,1.0502652549332978
z2912,tile_y1792_x1344,3037,1950,1809,125,158,465,1681,1896,1727,3.71,0.369,2,0.2499,2470615,1,1.1227466871098455
z2912,tile_y1792_x1344,3040,1896,1706,128,104,362,1869,1792,1837,3.43,0.386,2,0.2499,2470615,1,1.0892946997651796
z2912,tile_y1792_x1344,3046,1911,1707,134,119,363,1938,1881,1837,3.43,0.494,2,0.2499,2470615,1,1.1235772523857204
z2912,tile_y1792_x1344,3056,2156,1794,144,364,450,1943,1987,2034,4.86,0.373,2,0.1643,1529945,1,0.9447176427909226
z2912,tile_y1792_x1344,3080,2021,1612,168,229,268,537,673,867,4.14,0.177,2,0.0338,355015,1,0.8783593510866238
z2912,tile_y1792_x1344,3089,1829,1647,177,37,303,2252,2227,2151,2.14,0.461,2,0.596,6262291,1,1.04494598023761
z2912,tile_y1792_x1344,3090,2152,1728,178,360,384,2314,2272,2172,4.57,0.328,1,0.0474,444116,1,0.930949467986505
z2912,tile_y1792_x1344,3096,1878,1801,184,86,457,2258,2202,922,2.71,0.39,2,0.596,6262291,1,1.0141094785119755
z2912,tile_y1792_x1344,3098,2085,1618,186,293,274,2261,2481,2149,3.14,0.269,2,0.0474,444116,1,0.9670457338188968
z2912,tile_y1792_x1344,3106,1858,1733,194,66,389,2359,2413,2293,3.86,0.289,2,0.596,6262291,1,1.017385614206164
z2912,tile_y1792_x1344,3110,2001,1811,198,209,467,2369,2275,2231,2.86,0.364,2,0.596,6262291,1,1.0835834731173302
z2912,tile_y1792_x1344,3120,2153,1768,208,361,424,2432,2473,2497,3.0,0.405,2,0.0474,444116,1,0.7940890734532154
z2912,tile_y1792_x1344,3122,2008,1811,210,216,467,2242,2445,2369,2.43,0.581,2,0.596,6262291,1,1.0437060661286124
z2912,tile_y1792_x1792,3123,1856,2173,211,64,381,3996,3566,3749,2.73,0.397,1,0.0705,693431,1,1.1017060066127846
z2912,tile_y2688_x1792,2960,2723,1974,48,35,182,49,1,35,5.0,0.531,1,0.0312,107893,1,0.7549654718842486
z3136,tile_y1344_x1344,3256,1463,1551,120,119,207,3549,3251,4665,2.5,0.404,1,0.7862,3824343,1,1.0457729565287006
z3136,tile_y1344_x1792,3279,1773,1990,143,429,198,3875,3721,2947,2.54,0.21,1,0.6357,6975039,1,1.0861314011938423
z3136,tile_y1344_x1792,3290,1527,1941,154,183,149,4040,4164,3880,2.85,0.507,1,0.7862,3824343,1,1.079010485837182
z3136,tile_y1344_x2240,3209,1532,2383,73,188,143,239,258,1655,3.5,0.157,2,0.0431,80748,1,0.975462698599308
z3136,tile_y1344_x2240,3241,1717,2433,105,373,193,262,564,1466,2.12,0.183,2,0.0637,644621,1,0.9387437810945274
z3136,tile_y1344_x2688,3170,1748,2754,34,404,66,339,35,314,2.62,0.432,2,0.0982,612773,1,0.762493480631549
z3136,tile_y1344_x2688,3259,1762,2777,123,418,89,442,138,426,4.12,0.279,2,0.0501,300472,1,0.9596498169947572
z3136,tile_y1344_x2688,3269,1818,2739,133,474,51,146,139,140,1.88,0.176,2,0.0514,308075,1,0.7442904290429043
z3136,tile_y1344_x2688,3318,1661,2728,182,317,40,481,478,492,1.62,0.469,2,0.0469,280821,1,0.9809943604047479
z3136,tile_y1344_x2688,3350,1711,2767,214,367,79,554,595,571,1.62,0.463,2,0.5854,3184283,1,0.8819056636586733
z3136,tile_y1344_x2688,3355,1802,2808,219,458,120,593,565,578,3.12,0.34,2,0.5854,3184283,1,0.8552258392244846
z3136,tile_y1344_x448,3189,1523,914,53,179,466,157,3,104,1.83,0.528,2,0.5106,309910,1,0.7942051783512606
z3136,tile_y1344_x448,3192,1800,642,56,456,194,99,136,126,3.67,0.332,2,0.0364,281401,1,0.749914429147334
z3136,tile_y1344_x896,3244,1435,1112,108,91,216,1538,1381,1362,2.43,0.58,2,0.2095,641482,1,0.8815187816491573
z3136,tile_y1344_x896,3257,1646,1004,121,302,108,1484,1412,1364,3.86,0.29,2,0.0485,360005,1,1.0068835282651072
z3136,tile_y1344_x896,3271,1437,1258,135,93,362,1461,1563,1360,3.71,0.387,2,0.2095,641482,1,1.0887830130334195
z3136,tile_y1344_x896,3274,1534,976,138,190,80,955,789,762,3.43,0.22,2,0.1109,86713,1,1.024419151537955
z3136,tile_y1344_x896,3354,1706,1329,218,362,433,1835,1841,1811,3.29,0.412,2,0.2202,2061235,1,0.9452479986622913
z3136,tile_y1344_x896,3356,1749,1176,220,405,280,1849,1756,1787,3.86,0.827,2,0.2202,2061235,1,0.867015508079384
z3136,tile_y1792_x1792,3185,2101,2270,49,309,478,2203,1693,1810,3.75,0.2,2,0.0323,285188,1,0.9347729406532589
z3136,tile_y1792_x1792,3193,2071,1988,57,279,196,1865,2701,1848,2.25,0.284,2,0.0392,366736,1,0.9972687170184696
z3136,tile_y1792_x1792,3203,2085,2067,67,293,275,418,474,664,3.25,0.281,2,0.0968,752301,1,0.7990434107021462
z3136,tile_y1792_x1792,3211,1845,2003,75,53,211,2026,575,1871,2.12,0.361,2,0.6357,6975039,1,0.9098174784909184
z3136,tile_y1792_x1792,3288,1896,2007,152,104,215,2688,902,2766,2.62,0.382,2,0.6357,6975039,1,0.9952355023141846
z3136,tile_y1792_x2240,3195,2090,2293,59,298,53,1465,1384,1438,2.11,0.506,2,0.0323,285188,1,0.9756312739931806
z3136,tile_y1792_x2240,3243,2013,2680,107,221,440,472,622,590,5.44,0.496,2,0.035,209475,1,0.7433896365286712
z3136,tile_y1792_x2240,3276,2035,2581,140,243,341,1634,1738,2061,2.56,0.643,2,0.0305,182766,1,0.9404326250646639
z3136,tile_y1792_x2240,3336,1856,2701,200,64,461,2093,2001,2012,1.67,0.489,2,0.5854,3184283,1,0.9520376499793132
z3136,tile_y1792_x2240,3358,1901,2582,222,109,342,2277,2165,2371,3.11,0.302,2,0.5854,3184283,1,1.1843201158790513
z3136,tile_y1792_x2688,3244,2148,2834,108,356,146,361,431,169,3.71,0.523,2,0.0547,451708,1,0.7199259897403767
z3136,tile_y1792_x2688,3333,1955,2732,197,163,44,1421,1367,1432,1.86,0.271,2,0.5854,3184283,1,1.0177498418722328
z3136,tile_y1792_x2688,3339,2034,2903,203,242,215,1584,1440,1446,2.86,0.339,2,0.5854,3184283,1,1.0676812891674128
z3136,tile_y1792_x2688,3343,2021,2753,207,229,65,1503,1459,739,1.86,0.278,2,0.5854,3184283,1,0.9193126678287087
z3136,tile_y1792_x2688,3344,2029,2934,208,237,246,1584,1440,1515,3.57,0.299,2,0.5854,3184283,1,1.1057564881281061
z3136,tile_y1792_x2688,3356,2182,2787,220,390,99,672,826,666,2.14,0.344,2,0.1005,839533,1,0.9811174085881843
z3136,tile_y1792_x896,3172,1827,1371,36,35,475,12,204,10,6.0,0.264,2,0.0332,306029,1,0.9063832122797709
z3136,tile_y1792_x896,3194,2147,951,58,355,55,408,594,428,2.0,0.835,2,0.0834,300743,1,0.6289696027969311
z3136,tile_y1792_x896,3248,2210,971,112,418,75,533,604,283,2.5,0.269,2,0.0697,210061,1,0.9356131721237609
z3136,tile_y896_x1344,3268,1372,1765,132,476,421,430,452,487,3.33,0.182,1,0.7862,3824343,1,1.1362272181599913
z3136,tile_y896_x1792,3202,1367,1933,66,471,141,469,400,440,4.45,0.146,1,0.7862,3824343,1,1.3549144354097915
z3360,tile_y1344_x1792,3509,1622,2131,149,278,339,3538,4147,3426,2.54,0.434,1,0.719,7652934,1,1.1550216999672454
z3360,tile_y1344_x2240,3498,1754,2277,138,410,37,1843,1925,1880,2.33,0.5,1,0.719,7652934,1,1.1685166847062616
z3360,tile_y1344_x448,3556,1631,895,196,287,447,440,495,509,5.0,0.629,1,0.0317,182867,1,1.0179564323253865
z3360,tile_y1792_x1344,3404,1877,1760,44,85,416,1873,1820,1846,1.88,0.508,2,0.2922,3056304,1,1.1266981373889269
z3360,tile_y1792_x1344,3497,1971,1476,137,179,132,2202,2283,2121,3.88,0.257,1,0.0642,630787,1,1.0452272022332507
z3360,tile_y1792_x1344,3546,1829,1639,186,37,295,2562,2546,2405,2.38,0.726,2,0.0353,340879,1,0.9590973487148351
z3360,tile_y1792_x1344,3556,1887,1484,196,95,140,2534,2553,2491,2.0,0.481,2,0.0642,630787,1,1.1506682867557716
z3360,tile_y1792_x1344,3557,2138,1507,197,346,163,2431,1148,2696,3.12,0.408,2,0.033,277608,1,0.850962978814466
z3360,tile_y1792_x1344,3573,1851,1692,213,59,348,2740,2735,2616,2.0,0.341,2,0.0353,340879,1,0.9532480840253613
z3360,tile_y1792_x1344,3579,2013,1540,219,221,196,2695,1179,2540,3.25,0.434,2,0.0656,634769,1,0.9869619791877556
z3360,tile_y1792_x1792,3393,2165,2160,33,373,368,1861,1515,225,2.14,0.351,2,0.0849,707989,1,0.8726586381634286
z3360,tile_y1792_x1792,3409,1892,2132,49,100,340,1597,1557,1498,3.29,0.736,2,0.508,5188320,1,0.8553769736345094
z3360,tile_y1792_x1792,3447,2009,1824,87,217,32,1835,1846,1836,2.29,0.468,2,0.2922,3056304,1,0.8717894687551216
z3360,tile_y1792_x1792,3449,2014,1837,89,222,45,1836,1846,1838,2.14,0.449,2,0.2922,3056304,1,0.9938600304281678
z3360,tile_y1792_x1792,3499,2203,2087,139,411,295,2295,2371,2301,2.43,0.532,2,0.1072,936314,1,1.0204073278067751
z3360,tile_y1792_x1792,3532,2188,2045,172,396,253,2697,2584,2676,4.0,0.214,2,0.0636,559183,1,0.8539984561139972
z3360,tile_y1792_x1792,3534,1889,2200,174,97,408,2542,2450,2620,3.29,0.469,2,0.719,7652934,1,0.9835210553018772
z3360,tile_y1792_x1792,3554,2190,1959,194,398,167,647,831,749,2.86,0.134,2,0.0348,306259,1,0.9578293869361951
z3360,tile_y1792_x1792,3572,2063,2270,212,271,478,2902,2868,2864,4.29,0.622,1,0.1391,1214895,1,1.10508193523215
z3360,tile_y1792_x2240,3440,1863,2446,80,71,206,1861,1962,2135,2.82,0.439,1,0.0717,732018,1,0.9852496990893194
z3360,tile_y1792_x2240,3504,2143,2467,144,351,227,3449,727,3039,2.64,0.157,1,0.1391,1214895,1,1.0302863656361236
z3360,tile_y1792_x2240,3557,1864,2439,197,72,199,3476,3677,3414,3.27,0.423,1,0.719,7652934,1,1.1658736480254883
z3360,tile_y1792_x3136,3484,2079,3168,124,287,32,91,95,137,4.71,0.169,1,0.3895,725053,1,0.9373429531036198
z3360,tile_y1792_x3136,3502,2049,3184,142,257,48,59,145,20,4.0,0.594,1,0.3895,725053,1,0.6761071219452063
z3360,tile_y2240_x1792,3392,2685,1961,32,445,169,165,25,584,8.6,0.871,1,0.056,239301,1,0.7916556919348892
z3360,tile_y2240_x448,3416,2288,924,56,48,476,89,11,104,3.86,0.93,1,0.0824,225757,1,0.7872117400419287
z3360,tile_y896_x1344,3514,1350,1793,154,454,449,1042,1110,1051,2.91,0.696,1,0.5691,4186544,1,0.9152117136570218
z3584,tile_y1344_x1792,3629,1531,1992,45,187,200,1964,1963,2248,2.22,0.366,2,0.0469,311448,1,1.0345015625327711
z3584,tile_y1344_x1792,3635,1649,1971,51,305,179,2194,2158,2289,2.89,0.507,2,0.062,598757,1,0.9444537868118471
z3584,tile_y1344_x1792,3648,1646,1964,64,302,172,2289,2765,2244,3.44,0.296,2,0.062,598757,1,0.9612413881638068
z3584,tile_y1344_x1792,3740,1675,2251,156,331,459,2900,2929,2785,2.22,0.328,2,0.0374,362649,1,1.007807417046194
z3584,tile_y1344_x1792,3772,1629,1871,188,285,79,1116,1522,1447,3.11,0.291,2,0.2122,2182648,1,0.9592507541987483
z3584,tile_y1344_x2240,3680,1508,2352,96,164,112,1609,2346,2049,3.1,0.537,1,0.524,2173107,1,1.1417822661191876
z3584,tile_y1344_x2688,3637,1809,2754,53,465,66,359,398,62,5.0,0.459,1,0.2991,2131122,1,0.8493761140819964
z3584,tile_y1344_x448,3767,1818,905,183,474,457,493,266,445,4.0,0.458,1,0.0472,225462,1,0.9829343224307819
z3584,tile_y1344_x448,3768,1703,909,184,359,461,464,512,406,5.71,0.675,1,0.0397,189855,1,0.9618564977420974
z3584,tile_y1792_x1344,3620,1886,1398,36,94,54,1650,1732,1614,2.14,0.321,2,0.5573,5497550,1,1.0174396058124415
z3584,tile_y1792_x1344,3624,2146,1810,40,354,466,1527,1704,1583,2.57,0.464,2,0.1597,1252998,1,0.8009405021393396
z3584,tile_y1792_x1344,3625,2198,1554,41,406,210,1682,1880,1463,4.0,0.488,2,0.1597,1252998,1,0.9658050207445079
z3584,tile_y1792_x1344,3635,1967,1477,51,175,133,1715,264,1776,3.71,0.47,2,0.5573,5497550,1,0.9019817696433295
z3584,tile_y1792_x1344,3653,2185,1669,69,393,325,1928,1935,1880,3.14,0.54,2,0.1597,1252998,1,0.8857372223708857
z3584,tile_y1792_x1344,3712,2196,1398,128,404,54,2366,2207,2275,2.57,0.239,2,0.0347,325431,1,0.8569172640961054
z3584,tile_y1792_x1792,3624,1927,2184,40,135,392,1546,1538,1530,2.44,0.631,2,0.6123,6194477,1,1.0123609649394334
z3584,tile_y1792_x1792,3639,1854,1978,55,62,186,1690,1612,1708,2.33,0.383,2,0.0523,504635,1,1.1256340268225584
z3584,tile_y1792_x1792,3643,2113,2171,59,321,379,1786,1697,1809,2.0,0.536,2,0.1921,1731387,1,0.828453594568895
z3584,tile_y1792_x1792,3653,2163,2233,69,371,441,1829,281,1848,2.44,0.477,2,0.1921,1731387,1,0.8791902778726018
z3584,tile_y1792_x1792,3654,1872,2232,70,80,440,1793,1912,1895,3.11,0.586,2,0.6123,6194477,1,0.9991021996109531
z3584,tile_y1792_x1792,3656,2092,2235,72,300,443,1827,1786,2060,2.67,0.295,2,0.1921,1731387,1,1.0298501608221542
z3584,tile_y1792_x1792,3664,1893,2115,80,101,323,1951,1841,1840,2.22,0.612,2,0.6123,6194477,1,1.0197784031645445
z3584,tile_y1792_x1792,3668,2097,2234,84,305,442,2060,1938,2019,2.89,0.646,2,0.1921,1731387,1,0.9884699562276164
z3584,tile_y1792_x1792,3670,1936,1996,86,144,204,2045,2110,510,2.0,0.297,2,0.0523,504635,1,0.8715953307392996
z3584,tile_y1792_x1792,3683,1890,2038,99,98,246,2103,2104,1950,2.0,0.456,2,0.0523,504635,1,0.987111043319097
z3584,tile_y1792_x1792,3692,1853,2262,108,61,470,2180,2368,603,3.0,0.341,2,0.6123,6194477,1,1.060286401399213
z3584,tile_y1792_x1792,3693,2019,2102,109,227,310,2088,2255,1930,1.78,0.42,2,0.6123,6194477,1,1.0607184538998675
z3584,tile_y1792_x1792,3719,2042,2011,135,250,219,2617,2750,2748,2.89,0.277,2,0.1393,1433362,1,0.9736629067947542
z3584,tile_y1792_x1792,3727,2121,2186,143,329,394,2544,2557,2611,2.56,0.35,2,0.1047,951367,1,0.9672230310238061
z3584,tile_y1792_x1792,3769,1961,1938,185,169,146,3402,2775,3030,2.44,0.43,2,0.1393,1433362,1,1.0187066585165356
z3584,tile_y1792_x1792,3777,1962,1978,193,170,186,3402,3181,2988,1.78,0.279,2,0.1393,1433362,1,0.9667867468220825
z3584,tile_y1792_x1792,3778,2132,2207,194,340,415,2847,940,2935,3.56,0.467,1,0.1047,951367,1,0.8845438933225578
z3584,tile_y1792_x1792,3797,2039,1884,213,247,92,3109,3058,3219,1.89,0.481,2,0.1393,1433362,1,0.9940273805026355
z3584,tile_y1792_x2688,3632,2263,3073,48,471,385,1492,1490,1482,4.71,0.491,2,0.168,270599,1,0.9323436797121007
z3584,tile_y1792_x2688,3762,2235,2890,178,443,202,1825,1769,1862,2.0,0.601,2,0.0356,312641,1,0.9415348288075561
z3584,tile_y1792_x2688,3764,2170,2740,180,378,52,1630,1819,1907,2.29,0.453,2,0.2303,2024484,1,1.114636005590141
z3584,tile_y1792_x896,3665,1869,954,81,77,58,2100,1966,2068,4.11,0.418,1,0.125,672488,1,1.155941190648349
z3584,tile_y1792_x896,3768,1964,1039,184,172,143,3125,2918,3321,3.56,0.546,1,0.1406,1423609,1,0.945092122708362
z3584,tile_y2240_x2688,3629,2342,2941,45,102,253,740,750,730,2.0,0.405,2,0.0519,459349,1,0.827605532763916
z3584,tile_y2240_x2688,3634,2389,2970,50,149,282,815,142,736,3.0,0.448,2,0.0519,459349,1,0.9722158151693384
z3584,tile_y2240_x2688,3637,2321,2785,53,81,97,136,211,310,2.25,0.168,2,0.1274,1126777,1,0.8316270937333705
z3584,tile_y2240_x2688,3649,2390,2967,65,150,279,760,804,756,3.25,0.206,2,0.0519,459349,1,0.9739334226133537
z3584,tile_y2240_x2688,3661,2282,2894,77,42,206,788,197,789,1.62,0.462,2,0.0519,459349,1,0.7722570758105455
z3584,tile_y2240_x2688,3663,2413,2930,79,173,242,787,786,760,2.5,0.474,2,0.0519,459349,1,0.8425775057248547
z3584,tile_y2240_x2688,3690,2372,2840,106,132,152,846,880,925,1.88,0.307,2,0.0519,459349,1,0.9163246797415259
z3584,tile_y2240_x2688,3690,2382,2902,106,142,214,888,344,930,3.25,0.483,2,0.0519,459349,1,0.843823172318099
z3584,tile_y2240_x2688,3692,2380,2861,108,140,173,917,846,951,1.88,0.474,2,0.0519,459349,1,0.9350982842858766
z3584,tile_y2240_x2688,3705,2303,2875,121,63,187,1002,819,1026,3.38,0.41,2,0.0519,459349,1,0.9893750949621237
z3584,tile_y2240_x2688,3714,2329,2777,130,89,89,1018,1139,983,2.75,0.467,2,0.2303,2024484,1,1.112296813693787
z3584,tile_y2240_x2688,3727,2281,2759,143,41,71,1028,1054,1123,3.62,0.454,2,0.2303,2024484,1,1.1409505768899604
z3584,tile_y2240_x2688,3731,2348,2813,147,108,125,984,1139,1088,3.25,0.639,2,0.2303,2024484,1,1.0100707288321613
z3584,tile_y2240_x2688,3740,2350,2765,156,110,77,1139,1146,1088,2.25,0.45,2,0.2303,2024484,1,0.985334898690363
z3584,tile_y2240_x2688,3747,2311,2794,163,71,106,1161,1084,1124,2.0,0.314,2,0.2303,2024484,1,0.935702742788834
z3584,tile_y2240_x448,3720,2387,913,136,147,465,248,228,238,7.17,0.385,1,0.0346,135282,1,0.9685711569540831
z3584,tile_y2240_x448,3745,2392,911,161,152,463,248,256,282,4.83,0.375,1,0.0346,135282,1,0.925564131143404
z3584,tile_y2240_x448,3769,2353,868,185,113,420,329,328,46,6.83,0.22,1,0.0346,135282,1,0.8891999850673834
z3584,tile_y896_x1344,3641,1258,1733,57,362,389,948,941,251,1.71,0.658,2,0.1248,828186,1,0.9815183767629634
z3584,tile_y896_x1344,3677,1279,1812,93,383,468,988,994,1014,1.86,0.609,2,0.1248,828186,1,0.9521181074081776
z3584,tile_y896_x1344,3687,1263,1758,103,367,414,997,1010,1017,3.71,0.376,2,0.1248,828186,1,0.9892489872234341
z3584,tile_y896_x1344,3692,1356,1377,108,460,33,1050,1082,309,1.86,0.363,2,0.1812,524711,1,1.065638425241214
z3584,tile_y896_x1344,3708,1273,1773,124,377,429,395,999,341,2.14,0.278,2,0.1248,828186,1,0.9081478687287816
z3584,tile_y896_x1344,3736,1267,1402,152,371,58,1183,509,1211,1.86,0.547,2,0.0763,281018,1,0.8523622987627192
z3584,tile_y896_x1344,3741,1314,1470,157,418,126,1161,345,1166,2.14,0.256,2,0.0763,281018,1,0.8627421221376942
z3584,tile_y896_x1344,3759,1333,1385,175,437,41,1269,1242,1236,4.0,0.335,2,0.5582,2055452,1,1.1419506926703638
z3584,tile_y896_x1344,3760,1257,1384,176,361,40,1211,1365,1170,3.43,0.307,2,0.0763,281018,1,0.9721543722520762
z3584,tile_y896_x1344,3762,1312,1437,178,416,93,1234,1365,570,1.71,0.185,2,0.5582,2055452,1,0.9545471834468069
z3584,tile_y896_x1344,3768,1269,1465,184,373,121,1277,1303,1215,1.71,0.173,2,0.0763,281018,1,0.9275590551181102
z3584,tile_y896_x1344,3779,1329,1386,195,433,42,1298,1269,1249,4.0,0.337,2,0.5582,2055452,1,1.0920910597941325
z3584,tile_y896_x1344,3785,1346,1452,201,450,108,1258,1261,1311,2.29,0.593,2,0.5582,2055452,1,1.0151998640509055
z3584,tile_y896_x1344,3792,1317,1460,208,421,116,1311,1230,1288,2.86,0.253,2,0.5582,2055452,1,0.9222006112809114
z3584,tile_y896_x896,3730,1338,1361,146,442,465,180,206,192,1.8,0.288,1,0.5582,2055452,1,1.091913040734547
z3808,tile_y1344_x1344,3845,1574,1690,37,230,346,2280,2155,284,2.11,0.237,2,0.1834,1802048,1,1.0045589437013462
z3808,tile_y1344_x1344,3872,1565,1664,64,221,320,2280,2346,2249,3.33,0.142,1,0.1834,1802048,1,1.0004772898814545
z3808,tile_y1344_x1344,3881,1486,1473,73,142,129,1188,520,547,5.0,0.159,1,0.0518,184808,1,1.0192335368737022
z3808,tile_y1344_x1344,3885,1719,1521,77,375,177,3106,2357,2189,3.0,0.516,2,0.3414,3160285,1,1.0109343735473049
z3808,tile_y1344_x1344,3890,1799,1480,82,455,136,2359,658,647,2.67,0.214,2,0.3414,3160285,1,0.8287247214197276
z3808,tile_y1344_x1344,3902,1571,1683,94,227,339,2503,2346,2477,2.89,0.238,2,0.1834,1802048,1,1.016129748451411
z3808,tile_y1344_x1344,3902,1575,1562,94,231,218,2186,2561,2292,2.56,0.402,2,0.1834,1802048,1,1.0530721813481805
z3808,tile_y1344_x1344,3909,1646,1711,101,302,367,2508,2392,2556,2.0,0.522,2,0.1834,1802048,1,0.9966702978233614
z3808,tile_y1344_x1344,3918,1566,1510,110,222,166,2644,2555,2583,2.78,0.431,2,0.3414,3160285,1,0.9208649555699631
z3808,tile_y1344_x1344,3921,1662,1704,113,318,360,2661,2517,2712,2.56,0.708,2,0.1834,1802048,1,0.9857457217517732
z3808,tile_y1344_x1344,3922,1786,1492,114,442,148,2628,2664,3106,2.0,0.423,2,0.3414,3160285,1,0.9608312250210831
z3808,tile_y1344_x1344,3934,1655,1434,126,311,90,2727,3106,2689,3.22,0.606,2,0.3414,3160285,1,0.941748381321175
z3808,tile_y1344_x1344,3948,1554,1675,140,210,331,2862,2756,1105,2.33,0.585,2,0.1834,1802048,1,0.858074741767839
z3808,tile_y1344_x1344,3951,1658,1425,143,314,81,3088,2909,3002,1.89,0.632,2,0.3414,3160285,1,0.9553155703238775
z3808,tile_y1344_x1344,3965,1800,1624,157,456,280,2992,2942,3270,2.44,0.356,2,0.1834,1802048,1,0.9060634587817454
z3808,tile_y1344_x1344,3966,1808,1443,158,464,99,2931,3047,2951,1.78,0.739,2,0.3414,3160285,1,1.0689912117293827
z3808,tile_y1344_x1344,3977,1730,1763,169,386,419,3076,3234,2947,2.89,0.355,2,0.0416,375347,1,0.911828219859023
z3808,tile_y1344_x1344,3984,1628,1670,176,284,326,3129,2927,3142,2.33,0.48,2,0.0416,375347,1,0.876707778835721
z3808,tile_y1344_x1344,3988,1784,1472,180,440,128,3337,3114,3190,3.67,0.522,1,0.1957,1997215,1,1.0176030511955405
z3808,tile_y1344_x1344,3997,1680,1455,189,336,111,3160,3411,3245,2.89,0.635,2,0.1957,1997215,1,1.128396208490785
z3808,tile_y1344_x1344,4021,1727,1436,213,383,92,3411,3482,3202,1.89,0.21,2,0.1957,1997215,1,0.9101138157739709
z3808,tile_y1344_x2240,3917,1517,2672,109,173,432,211,276,380,5.0,0.193,1,0.1255,48071,1,0.9872767582214559
z3808,tile_y1344_x896,3951,1502,1241,143,158,345,3020,2229,2160,2.69,0.398,1,0.2791,996201,1,1.215383228946064
z3808,tile_y1792_x1344,3848,1899,1569,40,107,225,1839,1813,1799,2.38,0.331,2,0.0328,322615,1,1.0206690757774857
z3808,tile_y1792_x1344,3850,2097,1727,42,305,383,1821,1857,276,2.25,0.365,2,0.049,421979,1,0.6788390054120683
z3808,tile_y1792_x1344,3906,1856,1602,98,64,258,2181,2145,579,2.25,0.401,2,0.0328,322615,1,0.8790580529007297
z3808,tile_y1792_x1344,3914,2171,1804,106,379,460,2259,2283,2381,3.12,0.389,2,0.1464,1260361,1,0.9169178484008658
z3808,tile_y1792_x1344,3925,2133,1397,117,341,53,2300,748,2329,2.0,0.366,2,0.0398,375727,1,0.7689569133398247
z3808,tile_y1792_x1344,3947,1893,1620,139,101,276,2370,933,2417,2.12,0.304,2,0.0328,322615,1,0.8286320738167913
z3808,tile_y1792_x1344,3956,1958,1476,148,166,132,2809,2468,2479,2.38,0.143,2,0.3414,3160285,1,1.0000099696921358
z3808,tile_y1792_x1344,4007,1881,1441,199,89,97,2747,2829,1149,1.75,0.29,2,0.4415,4506638,1,0.9696149093904448
z3808,tile_y1792_x1792,3847,2135,1874,39,343,82,2028,1625,1736,2.89,0.471,2,0.049,421979,1,1.019412915851272
z3808,tile_y1792_x1792,3927,2101,2162,119,309,370,2295,2241,2315,3.22,0.14,2,0.5674,5488221,1,1.0312338401075603
z3808,tile_y1792_x1792,3931,2066,2174,123,274,382,2182,733,2295,2.0,0.573,2,0.5674,5488221,1,0.8932101891195703
z3808,tile_y1792_x1792,3943,2261,2096,135,469,304,2324,803,2373,2.11,0.252,2,0.5674,5488221,1,0.9080099512233344
z3808,tile_y1792_x1792,4000,2017,2197,192,225,405,766,1009,1057,4.0,0.347,2,0.055,479733,1,0.8405063066579148
z3808,tile_y1792_x1792,4017,2208,2260,209,416,468,2705,1112,2876,2.56,0.286,2,0.4911,5090327,1,0.9866372793287762
z3808,tile_y1792_x1792,4022,2208,2105,214,416,313,2901,2912,2861,3.0,0.322,2,0.4911,5090327,1,1.0222901241822384
z3808,tile_y1792_x2240,3846,2088,2677,38,296,437,244,51,127,3.0,0.449,2,0.0356,271743,1,0.8762056162512804
z3808,tile_y1792_x2240,3867,2006,2491,59,214,251,1541,1372,1427,2.14,0.439,2,0.1603,1462585,1,0.9446439069454943
z3808,tile_y1792_x2240,3877,2094,2504,69,302,264,1622,1449,1562,7.0,0.416,1,0.5674,5488221,1,1.068773860318886
z3808,tile_y1792_x2240,3880,2077,2468,72,285,228,1443,1459,1673,2.14,0.213,2,0.5674,5488221,1,1.0818886861313868
z3808,tile_y1792_x2240,3883,2270,2320,75,478,80,1499,1465,1723,2.14,0.522,2,0.5674,5488221,1,0.9469076005961252
z3808,tile_y1792_x2240,3938,2138,2479,130,346,239,2121,2167,2124,2.14,0.333,2,0.5674,5488221,1,0.8821327517095024
z3808,tile_y1792_x2240,3940,1984,2292,132,192,52,2032,796,1913,2.0,0.213,2,0.1603,1462585,1,0.9015875151352079
z3808,tile_y1792_x2240,3948,2251,2275,140,459,35,2040,762,733,3.71,0.3,2,0.5674,5488221,1,0.9458658529429024
z3808,tile_y1792_x2240,3953,2135,2378,145,343,138,2214,2362,2136,4.86,0.474,2,0.5674,5488221,1,0.9107647296206618
z3808,tile_y1792_x2240,3962,2182,2311,154,390,71,2247,2280,2370,3.57,0.504,2,0.5674,5488221,1,1.067430330654512
z3808,tile_y1792_x2240,4005,1926,2384,197,134,144,1021,1006,988,2.86,0.579,2,0.0447,390208,1,0.7455614954139922
z3808,tile_y1792_x448,3937,2150,850,129,358,402,1142,1094,415,4.67,0.32,1,0.2541,1173423,1,0.9455010336198455
z3808,tile_y2240_x1792,4028,2430,2263,220,190,471,2546,2559,2409,4.83,0.413,1,0.4911,5090327,1,0.8929148565552267
z3808,tile_y2240_x448,4030,2283,905,222,43,457,195,214,127,3.71,0.184,1,0.3212,1301787,1,0.7594565192756613
z3808,tile_y896_x1792,3994,1321,1855,186,425,63,447,459,465,5.2,0.269,1,0.0595,352115,1,0.9337519479328994
z3808,tile_y896_x896,3844,1364,1257,36,468,361,205,186,167,3.71,0.525,1,0.2791,996201,1,1.2871999476747988
z3808,tile_y896_x896,3960,1368,1246,152,472,350,267,266,276,3.71,0.415,1,0.2791,996201,1,1.1430110270147689
z4032,tile_y1344_x448,4125,1769,900,93,425,452,376,197,220,2.89,0.334,2,0.2302,731510,1,1.0067741935483872
z4032,tile_y1344_x448,4153,1653,880,121,309,432,376,85,88,2.11,0.132,2,0.2302,731510,1,0.8795857554589419
z4032,tile_y1344_x448,4195,1804,922,163,460,474,376,105,301,5.0,0.232,1,0.2302,731510,1,1.02831421106441
z4032,tile_y1344_x448,4216,1614,902,184,270,454,376,322,305,3.11,0.438,2,0.2302,731510,1,1.066398465992405
z4032,tile_y1344_x896,4069,1752,1267,37,408,371,1276,1190,1352,3.25,0.416,2,0.4415,4506638,1,0.9442896935933147
z4032,tile_y1344_x896,4072,1738,1251,40,394,355,1276,1255,1352,2.12,0.299,2,0.4415,4506638,1,1.0052445703893247
z4032,tile_y1344_x896,4081,1710,1328,49,366,432,60,70,324,2.75,0.212,2,0.4415,4506638,1,0.8812728673213942
z4032,tile_y1344_x896,4082,1745,981,50,401,85,1375,1346,1466,1.75,0.548,2,0.07,174312,1,0.9820090504369492
z4032,tile_y1344_x896,4087,1441,1196,55,97,300,1993,1196,1252,3.88,0.624,1,0.2572,874585,1,1.0365749248245908
z4032,tile_y1344_x896,4088,1631,1253,56,287,357,1483,1452,1343,1.75,0.553,2,0.1957,1997215,1,0.8602162069409292
z4032,tile_y1344_x896,4088,1774,1001,56,430,105,1405,1329,1346,1.88,0.25,2,0.07,174312,1,0.9702399220118065
z4032,tile_y1344_x896,4096,1785,1257,64,441,361,1278,1529,1469,2.38,0.602,2,0.3232,2961210,1,0.9865478718493214
z4032,tile_y1344_x896,4105,1759,1031,73,415,135,1405,1722,1534,1.75,0.504,2,0.3232,2961210,1,1.0525442580405968
z4032,tile_y1344_x896,4117,1814,1084,85,470,188,1679,1660,1734,3.25,0.474,2,0.3232,2961210,1,1.0302622931230208
z4032,tile_y1344_x896,4127,1387,1323,95,43,427,171,631,468,2.12,0.667,2,0.0311,106976,1,0.7259387180179833
z4032,tile_y1344_x896,4149,1406,1198,117,62,302,2297,1993,2004,3.5,0.419,2,0.1374,472892,1,1.01519882357681
z4032,tile_y1344_x896,4155,1748,1108,123,404,212,1936,570,1980,2.62,0.565,2,0.3232,2961210,1,0.8653295424109442
z4032,tile_y1344_x896,4162,1471,1243,130,127,347,9,682,683,2.75,0.178,2,0.1374,472892,1,0.700516317200063
z4032,tile_y1344_x896,4176,1488,1241,144,144,345,2066,807,634,1.88,0.45,2,0.1374,472892,1,0.7852318112381057
z4032,tile_y1344_x896,4184,1737,1042,152,393,146,1899,839,2062,2.25,0.151,2,0.3232,2961210,1,0.7459455924666493
z4032,tile_y1344_x896,4188,1770,1233,156,426,337,2142,2257,2119,2.38,0.355,2,0.3232,2961210,1,0.9647926657807053
z4032,tile_y1344_x896,4199,1584,978,167,240,82,2104,2229,2352,2.0,0.505,2,0.037,117585,1,0.9744094923959002
z4032,tile_y1344_x896,4202,1753,1236,170,409,340,2257,2142,2231,3.5,0.353,2,0.3232,2961210,1,0.9379366304498407
z4032,tile_y1344_x896,4249,1406,1339,217,62,443,671,567,1014,5.25,0.177,1,0.1239,386718,1,0.9026789491903535
z4032,tile_y1792_x1344,4067,1957,1427,35,165,83,1420,30,277,1.86,0.294,2,0.4415,4506638,1,0.8470709997930035
z4032,tile_y1792_x1344,4128,1950,1475,96,158,131,1647,445,1544,3.71,0.204,2,0.3232,2961210,1,0.8852100805360748
z4032,tile_y1792_x1344,4152,1840,1387,120,48,43,1588,1562,1555,1.86,0.54,2,0.3232,2961210,1,1.0447924823805794
z4032,tile_y1792_x1344,4164,2124,1775,132,332,431,82,577,675,4.14,0.159,2,0.0339,321100,1,0.9272143235202862
z4032,tile_y1792_x1344,4176,1871,1469,144,79,125,1635,1612,797,1.71,0.459,2,0.3232,2961210,1,0.8016380960220608
z4032,tile_y1792_x1792,4066,2243,2163,34,451,371,92,383,458,2.12,0.198,2,0.4911,5090327,1,0.9120315624260927
z4032,tile_y1792_x1792,4081,2137,2121,49,345,329,65,527,1525,2.25,0.21,2,0.0332,344492,1,0.9139417724862733
z4032,tile_y1792_x1792,4081,2193,2137,49,401,345,80,1591,490,2.38,0.36,2,0.4911,5090327,1,0.9127799584391596
z4032,tile_y1792_x1792,4119,2206,1859,87,414,67,1022,550,319,2.38,0.271,2,0.0339,321100,1,0.9355610707321397
z4032,tile_y1792_x1792,4120,2109,2028,88,317,236,1646,1462,1705,3.25,0.537,2,0.118,1118406,1,1.002808988764045
z4032,tile_y1792_x1792,4167,2182,1946,135,390,154,1825,1826,1676,2.5,0.64,2,0.118,1118406,1,0.9660549967900706
z4032,tile_y1792_x1792,4236,1917,1911,204,125,119,2347,2221,2044,2.5,0.313,2,0.1767,1724007,1,1.0297633355914424
z4032,tile_y1792_x1792,4245,2036,2144,213,244,352,1277,1237,1254,2.12,0.41,2,0.0343,286414,1,0.86124911284599
z4032,tile_y1792_x1792,4246,2264,1881,214,472,89,2148,1286,2160,3.25,0.589,2,0.1039,927706,1,1.0075392490736577
z4032,tile_y1792_x1792,4254,1948,1991,222,156,199,2144,2166,2190,3.25,0.512,2,0.1767,1724007,1,1.0572139815252948
z4032,tile_y1792_x2240,4169,2091,2286,137,299,46,176,372,473,2.0,0.475,2,0.0303,281559,1,0.910868136682243
z4032,tile_y1792_x2240,4227,2265,2337,195,473,97,641,618,339,3.0,0.327,2,0.0813,706889,1,0.943859011627907
z4032,tile_y1792_x3136,4073,2139,3287,41,347,151,335,265,10,4.33,0.493,1,0.1386,320454,1,0.7361063218390804
z4032,tile_y1792_x3136,4114,2133,3318,82,341,182,416,368,10,7.0,0.369,1,0.0553,120945,1,0.9707932363284129
z4032,tile_y1792_x448,4086,2135,873,54,343,425,29,170,102,1.62,0.513,2,0.0382,154625,1,0.8072510375698051
z4032,tile_y1792_x448,4119,2182,773,87,390,325,728,741,719,3.5,0.576,2,0.2755,1291315,1,1.0208452571015454
z4032,tile_y1792_x448,4135,2188,892,103,396,444,762,245,769,3.25,0.689,2,0.2755,1291315,1,1.0351922771873372
z4032,tile_y1792_x448,4153,2200,747,121,408,299,1051,798,780,2.12,0.765,2,0.2755,1291315,1,1.2866383931762408
z4032,tile_y1792_x448,4154,2218,770,122,426,322,1051,787,780,3.5,0.647,2,0.2755,1291315,1,1.1510180693992857
z4032,tile_y1792_x448,4165,2180,703,133,388,255,1051,277,834,2.38,0.147,2,0.2755,1291315,1,1.2515972681207315
z4032,tile_y1792_x448,4181,2223,872,149,431,424,872,855,904,1.62,0.258,2,0.2755,1291315,1,0.9961244565456062
z4032,tile_y1792_x896,4082,1852,1135,50,60,239,2022,1934,1705,4.57,0.284,1,0.4415,4506638,1,1.2365997114637666
z4032,tile_y1792_x896,4096,1866,1109,64,74,213,1988,1935,2022,2.43,0.431,2,0.3232,2961210,1,1.109931891180682
z4032,tile_y1792_x896,4099,1834,1253,67,42,357,1877,1715,1926,2.43,0.358,2,0.3232,2961210,1,1.113743047611534
z4032,tile_y1792_x896,4119,1872,1104,87,80,208,2098,2076,1935,2.29,0.516,2,0.3232,2961210,1,0.9848551264629817
z4032,tile_y1792_x896,4126,1871,1300,94,79,404,2070,2090,2118,2.43,0.597,2,0.3232,2961210,1,1.0589976739268345
z4032,tile_y1792_x896,4143,1871,1141,111,79,245,2067,2045,2008,4.0,0.254,2,0.3232,2961210,1,1.0827797062136502
z4032,tile_y1792_x896,4147,1891,1244,115,99,348,2154,2118,2169,2.29,0.409,2,0.3232,2961210,1,0.9338859732824427
z4032,tile_y1792_x896,4150,1887,1220,118,95,324,2130,2158,2153,2.0,0.535,2,0.3232,2961210,1,0.9041368414893409
z4032,tile_y1792_x896,4175,1857,1186,143,65,290,2143,2195,2206,3.86,0.369,2,0.3232,2961210,1,0.9261387261387262
z4032,tile_y1792_x896,4190,1848,1340,158,56,444,2254,2290,2374,2.29,0.37,2,0.3232,2961210,1,0.8737723631640064
z4032,tile_y1792_x896,4242,1906,1245,210,114,349,1154,1278,1261,2.29,0.19,2,0.0529,433166,1,0.8544454818964623
z4032,tile_y1792_x896,4255,2121,1208,223,329,312,2453,1348,1313,3.0,0.647,2,0.2338,2173169,1,0.9166520749430923
z4032,tile_y2240_x1344,4101,2605,1427,69,365,83,56,265,193,1.83,0.169,2,0.2488,298375,1,0.9335803621094941
z4032,tile_y2240_x1344,4177,2368,1384,145,128,40,439,481,424,2.5,0.207,2,0.0321,282869,1,0.7302240130274118
z4032,tile_y2240_x1344,4191,2634,1416,159,394,72,56,542,690,2.33,0.531,2,0.2488,298375,1,1.0162655715891624
z4032,tile_y2240_x1344,4216,2627,1478,184,387,134,1359,841,1361,2.67,0.468,2,0.056,67173,1,0.7936224385035522
z4032,tile_y2240_x1344,4235,2571,1472,203,331,128,1646,1379,1519,2.5,0.318,2,0.0458,83145,1,0.9610258517499509
z4032,tile_y2240_x1344,4250,2561,1699,218,321,355,895,1085,1032,2.5,0.35,2,0.3336,1513676,1,0.8839339403831286
z4032,tile_y2240_x1792,4099,2284,1953,67,44,161,2157,2309,2188,3.45,0.133,1,0.118,1118406,1,1.0076203599315212
z4032,tile_y2240_x1792,4113,2377,1972,81,137,180,2319,690,2375,2.91,0.364,1,0.0472,447535,1,0.8519529108976955
z4032,tile_y2240_x448,4112,2277,770,80,37,322,513,535,512,2.91,0.37,1,0.2755,1291315,1,1.0877268125535395
z4032,tile_y896_x1792,4210,1362,2110,178,466,318,233,227,261,5.83,0.662,1,0.0342,129173,1,0.7669141690603942
z4256,tile_y1344_x1344,4290,1807,1717,34,463,373,1369,1342,1399,4.83,0.605,1,0.0604,589858,1,1.0196737745661117
z4256,tile_y1344_x1792,4338,1521,1863,82,177,71,1754,1895,1820,5.14,0.301,1,0.052,226121,1,1.1445823549144583
z4256,tile_y1344_x448,4306,1692,911,50,348,463,226,187,301,3.71,0.355,1,0.2741,773622,1,1.1950332039123333
z4256,tile_y1344_x448,4326,1728,907,70,384,459,301,223,40,3.71,0.417,1,0.2741,773622,1,0.966139829449182
z4256,tile_y1344_x896,4289,1429,1356,33,85,460,3,101,142,5.2,0.192,1,0.1239,386718,1,0.8979524810449666
z4256,tile_y1344_x896,4430,1525,1305,174,181,409,355,405,126,5.6,0.283,1,0.1074,232054,1,0.7232325957906098
z4256,tile_y1792_x1344,4382,2038,1660,126,246,316,1814,1854,560,3.5,0.269,2,0.0374,359887,1,0.83716351870261
z4256,tile_y1792_x1344,4410,2103,1801,154,311,457,1969,838,2061,2.0,0.704,2,0.1703,1570297,1,0.8839389319924461
z4256,tile_y1792_x1344,4431,2190,1458,175,398,114,2048,2176,2164,2.0,0.708,2,0.0942,899758,1,1.0833384442400082
z4256,tile_y2240_x1344,4307,2584,1821,51,344,477,80,428,1718,2.25,0.264,2,0.3336,1513676,1,1.05778955954323
z4256,tile_y2240_x1344,4350,2589,1792,94,349,448,1777,1861,1854,2.12,0.323,2,0.3336,1513676,1,0.9756154431436075
z4256,tile_y2240_x1344,4425,2344,1409,169,104,65,2048,2088,2097,3.62,0.24,2,0.0578,552632,1,1.090487926027816
z4256,tile_y2240_x1344,4462,2628,1807,206,388,463,616,1225,1234,2.88,0.149,2,0.1518,559637,1,0.8776663686294546
z4256,tile_y2240_x1792,4293,2525,2186,37,285,394,2131,1940,1816,3.5,0.177,2,0.0943,819609,1,0.941160776222408
z4256,tile_y2240_x1792,4307,2593,1833,51,353,41,1974,1920,2039,2.75,0.708,2,0.3336,1513676,1,1.09435843183529
z4256,tile_y2240_x1792,4311,2526,1832,55,286,40,2024,1941,1914,2.12,0.27,2,0.1163,1038756,1,0.9909900401082347
z4256,tile_y2240_x1792,4319,2648,1971,63,408,179,2041,1845,1897,2.38,0.187,2,0.3336,1513676,1,0.9086686972112414
z4256,tile_y2240_x1792,4334,2463,1860,78,223,68,2057,2153,2006,3.25,0.731,2,0.1163,1038756,1,0.91522426332427
z4256,tile_y2240_x1792,4357,2630,1873,101,390,81,2237,546,2225,2.0,0.388,2,0.1518,559637,1,0.8894485683987274
z4256,tile_y2240_x1792,4437,2607,1932,181,367,140,2331,2326,2338,3.25,0.461,2,0.1518,559637,1,0.949420055792101
z4256,tile_y2240_x1792,4448,2668,1886,192,428,94,607,1159,1213,4.25,0.369,1,0.0336,123776,1,0.8594793555958604
z4256,tile_y2240_x3136,4431,2301,3223,175,61,87,210,243,228,3.71,0.525,1,0.1438,363709,1,1.0424388189395284
z4256,tile_y2240_x448,4417,2407,859,161,167,411,625,613,626,7.0,0.301,1,0.1417,644801,1,1.2818237210904178
z4256,tile_y2240_x896,4434,2491,1261,178,251,365,1588,650,1669,4.0,0.463,1,0.0641,612593,1,0.9858592124949823
z4256,tile_y2688_x1344,4452,2751,1778,196,63,434,304,301,308,3.5,0.174,1,0.1384,510259,1,1.0787268104341274
z4256,tile_y2688_x1792,4478,2735,1840,222,47,48,406,233,220,5.71,0.219,1,0.1384,510259,1,0.8700255102040816
z4256,tile_y896_x896,4309,1364,1357,53,468,461,68,16,58,2.71,0.331,1,0.1239,386718,1,0.8557355472309406
z448,tile_y1792_x2240,484,2191,2317,36,399,77,37,35,14,3.22,0.679,1,0.0383,23875,1,0.9297748564521003
z448,tile_y1792_x3136,494,2143,3429,46,351,293,115,127,36,2.33,0.235,1,0.2857,164696,1,0.9424129470604888
z448,tile_y2240_x2240,481,2288,2715,33,48,475,22,27,23,3.5,0.455,1,0.8728,1009052,1,1.4026501766784452
z448,tile_y2240_x448,605,2375,716,157,135,268,527,568,450,2.9,0.747,1,0.7974,3026077,1,0.9678024283262349
z448,tile_y2240_x896,556,2296,993,108,56,97,732,849,737,4.0,0.5,1,0.7974,3026077,1,1.131367324117913
z4480,tile_y1344_x448,4659,1677,909,179,333,461,409,286,273,2.43,0.375,2,0.3528,1122014,1,0.9850509714911851
z4480,tile_y1344_x448,4683,1691,882,203,347,434,399,357,343,2.0,0.823,2,0.3528,1122014,1,1.3670095902353967
z4480,tile_y1344_x448,4687,1811,922,207,467,474,409,363,104,5.14,0.565,1,0.3528,1122014,1,1.0653019909982508
z4480,tile_y1792_x1344,4682,2085,1576,202,293,232,3164,3510,3440,4.0,0.548,1,0.0356,378275,1,1.0228936429078375
z4480,tile_y1792_x1792,4583,1895,1853,103,103,61,36,723,769,2.75,0.938,2,0.061,594089,1,0.9647120190208162
z4480,tile_y1792_x1792,4630,2208,1825,150,416,33,2238,2209,2156,2.5,0.6,2,0.5778,6135317,1,0.8492375854623966
z4480,tile_y1792_x1792,4632,2221,1880,152,429,88,2188,2218,2157,3.25,0.408,2,0.5778,6135317,1,0.9847485651298035
z4480,tile_y1792_x1792,4673,2163,1886,193,371,94,2374,2333,2375,1.88,0.341,2,0.5778,6135317,1,0.9646796681962584
z4480,tile_y1792_x1792,4686,2108,1984,206,316,192,2303,1410,1253,3.25,0.165,2,0.5778,6135317,1,1.0296939109664245
z4480,tile_y1792_x1792,4701,2204,1923,221,412,131,2423,2532,2501,2.12,0.563,2,0.5778,6135317,1,1.0570184143786525
z4480,tile_y1792_x3136,4581,2013,3215,101,221,79,580,553,92,4.33,0.102,1,0.1636,230661,1,0.8686248211731045
z4480,tile_y1792_x448,4636,1968,909,156,176,461,1032,830,833,3.44,0.594,1,0.3528,1122014,1,0.9922169636914886
z4480,tile_y2240_x1792,4600,2496,1894,120,256,102,1416,1363,1447,4.86,0.485,1,0.1028,1087112,1,1.0137132221026193
z4480,tile_y2240_x448,4544,2382,699,64,142,251,769,445,524,3.44,0.459,1,0.2111,1055268,1,1.1270817514553277
z4480,tile_y2240_x448,4579,2349,768,99,109,320,713,769,655,4.56,0.136,1,0.2111,1055268,1,1.0201084072473656
z4480,tile_y2240_x896,4600,2415,1095,120,175,199,1868,2050,1888,3.18,0.414,1,0.1587,1573578,1,0.9060273120675805
z4480,tile_y2688_x1344,4521,2733,1670,41,45,326,170,171,136,5.0,0.474,1,0.1171,412741,1,1.0839112998348668
z4480,tile_y2688_x1344,4538,2746,1612,58,58,268,261,160,170,4.0,0.34,1,0.1171,412741,1,1.0859309732664997
z4704,tile_y1344_x1344,4825,1484,1754,121,140,410,202,203,232,5.2,0.134,1,0.0302,53832,1,0.8137707078313253
z4704,tile_y1344_x1344,4923,1599,1630,219,255,286,932,854,911,4.6,0.375,1,0.0346,266329,1,0.6981007765557469
z4704,tile_y1344_x896,4784,1701,932,80,357,36,873,805,638,5.6,0.453,1,0.2698,756573,1,1.0518514821838507
z4704,tile_y1792_x1344,4838,2237,1665,134,445,321,1945,1862,1865,4.0,0.606,1,0.3293,3012789,1,1.0444872802901566
z4704,tile_y1792_x2688,4773,2082,3158,69,290,470,330,294,210,5.4,0.216,1,0.0686,167815,1,0.6954624618438547
z4704,tile_y1792_x448,4821,1872,910,117,80,462,657,530,624,6.29,0.431,1,0.1848,518097,1,1.2144023658192091
z4704,tile_y1792_x896,4745,2193,1298,41,401,402,1205,1212,1245,4.67,0.291,2,0.152,1310952,1,0.9760654062340317
z4704,tile_y2240_x1344,4746,2288,1413,42,48,69,1256,960,1318,6.0,0.495,1,0.152,1310952,1,1.0691791641876782
z4704,tile_y2240_x1344,4755,2312,1581,51,72,237,1176,1297,1380,4.67,0.667,1,0.3293,3012789,1,1.026827381719737
z4704,tile_y2240_x3136,4849,2291,3313,145,51,177,88,164,86,4.33,0.274,1,0.051,124782,1,0.706851523456392
z4928,tile_y1344_x1344,5008,1712,1819,80,368,475,349,263,595,3.0,0.355,1,0.0315,250165,1,0.7268009499516228
z4928,tile_y1344_x1344,5087,1633,1817,159,289,473,59,156,104,6.2,0.734,1,0.0451,357687,1,0.7660795685067182
z4928,tile_y1344_x2240,4975,1531,2275,47,187,35,89,82,106,5.2,0.311,1,0.0364,33216,1,0.7732204915368652
z4928,tile_y1344_x2688,4972,1781,2906,44,437,218,276,267,308,4.57,0.526,1,0.0784,459288,1,1.0889823451032645
z4928,tile_y1344_x2688,5068,1764,2898,140,420,210,511,482,518,4.43,0.569,1,0.1857,1065455,1,1.259978274795978
z4928,tile_y1344_x896,4964,1773,1022,36,429,126,646,791,574,5.6,0.696,1,0.3297,714656,1,0.9949874161073825
z4928,tile_y1344_x896,4969,1666,966,41,322,70,553,678,566,3.2,0.433,2,0.056,121463,1,1.08536122945152
z4928,tile_y1344_x896,4970,1815,982,42,471,86,1058,662,652,4.6,0.249,2,0.3297,714656,1,1.0969235790933942
z4928,tile_y1344_x896,4984,1757,995,56,413,99,1058,665,649,4.2,0.57,2,0.3297,714656,1,1.086811317623631
z4928,tile_y1344_x896,5035,1656,1108,107,312,212,930,945,879,4.2,0.487,2,0.0688,523251,1,0.9564429627482244
z4928,tile_y1344_x896,5045,1766,1027,117,422,131,913,791,977,2.2,0.368,2,0.0688,523251,1,0.9757478775799621
z4928,tile_y1344_x896,5055,1732,1068,127,388,172,982,230,1075,1.8,0.416,2,0.0688,523251,1,1.101549443974499
z4928,tile_y1344_x896,5059,1641,1109,131,297,213,1126,903,840,2.6,0.385,2,0.0688,523251,1,1.0539351269801358
z4928,tile_y1344_x896,5063,1699,1107,135,355,211,1015,1421,973,3.8,0.425,2,0.0688,523251,1,1.1022826917093316
z4928,tile_y1344_x896,5076,1748,993,148,404,97,1110,1359,1115,3.8,0.464,2,0.5649,925699,1,1.0863612639017144
z4928,tile_y1344_x896,5091,1668,1100,163,324,204,1126,1160,1260,2.8,0.359,2,0.0688,523251,1,1.1540859403394
z4928,tile_y1344_x896,5098,1723,996,170,379,100,1359,1110,1166,5.2,0.339,2,0.5649,925699,1,1.1763833310335312
z4928,tile_y1344_x896,5128,1726,1139,200,382,243,353,1246,290,1.8,0.806,2,0.0459,319450,1,0.7702670610332693
z4928,tile_y1344_x896,5130,1695,1093,202,351,197,1284,1255,1161,1.8,0.543,2,0.0642,446757,1,1.1791036476868328
z4928,tile_y1344_x896,5145,1700,1007,217,356,111,1348,1311,1359,5.6,0.539,1,0.1556,193335,1,1.127253622386904
z4928,tile_y1792_x1792,5070,1988,1888,142,196,96,1657,119,1225,3.8,0.353,1,0.0888,704267,1,0.7485452466681456
z4928,tile_y1792_x896,5079,1878,1142,151,86,246,1222,1158,1196,5.2,0.13,1,0.0468,356232,1,0.890632049084183
z4928,tile_y2240_x1792,4983,2524,2004,55,284,212,224,799,652,5.2,0.688,1,0.0472,388923,1,0.665250391881858
z4928,tile_y2240_x448,5099,2491,728,171,251,280,492,521,479,4.5,0.528,1,0.0666,304191,1,1.1017010095422486
z4928,tile_y2240_x448,5100,2319,781,172,79,333,542,566,146,5.0,0.479,1,0.0559,255379,1,1.0115077909289258
z5152,tile_y1344_x1792,5359,1662,1979,207,318,187,1112,1109,1133,5.2,0.685,1,0.0325,256636,1,1.010659781691761
z5152,tile_y1792_x1792,5255,1944,1881,103,152,89,83,165,168,6.6,0.882,1,0.0729,575465,1,0.6128151352296063
z5152,tile_y1792_x896,5203,1879,1005,51,87,109,63,928,1,5.2,0.348,1,0.0383,47615,1,0.7087273369140379
z5152,tile_y2240_x1792,5345,2611,2208,193,371,416,196,170,190,5.2,0.955,1,0.0561,53315,1,0.6814187248707639
z5152,tile_y2240_x2240,5364,2484,2298,212,244,58,136,6,258,3.6,0.789,1,0.0596,476703,1,0.5916382391163093
z5376,tile_y1344_x896,5475,1614,1174,99,270,278,522,666,650,5.8,0.656,1,0.0421,291814,1,1.0020739511732637
z5376,tile_y1792_x2688,5421,1983,3093,45,191,405,280,477,281,5.0,0.955,1,0.0955,85469,1,0.6318706816541199
z5376,tile_y1792_x2688,5550,1909,3147,174,117,459,525,603,750,5.2,0.185,1,0.0397,51011,1,0.8915650360429795
z5376,tile_y1792_x3136,5420,2039,3256,44,247,120,38,125,75,4.86,0.705,1,0.0362,32413,1,0.7765628023998452
z5376,tile_y1792_x448,5535,1979,909,159,187,461,614,695,617,4.67,0.402,1,0.2019,255855,1,1.015570054185558
z5376,tile_y1792_x896,5587,1959,984,211,167,88,558,1548,1277,7.6,0.287,1,0.0742,93974,1,0.6998139556249713
z5376,tile_y2240_x448,5539,2313,711,163,73,263,534,592,567,5.33,0.209,1,0.0579,287896,1,1.2641761624453205
z5600,tile_y1792_x448,5766,2131,810,166,339,362,587,211,551,4.5,0.292,1,0.1962,1001870,1,0.978443603640454
z5600,tile_y1792_x896,5743,1856,956,143,64,60,386,250,305,4.8,0.523,1,0.039,47062,1,0.8593356753355704
z5600,tile_y2240_x1792,5651,2453,2069,51,213,277,641,61,494,3.2,0.742,1,0.0414,359336,1,0.7670090538465612
z5600,tile_y2240_x1792,5819,2575,2073,219,335,281,1419,1416,263,3.8,0.572,1,0.0373,57000,1,0.806525128943265
z5600,tile_y2240_x448,5767,2381,764,167,141,316,759,708,304,4.5,0.286,1,0.1962,1001870,1,0.9376994833271615
z5824,tile_y1792_x896,6017,2191,932,193,399,36,1076,1087,1154,5.2,0.449,1,0.5304,2570930,1,0.9553276192133658
z5824,tile_y2240_x1792,5919,2621,2234,95,381,442,54,69,122,3.2,0.759,1,0.1127,184478,1,0.6899339759206299
z5824,tile_y2240_x1792,5924,2643,2226,100,403,434,86,101,105,9.4,0.637,1,0.0531,86999,1,0.7413363121525433
z5824,tile_y2240_x2688,6046,2314,2883,222,74,195,596,634,591,4.57,0.408,1,0.0876,647042,1,1.4381847245506647
z5824,tile_y2240_x448,5885,2329,727,61,89,279,418,403,430,5.29,0.228,1,0.1962,1001870,1,0.9008087079835959
z5824,tile_y2240_x448,6030,2353,829,206,113,381,744,782,774,4.29,0.291,1,0.5304,2570930,1,1.027698205862715
z5824,tile_y2240_x896,6000,2337,1304,176,97,408,172,82,162,5.2,0.34,1,0.054,356117,1,0.789920954338825
z6048,tile_y1344_x1792,6148,1708,1833,100,364,41,502,487,164,4.43,0.168,1,0.0726,545243,1,0.8108114015913264
z6048,tile_y1344_x1792,6154,1752,2091,106,408,299,673,596,531,4.43,0.389,1,0.1282,803451,1,1.5172019765287215
z6048,tile_y1344_x1792,6167,1763,2007,119,419,215,673,637,519,5.43,0.425,1,0.0726,545243,1,1.0424067850856138
z6048,tile_y1344_x1792,6170,1747,1830,122,403,38,590,189,638,4.57,0.351,1,0.0726,545243,1,0.8201723038884274
z6048,tile_y1344_x2688,6243,1821,2833,195,477,145,362,148,363,3.5,0.143,1,0.1489,697941,1,1.0423212798345636
z6048,tile_y2240_x1792,6230,2696,2099,182,456,307,98,70,89,3.4,0.471,1,0.0618,126548,1,1.1385542168674698
z6048,tile_y2240_x448,6112,2322,865,64,82,417,503,419,516,2.91,0.479,1,0.5304,2570930,1,1.161263261144524
z6272,tile_y1344_x896,6385,1788,1350,113,444,454,472,487,516,5.71,0.62,1,0.2924,1856715,1,0.718446175985399
z6272,tile_y1792_x1344,6463,2176,1523,191,384,179,1175,1550,1176,3.2,0.449,1,0.0466,351542,1,0.6238999774354346
z6272,tile_y1792_x3136,6319,2041,3256,47,249,120,177,120,136,6.0,0.444,1,0.0577,45417,1,1.0606526528364237
z6272,tile_y1792_x448,6394,2240,854,122,448,406,507,375,364,3.91,0.444,1,0.3587,1510172,1,1.2846424270043293
z6272,tile_y1792_x448,6487,2192,905,215,400,457,507,493,398,2.91,0.474,1,0.3939,1604732,1,1.0096065768984153
z6272,tile_y1792_x896,6358,1944,1264,86,152,368,1070,1137,1004,5.4,0.431,1,0.2924,1856715,1,1.0158900258112094
z6272,tile_y2240_x1792,6349,2615,2119,77,375,327,283,654,70,2.6,0.267,1,0.0859,182731,1,0.7786715800826892
z6272,tile_y2240_x1792,6362,2698,2151,90,458,359,14,927,858,5.4,0.957,1,0.0354,75171,1,0.8353676601291699
z6496,tile_y1344_x1344,6710,1714,1570,214,370,226,59,72,57,3.6,0.583,1,0.0486,345775,1,0.6571972131526853
z6496,tile_y1344_x1344,6714,1794,1803,218,450,459,834,822,804,3.8,0.519,1,0.0422,300166,1,0.6430292399915191
z6496,tile_y1344_x896,6529,1806,1346,33,462,450,3,41,22,4.17,1.0,1,0.0344,151528,1,0.7062752535664221
z6496,tile_y1344_x896,6678,1822,1242,182,478,346,276,62,300,4.33,0.144,1,0.0855,452321,1,1.0113013255040801
z6496,tile_y1792_x1792,6646,2172,1835,150,380,43,101,1010,109,2.2,0.382,1,0.0553,459338,1,0.6581533640749907
z6496,tile_y1792_x448,6546,2162,877,50,370,429,535,259,46,3.22,0.103,1,0.0782,306096,1,1.0734665213198609
z6496,tile_y1792_x896,6628,1891,1135,132,99,239,1178,1028,1156,5.2,0.374,1,0.0633,279164,1,1.2604240551220995
z6496,tile_y1792_x896,6673,1898,1134,177,106,238,1278,1594,1178,6.4,0.429,1,0.0942,497901,1,1.0526881938665746
z6496,tile_y2240_x1344,6586,2454,1608,90,214,264,468,2,1070,3.8,0.477,1,0.0379,314780,1,0.6340887281316897
z6496,tile_y2240_x448,6663,2282,818,167,42,370,467,470,441,4.43,0.149,1,0.2507,907597,1,1.0494388688386809
z672,tile_y1792_x0,843,2047,478,171,255,478,118,115,123,3.43,0.333,1,0.6144,25361,1,1.514089400138964
z672,tile_y1792_x1792,718,2240,2197,46,448,405,670,57,665,2.0,0.515,2,0.4097,1115023,1,0.9144449904785307
z672,tile_y1792_x1792,722,2266,2175,50,474,383,626,694,64,4.33,0.193,2,0.4097,1115023,1,1.0506915629322269
z672,tile_y1792_x1792,735,2242,2171,63,450,379,670,626,764,4.33,0.284,2,0.4097,1115023,1,1.00160927238563
z672,tile_y1792_x1792,736,2169,2087,64,377,295,653,672,795,3.17,0.335,2,0.0468,127457,1,0.935608910778211
z672,tile_y1792_x1792,754,2131,2093,82,339,301,795,721,704,2.0,0.398,2,0.0468,127457,1,1.2271355416470822
z672,tile_y1792_x1792,793,2105,2101,121,313,309,795,743,158,1.67,0.4,2,0.0685,419139,1,0.9578180212014135
z672,tile_y1792_x1792,800,2050,2140,128,258,348,826,780,877,4.33,0.658,2,0.0685,419139,1,1.1947246421111621
z672,tile_y1792_x1792,801,2097,2207,129,305,415,800,237,891,2.0,0.207,2,0.0685,419139,1,0.9547860293241149
z672,tile_y1792_x1792,815,2018,2216,143,226,424,800,908,980,3.67,0.636,2,0.3758,385739,1,1.2571362229102168
z672,tile_y1792_x1792,815,2054,2271,143,262,479,857,257,861,2.17,0.147,2,0.0685,419139,1,0.916359464824315
z672,tile_y1792_x1792,817,2047,2101,145,255,309,231,274,204,2.33,0.297,2,0.0334,34239,1,0.7528354328237773
z672,tile_y1792_x1792,821,2016,2005,149,224,213,230,262,998,4.33,0.176,2,0.0607,104857,1,0.9285043026405498
z672,tile_y1792_x1792,852,2001,2014,180,209,222,230,304,1181,2.67,0.189,2,0.0607,104857,1,0.9386141099673613
z672,tile_y1792_x1792,872,1833,1941,200,41,149,1082,448,1132,2.67,0.689,2,0.2061,356164,1,0.9422139049563344
z672,tile_y1792_x1792,874,2220,1872,202,428,80,67,571,525,4.83,0.317,1,0.0376,277633,1,0.655604795066065
z672,tile_y1792_x1792,875,1961,2005,203,169,213,1181,230,1124,3.17,0.211,2,0.2061,356164,1,1.0234577907126674
z672,tile_y1792_x1792,882,2046,1852,210,254,60,259,279,267,2.17,0.583,2,0.0388,66991,1,0.6834168082430554
z672,tile_y1792_x2240,847,2092,2329,175,300,89,403,745,432,2.75,0.488,1,0.3013,1844212,1,0.9876036807811678
z672,tile_y2240_x1792,709,2367,2194,37,127,402,648,678,638,2.0,0.305,2,0.4097,1115023,1,1.0069496982599364
z672,tile_y2240_x1792,724,2515,2140,52,275,348,152,181,177,3.2,0.369,2,0.042,114201,1,0.8756534808747931
z672,tile_y2240_x1792,728,2350,2165,56,110,373,676,200,584,2.0,0.562,2,0.4097,1115023,1,0.7642730496453901
z672,tile_y2240_x1792,753,2546,2124,81,306,332,152,281,177,3.0,0.502,2,0.042,114201,1,0.7693202979515829
z672,tile_y2240_x1792,764,2510,1833,92,270,41,208,334,101,2.6,0.701,2,0.0374,236062,1,0.6764494535002459
z672,tile_y2240_x1792,767,2320,2095,95,80,303,768,239,230,2.0,0.397,2,0.4097,1115023,1,0.591039963146378
z672,tile_y2240_x1792,789,2468,1999,117,228,207,101,311,286,2.6,0.313,2,0.0302,223032,1,0.6727267649687221
z672,tile_y2240_x1792,820,2574,2052,148,334,260,363,318,383,1.8,0.606,2,0.0578,27084,1,0.6938345063386692
z672,tile_y2240_x1792,834,2393,2265,162,153,473,1231,993,367,4.2,0.249,2,0.0548,335242,1,1.050750544033397
z672,tile_y2240_x1792,834,2490,2216,162,250,424,1231,385,972,3.0,0.276,2,0.0548,335242,1,0.8919788664745437
z672,tile_y2240_x1792,844,2611,1863,172,371,71,464,987,515,2.4,0.784,2,0.0342,50946,1,0.6456400152535909
z672,tile_y2240_x1792,857,2578,2162,185,338,370,1071,431,1092,1.8,0.225,2,0.4901,229712,1,0.7469691044192412
z672,tile_y2240_x1792,864,2597,2105,192,357,313,383,452,453,2.6,0.499,2,0.0798,37381,1,0.7925172329720505
z672,tile_y2240_x1792,869,2580,2136,197,340,344,1149,1118,1071,1.8,0.215,2,0.4901,229712,1,0.7481981197771588
z6720,tile_y1344_x896,6935,1752,1243,215,408,347,427,453,525,4.71,0.53,1,0.4566,3093582,1,1.0733488282006585
z6720,tile_y1792_x1792,6900,2043,2180,180,251,388,268,383,254,4.8,0.835,1,0.0314,178499,1,0.7208066315259947
z6720,tile_y1792_x3136,6806,2075,3169,86,283,33,43,229,238,3.83,1.0,1,0.0536,56538,1,0.5591055301249536
z6720,tile_y1792_x448,6861,2086,897,141,294,449,483,359,88,2.22,0.147,2,0.0414,138467,1,0.8745994065281899
z6720,tile_y1792_x448,6923,2113,873,203,321,425,445,512,483,2.67,0.552,2,0.2869,947734,1,0.9435422817775759
z6720,tile_y1792_x896,6791,2048,1245,71,256,349,1188,1098,1011,2.0,0.395,2,0.0929,852921,1,0.6819328870257982
z6720,tile_y1792_x896,6807,2115,1202,87,323,306,1188,1242,1059,6.0,0.205,2,0.0929,852921,1,1.0670403189200923
z6720,tile_y1792_x896,6808,2167,1147,88,375,251,1188,1076,1253,2.14,0.242,2,0.0929,852921,1,0.9485265354022688
z6720,tile_y1792_x896,6847,2268,939,127,476,43,1778,312,1499,2.29,0.586,2,0.3637,1215203,1,0.9825748178012095
z6720,tile_y1792_x896,6848,2260,953,128,468,57,1778,1345,1499,4.29,0.455,1,0.3637,1215203,1,0.999368329750726
z6720,tile_y1792_x896,6893,1999,1186,173,207,290,2114,1648,1855,2.86,0.468,2,0.0525,323401,1,1.1582890121081815
z6720,tile_y1792_x896,6902,1993,1351,182,201,455,1646,1866,2021,5.14,0.349,2,0.0336,207089,1,1.028886605533045
z6720,tile_y1792_x896,6904,2125,988,184,333,92,1811,606,2560,3.0,0.233,2,0.0343,114605,1,0.9685011634609226
z6720,tile_y1792_x896,6918,2008,1099,198,216,203,1910,1840,2009,4.0,0.218,2,0.4566,3093582,1,0.9662338920647224
z6720,tile_y1792_x896,6920,2039,940,200,247,44,2560,1857,552,3.43,0.172,2,0.5504,262014,1,0.8764814943166066
z6720,tile_y1792_x896,6922,1897,1067,202,105,171,2043,655,2220,2.0,0.356,2,0.4566,3093582,1,0.9659662858512423
z6720,tile_y2240_x1792,6841,2697,2117,121,457,325,34,334,332,4.0,0.692,1,0.0629,155101,1,1.0542824155062627
z6720,tile_y2240_x448,6858,2333,875,138,93,427,406,387,372,5.43,0.261,1,0.3637,1215203,1,1.1500343757161609
z6944,tile_y1344_x1344,7105,1664,1439,161,320,95,1293,1048,1198,4.14,0.198,1,0.0645,465642,1,1.1501324125038945
z6944,tile_y1344_x2688,7149,1793,2868,205,449,180,228,146,288,5.17,0.21,1,0.0641,308039,1,1.0466749819470886
z6944,tile_y1344_x896,6984,1811,1164,40,467,268,388,408,373,2.75,0.438,2,0.4566,3093582,1,1.207561128990493
z6944,tile_y1344_x896,7016,1819,1231,72,475,335,423,713,506,1.62,0.447,2,0.4566,3093582,1,0.9817051922406783
z6944,tile_y1344_x896,7032,1805,1288,88,461,392,436,485,467,3.38,0.524,2,0.4566,3093582,1,1.025696316262354
z6944,tile_y1344_x896,7062,1770,1208,118,426,312,713,550,496,3.5,0.537,2,0.4025,2907306,1,1.062848669611564
z6944,tile_y1344_x896,7071,1793,1099,127,449,203,713,567,535,3.75,0.457,2,0.4025,2907306,1,0.9855175429008635
z6944,tile_y1344_x896,7081,1749,1162,137,405,266,713,569,540,5.14,0.267,1,0.4025,2907306,1,1.1458934245905648
z6944,tile_y1344_x896,7092,1773,1198,148,429,302,627,657,626,2.38,0.437,2,0.4025,2907306,1,1.0353157196776497
z6944,tile_y1344_x896,7093,1804,1236,149,460,340,648,221,636,1.62,0.363,2,0.4025,2907306,1,0.76189090471221
z6944,tile_y1344_x896,7094,1745,1126,150,401,230,540,217,713,2.38,0.749,2,0.4025,2907306,1,0.8092053407218095
z6944,tile_y1344_x896,7097,1759,1186,153,415,290,641,623,570,3.75,0.656,2,0.4025,2907306,1,1.0550875522622842
z6944,tile_y1344_x896,7098,1715,1182,154,371,286,610,216,639,1.62,0.485,2,0.4025,2907306,1,0.8910514888337469
z6944,tile_y1344_x896,7098,1790,1370,154,446,474,580,590,615,1.62,0.29,2,0.4025,2907306,1,0.8142654811550869
z6944,tile_y1344_x896,7121,1816,1198,177,472,302,683,700,656,2.38,0.347,2,0.4025,2907306,1,0.6836331966309477
z6944,tile_y1792_x2688,7164,2209,3116,220,417,428,688,708,811,5.2,0.259,1,0.0681,90212,1,0.9334540794953303
z6944,tile_y1792_x3136,7150,2070,3319,206,278,183,396,414,365,4.83,0.419,1,0.1406,186174,1,0.8772451334537428
z6944,tile_y1792_x896,7088,2062,1011,144,270,115,2072,2094,2082,4.0,0.373,1,0.4312,2019147,1,1.1573991507430998
z6944,tile_y2240_x1792,7145,2519,2160,201,279,368,1090,1502,1431,6.6,0.658,1,0.0377,313045,1,0.6816843130096142
z6944,tile_y2240_x1792,7159,2551,2112,215,311,320,1451,1530,1431,3.2,0.32,1,0.0377,313045,1,0.7446176359725949
z7168,tile_y1792_x1344,7227,1991,1790,59,199,446,26,198,307,1.83,0.292,2,0.0461,374883,1,0.6799660076160151
z7168,tile_y1792_x1344,7315,2225,1681,147,433,337,1053,590,584,2.17,0.326,2,0.0607,563359,1,0.813875160490353
z7168,tile_y1792_x1344,7339,2213,1550,171,421,206,1128,1168,1082,2.67,0.524,2,0.0607,563359,1,0.8645055565202292
z7168,tile_y1792_x1344,7351,2263,1672,183,471,328,1129,1079,1084,2.17,0.444,2,0.0607,563359,1,0.9601251766606097
z7168,tile_y1792_x1344,7378,2260,1750,210,468,406,1126,847,688,1.83,0.341,2,0.0607,563359,1,0.8839060031595577
z7168,tile_y1792_x3136,7220,1902,3191,52,110,55,325,258,517,4.2,0.737,1,0.0318,86442,1,0.7475616628375742
z7168,tile_y1792_x3136,7366,2008,3435,198,216,299,624,177,663,3.8,0.181,1,0.1504,444468,1,0.9467112277536291
z7168,tile_y1792_x896,7223,2063,1080,55,271,184,885,948,1020,6.0,0.409,1,0.0732,636247,1,1.031974480968858
z7168,tile_y2240_x1344,7316,2420,1472,148,180,128,947,1045,903,3.29,0.445,2,0.1808,1436525,1,0.9442184958077837
z7168,tile_y2240_x1344,7323,2377,1718,155,137,374,695,521,512,2.0,0.453,2,0.032,297478,1,0.7661866234100215
z7168,tile_y2240_x1344,7350,2423,1541,182,183,197,1040,1240,607,3.86,0.206,2,0.0398,369610,1,1.0330604107388266
z7168,tile_y2240_x1344,7353,2422,1415,185,182,71,915,1033,1070,4.0,0.724,2,0.1808,1436525,1,1.0968088467614534
z7168,tile_y2240_x1344,7364,2291,1492,196,51,148,1100,1024,1048,2.43,0.627,2,0.1808,1436525,1,0.9267963386727689
z7168,tile_y2240_x1344,7374,2339,1697,206,99,353,695,573,767,3.29,0.162,2,0.032,297478,1,0.84493074338169
z7168,tile_y2240_x1344,7377,2306,1609,209,66,265,695,174,688,2.0,0.727,2,0.032,297478,1,0.90856117339478
z7168,tile_y2240_x448,7244,2594,852,76,354,404,512,447,458,6.5,0.584,1,0.217,158783,1,1.1931202518236024
z7392,tile_y1344_x1344,7576,1716,1493,184,372,149,146,770,682,5.2,0.324,1,0.0329,235664,1,0.730585607288336
z7392,tile_y1792_x1344,7563,2164,1732,171,372,388,370,57,400,5.2,0.306,1,0.0565,402619,1,0.7277288301517376
z7392,tile_y1792_x1792,7475,1943,2167,83,151,375,1012,1007,232,4.2,0.318,1,0.1318,1008504,1,0.8984593262119968
z7392,tile_y1792_x2688,7607,2124,3065,215,332,377,297,605,516,5.6,0.652,1,0.047,228398,1,0.7873293656939313
z7392,tile_y1792_x3136,7473,1849,3207,81,57,71,47,90,410,5.4,0.807,1,0.0519,157653,1,0.5808590208522212
z7392,tile_y1792_x3136,7510,1949,3380,118,157,244,429,504,452,5.2,0.372,1,0.2487,755888,1,1.1188110309632464
z7392,tile_y1792_x3136,7521,1956,3362,129,164,226,452,429,481,4.2,0.222,1,0.2487,755888,1,1.028596961572833
z7392,tile_y1792_x448,7443,2213,882,51,421,434,179,237,337,3.4,0.792,1,0.0431,184561,1,0.8957878577082684
z7616,tile_y1344_x3136,7755,1794,3199,139,450,63,147,186,187,5.0,0.494,1,0.0717,238311,1,0.9188319657760011
z7616,tile_y1344_x3136,7765,1811,3175,149,467,39,164,195,172,4.33,0.458,1,0.0717,238311,1,0.7970342106404197
z7616,tile_y2240_x1792,7649,2273,2006,33,33,214,16,21,26,4.8,0.569,1,0.0693,493881,1,0.7759768729106155
z7616,tile_y2240_x1792,7835,2416,2011,219,176,219,945,938,851,6.6,0.45,1,0.0648,426160,1,1.0979190784086739
z7616,tile_y2240_x2240,7789,2401,2456,173,161,216,53,50,49,3.0,0.216,1,0.031,228636,1,0.6638031415603242
z7616,tile_y2240_x2240,7800,2321,2710,184,81,470,810,736,761,5.2,0.709,1,0.0824,394916,1,0.9185044760400211
z7840,tile_y1792_x896,7894,2162,1203,54,370,307,71,278,268,2.14,0.24,2,0.0875,526480,1,0.8299290942360475
z7840,tile_y1792_x896,7904,2097,1297,64,305,401,560,299,234,3.14,0.163,2,0.0448,269740,1,0.7369261440200838
z7840,tile_y1792_x896,7958,2096,1291,118,304,395,1603,1620,792,4.0,0.114,2,0.2852,1507457,1,0.9462633451957295
z7840,tile_y1792_x896,7963,2205,1338,123,413,442,274,975,791,3.86,0.191,2,0.0751,396717,1,0.9258316722466279
z7840,tile_y1792_x896,8000,2201,1144,160,409,248,1823,1714,1764,2.43,0.173,2,0.2852,1507457,1,1.0293682931767565
z7840,tile_y1792_x896,8001,2206,1193,161,414,297,1874,1843,1788,2.71,0.346,2,0.2852,1507457,1,0.9410080077111292
z7840,tile_y1792_x896,8013,2113,1105,173,321,209,1964,1884,1726,3.71,0.291,2,0.2852,1507457,1,1.0973822399874598
z7840,tile_y1792_x896,8014,2120,1150,174,328,254,1964,1928,967,2.14,0.5,2,0.2852,1507457,1,0.8849000190843741
z7840,tile_y1792_x896,8021,2087,1222,181,295,326,1933,1007,1931,2.43,0.413,2,0.2852,1507457,1,1.0191800790766405
z7840,tile_y1792_x896,8026,2088,1276,186,296,380,1986,1901,2025,4.43,0.46,2,0.2852,1507457,1,0.9685770800470718
z7840,tile_y1792_x896,8031,2077,931,191,285,35,1892,2003,1900,2.86,0.57,2,0.2863,1688717,1,0.9232604421426174
z7840,tile_y2240_x1344,7971,2297,1691,131,57,347,200,188,215,5.83,0.864,1,0.0443,293719,1,0.7327762553552819
z7840,tile_y2240_x1792,7935,2374,2248,95,134,456,720,844,728,4.29,0.352,1,0.168,1213851,1,1.2249785745720705
z7840,tile_y2240_x448,7873,2384,712,33,144,264,704,29,551,2.71,0.482,2,0.1037,674324,1,0.9780317219941816
z7840,tile_y2240_x448,7873,2393,865,33,153,417,547,112,122,2.71,0.481,2,0.2927,1903243,1,0.7135898076442668
z7840,tile_y2240_x448,7886,2378,665,46,138,217,563,532,575,2.0,0.559,2,0.1037,674324,1,0.8200450681143091
z7840,tile_y2240_x448,7888,2309,597,48,69,149,429,588,556,2.57,0.588,2,0.1037,674324,1,1.6017092541436464
z7840,tile_y2240_x448,7894,2406,672,54,166,224,704,575,545,4.29,0.33,1,0.1037,674324,1,0.9673479937108272
z7840,tile_y2240_x448,7903,2354,871,63,114,423,704,151,168,2.14,0.214,2,0.2927,1903243,1,0.8633460907599781
z7840,tile_y2240_x448,7912,2363,828,72,123,380,704,655,598,2.14,0.393,2,0.2927,1903243,1,0.8984433789856163
z7840,tile_y2240_x448,7917,2369,895,77,129,447,704,623,661,1.86,0.427,2,0.2927,1903243,1,0.9121032980709396
z7840,tile_y2240_x448,7946,2310,806,106,70,358,769,862,715,1.71,0.77,2,0.2863,1688717,1,0.9537446738774172
z7840,tile_y2240_x448,7947,2400,657,107,160,209,712,770,696,2.29,0.61,2,0.083,489566,1,0.9193958531269212
z7840,tile_y2240_x448,7949,2338,831,109,98,383,753,219,209,3.0,0.372,2,0.2863,1688717,1,0.9112829541149466
z7840,tile_y2240_x448,7969,2309,752,129,69,304,801,851,228,3.43,0.142,2,0.2863,1688717,1,0.8727333436071301
z7840,tile_y2240_x448,7972,2294,828,132,54,380,821,814,862,3.0,0.47,2,0.2863,1688717,1,1.0316754986384045
z7840,tile_y2240_x448,7977,2365,662,137,125,214,976,866,712,2.14,0.326,2,0.083,489566,1,0.7907288682762698
z7840,tile_y2240_x448,7979,2318,838,139,78,390,862,972,804,1.86,0.273,2,0.2863,1688717,1,0.9946348647718144
z7840,tile_y2240_x448,8039,2360,619,199,120,171,1030,1032,1004,2.71,0.457,2,0.083,489566,1,0.946887103103513
z8064,tile_y1344_x1792,8170,1473,2123,106,129,331,1549,1537,1536,4.67,0.787,1,0.1203,132470,1,1.0488558036945135
z8064,tile_y1792_x2240,8135,1863,2675,71,71,435,936,939,955,5.2,0.604,1,0.1649,1549811,1,1.2369865741267494
z8288,tile_y1792_x2688,8389,1930,2998,101,138,310,1043,1001,999,4.0,0.204,1,0.0833,722094,1,0.9417724413950829
z8288,tile_y2240_x0,8451,2318,479,163,78,479,19,21,16,1.86,0.28,1,0.0426,7198,1,0.7830291473712885
z8288,tile_y2240_x1792,8336,2282,1978,48,42,186,223,185,250,3.83,0.542,1,0.0422,186894,1,1.0998937713752721
z8288,tile_y2240_x448,8448,2292,511,160,52,63,436,391,400,4.33,0.304,1,0.0387,6546,1,1.0291447076004825
z8512,tile_y1792_x1792,8546,2112,1851,34,320,59,254,172,1938,5.25,0.53,1,0.037,167253,1,0.7829012333727031
z8512,tile_y1792_x1792,8677,2249,1852,165,457,60,2875,3015,2660,3.88,0.471,1,0.1444,691179,1,0.9307223274301293
z8512,tile_y1792_x3136,8679,1825,3221,167,33,85,184,159,181,3.71,0.364,1,0.2124,429969,1,1.115658241269624
z8512,tile_y1792_x448,8615,1982,608,103,190,160,1586,1571,1502,2.89,0.896,2,0.2501,1220560,1,1.09977635705083
z8512,tile_y1792_x448,8622,2005,655,110,213,207,1640,1543,1611,1.89,0.335,2,0.2501,1220560,1,1.1302672252501424
z8512,tile_y1792_x448,8673,1847,781,161,55,333,2157,659,1854,1.78,0.26,2,0.2501,1220560,1,0.9622085771850715
z8512,tile_y1792_x448,8673,1856,796,161,64,348,1796,2157,818,2.11,0.345,2,0.2501,1220560,1,0.9377696859353664
z8512,tile_y1792_x448,8719,1920,873,207,128,425,2014,1964,1024,2.11,0.415,2,0.0638,421034,1,0.9387405653144327
z8512,tile_y1792_x896,8557,2186,979,45,394,83,39,1067,40,5.33,0.371,1,0.0348,208925,1,0.7961023097423748
z8512,tile_y2240_x1344,8566,2298,1622,54,58,278,163,144,202,5.4,0.519,1,0.0637,288033,1,0.9466791112181611
z8512,tile_y2240_x1344,8596,2282,1704,84,42,360,202,220,207,6.8,0.365,1,0.0756,361728,1,0.9459672911958397
z8736,tile_y1344_x1344,8776,1528,1781,40,184,437,1717,1435,1324,4.83,0.634,1,0.6694,1216588,1,1.1538560264674007
z8736,tile_y1344_x2240,8913,1565,2697,177,221,457,2152,1965,2004,3.88,0.297,1,0.2545,2203861,1,1.390505505664329
z8736,tile_y1344_x3136,8901,1766,3210,165,422,74,77,74,92,6.0,0.285,1,0.0721,106320,1,0.7385352112676057
z8736,tile_y1344_x448,8940,1796,923,204,452,475,717,682,732,4.0,0.547,1,0.0437,273234,1,0.8578735655654021
z8736,tile_y1792_x2240,8842,2117,2445,106,325,205,540,386,156,1.67,0.907,2,0.0402,129978,1,0.6568470913832561
z8736,tile_y1792_x2240,8845,1858,2599,109,66,359,448,364,297,3.33,0.348,2,0.2545,2203861,1,0.8780303454453838
z8736,tile_y1792_x2240,8902,1836,2606,166,44,366,448,577,515,5.4,0.157,1,0.2545,2203861,1,0.8920322358502857
z8736,tile_y1792_x2240,8919,2079,2476,183,287,236,540,455,557,2.0,0.247,2,0.0402,129978,1,0.6419294430349161
z8736,tile_y1792_x2240,8923,2097,2321,187,305,81,541,587,635,2.5,0.929,2,0.0842,272025,1,0.6768732674524409
z8736,tile_y1792_x448,8770,1862,891,34,70,443,17,213,130,3.57,0.183,2,0.0638,421034,1,0.8399278579356271
z8736,tile_y1792_x448,8788,2218,627,52,426,179,1648,1007,1011,4.0,0.288,2,0.1424,1102318,1,0.9364030355344555
z8736,tile_y1792_x448,8794,2147,551,58,355,103,1648,344,1046,2.71,0.5,2,0.1424,1102318,1,0.9451390971805639
z8736,tile_y1792_x448,8812,2179,571,76,387,123,1648,1117,1100,3.71,0.398,2,0.1424,1102318,1,1.0595251181708256
z8736,tile_y1792_x448,8942,2027,846,206,235,398,1562,1457,1662,3.29,0.351,2,0.1662,1040272,1,0.9328313253012048
z8736,tile_y1792_x896,8826,2197,1365,90,405,469,1277,1332,1339,4.29,0.469,1,0.1176,359339,1,1.173473962892585
z8736,tile_y2240_x448,8792,2299,502,56,59,54,492,471,459,5.6,0.295,1,0.1097,50070,1,1.2702180862849366
z8736,tile_y2240_x896,8890,2310,1120,154,70,224,352,342,350,4.0,0.601,1,0.5946,2966044,1,1.3396831712715427
z896,tile_y1344_x1344,1057,1762,1585,161,418,241,1092,1174,1055,2.25,0.362,2,0.0784,743639,1,1.0407416664773115
z896,tile_y1344_x1344,1057,1765,1683,161,421,339,1103,1180,400,1.88,0.142,2,0.0784,743639,1,1.0330971331620051
z896,tile_y1344_x1344,1063,1806,1570,167,462,226,1017,1056,1132,2.62,0.541,2,0.0784,743639,1,1.1317875858330322
z896,tile_y1344_x1344,1069,1803,1629,173,459,285,1079,1263,1103,3.75,0.43,2,0.0784,743639,1,0.9783136710617627
z896,tile_y1344_x1344,1073,1473,1617,177,129,273,1200,1340,1124,2.12,0.466,2,0.4236,1097499,1,0.9679399560654137
z896,tile_y1344_x1344,1095,1481,1573,199,137,229,1340,1303,1189,3.38,0.526,2,0.4236,1097499,1,0.8567974101344282
z896,tile_y1344_x1344,1115,1409,1739,219,65,395,1597,1357,1499,3.75,0.241,2,0.4236,1097499,1,1.2943056648308418
z896,tile_y1344_x1344,1115,1421,1437,219,77,93,1406,1405,1500,4.0,0.482,1,0.5548,2152845,1,0.9583209110965357
z896,tile_y1344_x448,1057,1610,921,161,266,473,2107,2767,2069,3.58,0.599,1,0.0799,689807,1,1.0925386996904025
z896,tile_y1344_x448,1068,1700,710,172,356,262,2383,541,2261,2.67,0.359,1,0.0741,640049,1,0.7749092601209865
z896,tile_y1344_x448,1068,1712,762,172,368,314,2282,490,2369,2.92,0.246,1,0.0741,640049,1,0.9073094383832467
z896,tile_y1792_x1344,943,1851,1546,47,59,202,934,942,887,4.5,0.451,2,0.0757,449744,1,1.0648760539203312
z896,tile_y1792_x1344,1007,1850,1653,111,58,309,1290,1275,1313,5.17,0.533,2,0.0757,449744,1,1.345507115066887
z896,tile_y1792_x1344,1009,1883,1590,113,91,246,1348,1087,1372,1.83,0.418,2,0.0757,449744,1,1.1361758630864562
z896,tile_y1792_x1344,1023,1859,1806,127,67,462,1194,1444,1398,3.5,0.534,2,0.1016,603810,1,0.8882009397093049
z896,tile_y1792_x1792,950,1853,2053,54,61,261,1237,1222,1277,4.83,0.459,1,0.3491,2024268,1,1.0976765515132987
z896,tile_y1792_x1792,951,2149,1978,55,357,186,40,234,332,3.83,0.288,2,0.032,256977,1,0.8678121778824915
z896,tile_y1792_x1792,975,1826,2067,79,34,275,1277,335,1285,4.67,0.332,2,0.3491,2024268,1,1.0725051577901734
z896,tile_y1792_x1792,976,2163,1929,80,371,137,40,329,228,2.17,0.517,2,0.032,256977,1,0.8760312315851503
z896,tile_y1792_x1792,979,2174,1960,83,382,168,40,546,385,2.67,0.146,2,0.032,256977,1,0.9294188242700874
z896,tile_y1792_x1792,998,1920,2053,102,128,261,453,451,1327,2.5,0.236,2,0.3491,2024268,1,0.7191514094739901
z896,tile_y1792_x1792,1056,2008,2132,160,216,340,602,626,644,2.5,0.248,2,0.0313,292606,1,0.722287026236368
z8960,tile_y1344_x1344,9001,1590,1796,41,246,452,1178,1196,1209,5.17,0.431,1,0.1545,1457933,1,1.1233480867627208
z8960,tile_y1344_x2240,9008,1710,2604,48,366,364,1403,1415,1381,4.46,0.47,1,0.0449,432621,1,1.2373848987108655
z8960,tile_y1344_x448,9079,1758,869,119,414,421,497,467,503,7.0,0.456,1,0.2348,1394961,1,1.0018080243778569
z8960,tile_y1792_x0,9016,2267,461,56,475,461,163,143,150,3.57,0.41,1,0.1379,106527,1,0.9021024485834112
z8960,tile_y1792_x0,9092,2148,414,132,356,414,205,197,69,3.71,0.296,1,0.4655,402438,1,0.8989928430324816
z8960,tile_y1792_x1344,9042,2235,1754,82,443,410,1783,1711,1692,3.25,0.255,2,0.1016,317251,1,1.2050448301073613
z8960,tile_y1792_x1344,9070,2054,1597,110,262,253,1806,1784,1955,1.75,0.221,2,0.0721,225084,1,0.8623265164944443
z8960,tile_y1792_x1344,9071,2123,1822,111,331,478,1796,1855,2058,2.12,0.505,2,0.0721,225084,1,0.9740477226711072
z8960,tile_y1792_x1344,9073,2183,1708,113,391,364,1930,1759,1943,1.62,0.348,2,0.1136,354399,1,0.9884724509434336
z8960,tile_y1792_x1344,9084,2131,1805,124,339,461,1895,1840,2003,2.75,0.332,2,0.0721,225084,1,1.0190900323367562
z8960,tile_y1792_x1344,9086,2106,1682,126,314,338,1953,1764,1853,2.12,0.464,2,0.0721,225084,1,0.9669220438984656
z8960,tile_y1792_x1344,9093,2152,1695,133,360,351,2805,672,2002,1.75,0.149,2,0.4488,2910868,1,0.9332084385436181
z8960,tile_y1792_x1344,9129,2112,1798,169,320,454,2465,2147,2164,1.88,0.296,2,0.4488,2910868,1,1.0437066140097306
z8960,tile_y1792_x1344,9134,2191,1745,174,399,401,2204,2279,2159,2.12,0.603,2,0.4488,2910868,1,0.958545386283998
z8960,tile_y1792_x1344,9145,2243,1507,185,451,163,2367,2409,1897,1.88,0.5,2,0.4302,1814830,1,1.0631384821727954
z8960,tile_y1792_x1344,9146,2243,1805,186,451,461,2494,2341,2446,1.88,0.326,2,0.4488,2910868,1,0.9109881438918788
z8960,tile_y1792_x1344,9157,2090,1749,197,298,405,2187,2344,2370,2.75,0.446,2,0.4488,2910868,1,0.9919729463017787
z8960,tile_y1792_x1344,9161,2175,1626,201,383,282,2589,2523,2632,3.5,0.521,2,0.4488,2910868,1,0.9906843060113745
z8960,tile_y1792_x1344,9162,2065,1497,202,273,153,2488,2602,2448,2.62,0.397,2,0.4302,1814830,1,0.9711329749467492
z8960,tile_y1792_x1344,9173,2195,1691,213,403,347,2847,2674,1325,1.62,0.665,2,0.4488,2910868,1,0.9131123890029057
z8960,tile_y1792_x1344,9173,2198,1814,213,406,470,2608,2695,2666,1.88,0.362,2,0.4488,2910868,1,0.9924354819818061
z8960,tile_y1792_x1344,9174,2140,1487,214,348,143,2741,2664,2518,3.62,0.417,2,0.4302,1814830,1,1.0351839550879598
z8960,tile_y1792_x448,8999,1936,789,39,144,341,1272,1190,1183,1.86,0.532,2,0.2348,1394961,1,0.9255329514010678
z8960,tile_y1792_x448,9014,2003,792,54,211,344,1272,1170,278,2.57,0.12,2,0.2348,1394961,1,0.9782552031118419
z8960,tile_y1792_x448,9026,1838,850,66,46,402,1276,1379,1186,3.29,0.569,2,0.2348,1394961,1,0.9225892892852857
z8960,tile_y1792_x448,9031,1908,803,71,116,355,1379,405,1246,1.86,0.241,2,0.2348,1394961,1,0.9974609500546378
z8960,tile_y1792_x448,9048,2086,677,88,294,229,1437,309,1282,2.86,0.375,2,0.0389,258860,1,0.9057686383240912
z8960,tile_y1792_x448,9052,1888,761,92,96,313,1379,1328,1378,3.71,0.368,2,0.2348,1394961,1,0.9367463404147204
z8960,tile_y1792_x448,9052,2018,661,92,226,213,1437,435,358,3.0,0.568,2,0.2348,1394961,1,1.0279808709247253
z8960,tile_y1792_x448,9053,1988,778,93,196,330,1379,1342,1308,2.0,0.512,2,0.2348,1394961,1,1.0201362538806484
z8960,tile_y1792_x448,9068,2252,729,108,460,281,356,361,75,1.86,0.207,2,0.0446,296817,1,0.7768283701871329
z8960,tile_y1792_x448,9110,2144,591,150,352,143,1445,1479,666,2.43,0.323,2,0.0464,278470,1,0.9613058562572279
z8960,tile_y1792_x448,9181,1898,687,221,106,239,1646,993,1565,1.86,0.207,2,0.1587,832038,1,1.0141920827240443
z8960,tile_y2240_x0,9033,2294,463,73,54,463,38,59,44,1.86,0.426,1,0.1379,106527,1,0.8293334628837933
z8960,tile_y2240_x1344,9078,2275,1775,118,35,431,158,9,394,4.0,0.242,1,0.1016,317251,1,1.141292884869971
z8960,tile_y2240_x448,9051,2298,684,91,58,236,422,391,372,4.5,0.454,1,0.0446,296817,1,0.97217056748958
z8960,tile_y2240_x448,9063,2331,679,103,91,231,422,399,365,4.5,0.42,1,0.0446,296817,1,1.0370942325874566
z8960,tile_y896_x1344,9016,1368,1654,56,472,310,394,413,424,6.33,0.346,1,0.5675,2531094,1,1.1755485240850994
z9184,tile_y1344_x0,9381,1793,464,197,449,464,48,72,57,1.62,0.124,1,0.1389,187179,1,1.0498009983810037
z9184,tile_y1344_x1792,9376,1650,1843,192,306,51,935,949,899,4.67,0.317,2,0.0366,335283,1,0.8036285349998955
z9184,tile_y1792_x0,9232,2007,468,48,215,468,5,66,298,3.5,0.511,2,0.0544,19207,1,1.004853753738531
z9184,tile_y1792_x0,9253,2177,451,69,385,451,296,276,299,3.0,0.413,2,0.1002,80372,1,1.0007951365823218
z9184,tile_y1792_x0,9284,2169,451,100,377,451,308,109,296,1.75,0.19,2,0.1002,80372,1,0.9787881591119334
z9184,tile_y1792_x0,9289,2152,443,105,360,443,355,309,320,3.5,0.495,2,0.253,202912,1,0.941316215123332
z9184,tile_y1792_x0,9366,2170,456,182,378,456,156,167,412,1.62,0.371,2,0.0885,74472,1,0.8871898892182868
z9184,tile_y1792_x0,9375,1992,474,191,200,474,436,175,520,1.88,0.49,2,0.3137,422860,1,0.8840209839784489
z9184,tile_y1792_x0,9378,2006,454,194,214,454,456,201,520,1.62,0.386,2,0.3137,422860,1,0.9053086222718749
z9184,tile_y1792_x0,9404,1950,438,220,158,438,520,203,495,1.75,0.484,2,0.3137,422860,1,0.8998403504103814
z9184,tile_y1792_x1792,9342,2255,2231,158,463,439,494,1403,643,4.33,0.247,2,0.5238,4688218,1,1.0525428260020153
z9184,tile_y1792_x1792,9352,2146,2109,168,354,317,1457,1485,1425,2.17,0.503,2,0.2474,2345693,1,0.9236769224111818
z9184,tile_y1792_x1792,9357,2249,1918,173,457,126,1468,841,1512,4.0,0.286,2,0.0975,877883,1,1.1222169145135832
z9184,tile_y1792_x1792,9361,2118,2072,177,326,280,1483,1579,1533,2.0,0.268,2,0.2474,2345693,1,0.8512896050021043
z9184,tile_y1792_x1792,9361,2185,1971,177,393,179,1495,1385,1466,4.33,0.406,2,0.0975,877883,1,1.1071203117177126
z9184,tile_y1792_x1792,9371,2246,1965,187,454,173,1588,1417,1689,2.67,0.405,2,0.0975,877883,1,0.9943651731345996
z9184,tile_y1792_x1792,9390,2234,1920,206,442,128,1689,1656,1709,2.17,0.303,2,0.0975,877883,1,0.9790276582006027
z9184,tile_y1792_x2240,9225,2170,2649,41,378,409,1037,132,14,2.57,0.331,2,0.4432,1748243,1,0.9385378418370143
z9184,tile_y1792_x2240,9249,2233,2554,65,441,314,1117,155,1147,1.86,0.254,2,0.5238,4688218,1,0.9819211272845649
z9184,tile_y1792_x2240,9261,2268,2486,77,476,246,1196,30,1252,2.43,0.562,2,0.5238,4688218,1,1.0871553426955651
z9184,tile_y1792_x2240,9264,2150,2545,80,358,305,1199,1197,1256,2.86,0.596,2,0.5238,4688218,1,1.0485731692936597
z9184,tile_y1792_x2240,9276,1990,2597,92,198,357,9,257,369,2.43,0.542,2,0.0348,293786,1,0.6996510468594217
z9184,tile_y1792_x2240,9290,2264,2506,106,472,266,1419,1397,310,2.43,0.249,2,0.5238,4688218,1,0.988460606060606
z9184,tile_y1792_x2240,9315,2174,2539,131,382,299,1741,413,1783,1.86,0.467,2,0.5238,4688218,1,0.932402355675484
z9184,tile_y1792_x2240,9330,2167,2509,146,375,269,1783,1619,1741,2.14,0.67,2,0.5238,4688218,1,0.9687960215994706
z9184,tile_y1792_x2240,9339,1976,2693,155,184,453,591,637,509,1.86,0.304,2,0.0348,293786,1,0.6960132323852397
z9184,tile_y1792_x2240,9389,2154,2418,205,362,178,2043,2468,2070,2.86,0.372,2,0.2474,2345693,1,0.8961942257217848
z9184,tile_y1792_x2240,9391,2085,2357,207,293,117,2468,2222,2269,2.29,0.878,2,0.2474,2345693,1,1.0877074383409293
z9184,tile_y1792_x2240,9400,2056,2375,216,264,135,2221,2281,2222,2.14,0.377,2,0.2474,2345693,1,0.9502624117753514
z9184,tile_y1792_x2688,9293,2164,2825,109,372,137,757,712,602,4.33,0.273,1,0.4432,1748243,1,0.9982942643391521
z9184,tile_y1792_x896,9227,2209,1185,43,417,289,1650,1723,1715,4.14,0.487,1,0.1863,1150605,1,1.1248329271169117
z9184,tile_y2240_x1344,9328,2359,1468,144,119,124,665,728,778,7.0,0.561,1,0.0312,192690,1,1.1280989710926017
z9184,tile_y2240_x1792,9266,2415,2122,82,175,330,1158,150,858,1.78,0.396,2,0.5238,4688218,1,1.0388747931605073
z9184,tile_y2240_x1792,9278,2333,2059,94,93,267,918,1035,933,1.67,0.37,2,0.5238,4688218,1,0.8779010596475824
z9184,tile_y2240_x1792,9285,2389,2170,101,149,378,947,1158,1029,2.78,0.509,2,0.5238,4688218,1,0.9708056587489211
z9184,tile_y2240_x1792,9295,2362,2035,111,122,243,1158,1059,1097,1.89,0.636,2,0.0418,302677,1,0.9892571964166622
z9184,tile_y2240_x1792,9296,2323,2201,112,83,409,1036,1102,1044,3.0,0.515,2,0.5238,4688218,1,0.9909500450495545
z9184,tile_y2240_x1792,9313,2324,2036,129,84,244,1149,1127,1077,3.11,0.228,2,0.0418,302677,1,0.997776405188388
z9184,tile_y2240_x1792,9319,2312,2056,135,72,264,1214,1136,1149,2.0,0.361,2,0.5238,4688218,1,1.0711183609010058
z9184,tile_y2240_x1792,9343,2330,1997,159,90,205,1415,1299,1341,2.89,0.286,2,0.0418,302677,1,1.0038881651468083
z9184,tile_y2240_x1792,9360,2499,2014,176,259,222,1570,1357,1445,2.44,0.424,2,0.0431,388195,1,1.3845351066669902
z9184,tile_y2240_x1792,9363,2472,2002,179,232,210,1516,1570,1428,3.11,0.346,2,0.0431,388195,1,1.1770622912973574
z9184,tile_y2240_x1792,9369,2434,2214,185,194,422,1510,514,1491,1.67,0.548,2,0.1677,1589856,1,0.8945622713746897
z9184,tile_y2240_x1792,9393,2535,1940,209,295,148,1603,1513,1640,2.0,0.295,2,0.0431,388195,1,1.0251086896703538
z9184,tile_y2240_x2688,9383,2279,2768,199,39,80,160,30,45,2.36,0.275,1,0.1324,512954,1,1.1346153846153846
z9184,tile_y2240_x896,9357,2287,1118,173,47,222,833,815,858,3.11,0.498,1,0.4791,3333008,1,1.133995755354042
z9408,tile_y1344_x1792,9459,1635,2095,51,291,303,1546,309,1585,3.57,0.38,2,0.0339,306211,1,0.8732612781954887
z9408,tile_y1344_x1792,9461,1704,2197,53,360,405,1553,1569,1580,4.67,0.206,1,0.0339,306211,1,0.8175763664099416
z9408,tile_y1344_x1792,9463,1715,2171,55,371,379,1581,448,1587,2.14,0.413,2,0.0339,306211,1,0.8412229385546004
z9408,tile_y1344_x1792,9466,1644,2094,58,300,302,1585,1625,1563,2.0,0.644,2,0.0339,306211,1,0.9206629648325761
z9408,tile_y1344_x1792,9563,1377,1876,155,33,84,464,928,933,1.71,0.528,2,0.0633,323440,1,0.7552606077386309
z9408,tile_y1344_x1792,9564,1791,1858,156,447,66,1745,1749,1756,1.86,0.429,2,0.0644,580066,1,0.8771484001420882
z9408,tile_y1344_x1792,9568,1821,1910,160,477,118,1768,1782,1757,1.86,0.109,2,0.0644,580066,1,0.8215858338051205
z9408,tile_y1344_x896,9629,1421,979,221,77,83,2067,2018,1956,4.29,0.406,1,0.1469,457345,1,1.0564106198991474
z9408,tile_y1792_x0,9526,2019,365,118,227,365,331,464,132,3.71,0.684,1,0.2988,547714,1,1.1326121607050772
z9408,tile_y1792_x0,9561,2029,411,153,237,411,464,443,463,3.71,0.26,1,0.2988,547714,1,0.9346425643228048
z9408,tile_y1792_x0,9563,2008,407,155,216,407,498,442,463,4.0,0.465,1,0.2988,547714,1,0.8934147685525349
z9408,tile_y1792_x1344,9511,2004,1474,103,212,130,1779,659,1733,2.57,0.308,2,0.0399,341857,1,0.7976111784363409
z9408,tile_y1792_x2688,9484,2248,2791,76,456,103,120,91,57,4.5,0.313,2,0.0484,236143,1,0.8595720987969843
z9408,tile_y1792_x2688,9535,2079,2722,127,287,34,165,285,190,3.17,0.4,2,0.0501,244742,1,0.6095326210231004
z9408,tile_y1792_x2688,9550,2152,2779,142,360,91,165,272,108,3.17,0.24,2,0.0501,244742,1,0.9248052670623146
z9408,tile_y1792_x2688,9553,2125,2745,145,333,57,165,315,204,4.0,0.244,2,0.0501,244742,1,0.9256650451199884
z9408,tile_y1792_x2688,9576,2115,2721,168,323,33,165,285,377,3.0,0.256,2,0.0501,244742,1,0.8160922684172137
z9408,tile_y1792_x2688,9623,2075,2772,215,283,84,379,503,165,2.0,0.263,2,0.0592,333109,1,0.7329258222392299
z9408,tile_y1792_x2688,9626,1960,2853,218,168,165,423,571,467,2.83,0.371,2,0.0339,275040,1,0.571881729817822
z9408,tile_y1792_x448,9592,2126,685,184,334,237,2090,1870,1981,4.29,0.274,1,0.1377,593718,1,1.052230827969892
z9408,tile_y1792_x896,9452,2239,1128,44,447,232,1675,1632,1702,5.0,0.469,1,0.4791,3333008,1,0.8933715621263181
z9408,tile_y1792_x896,9518,2244,1333,110,452,437,1915,1921,1941,2.57,0.525,2,0.3181,2360806,1,1.1011761855465738
z9408,tile_y1792_x896,9527,2227,1310,119,435,414,1941,1940,1921,3.71,0.47,2,0.3181,2360806,1,1.0802152397424811
z9408,tile_y1792_x896,9528,2249,1109,120,457,213,1957,1994,1898,3.86,0.438,2,0.3181,2360806,1,1.1042025015395722
z9408,tile_y1792_x896,9552,2260,1109,144,468,213,2019,1994,965,3.0,0.37,2,0.3181,2360806,1,1.1612092966953154
z9408,tile_y2240_x1344,9554,2333,1759,146,93,415,1406,1445,1427,2.71,0.348,2,0.1073,950806,1,0.9578933060080721
z9408,tile_y2240_x1344,9563,2392,1819,155,152,475,1457,1512,1483,2.71,0.356,2,0.1073,950806,1,0.9744090799582408
z9408,tile_y2240_x1344,9564,2329,1679,156,89,335,1465,1454,1494,2.24,0.49,2,0.1073,950806,1,1.089181170886076
z9408,tile_y2240_x1344,9572,2292,1712,164,52,368,1508,1481,1518,4.47,0.407,2,0.1073,950806,1,0.8885334645669292
z9408,tile_y2240_x1344,9581,2330,1696,173,90,352,1567,1566,1449,3.18,0.465,2,0.1073,950806,1,1.0362424242424242
z9408,tile_y2240_x1344,9615,2495,1432,207,255,88,1722,1631,1636,4.47,0.328,2,0.0445,356021,1,1.3939359300431515
z9408,tile_y2240_x1792,9442,2433,1938,34,193,146,1107,1022,1156,2.57,0.449,2,0.0363,327097,1,0.9787723205080622
z9408,tile_y2240_x1792,9458,2414,1908,50,174,116,1158,1156,1022,3.86,0.576,2,0.0363,327097,1,0.9074536597448706
z9408,tile_y2240_x1792,9511,2364,2002,103,124,210,1289,1315,1332,3.71,0.344,2,0.0384,340010,1,0.9721013845023141
z9408,tile_y2240_x1792,9533,2392,2024,125,152,232,1366,1285,1387,4.14,0.783,2,0.0384,340010,1,0.9058347847723315
z9408,tile_y2240_x1792,9562,2338,1932,154,98,140,1399,1457,1424,2.14,0.284,2,0.0384,340010,1,0.9914004312034497
z9408,tile_y2240_x1792,9566,2319,1906,158,79,114,1441,1422,1425,3.29,0.399,2,0.0384,340010,1,1.0438009137276705
z9408,tile_y2240_x1792,9582,2347,1936,174,107,144,1457,1448,1478,2.14,0.792,2,0.0384,340010,1,0.91704169671051
z9408,tile_y2240_x448,9618,2318,909,210,78,461,269,264,265,4.43,0.52,2,0.3298,1763651,1,1.166174377701995
z9408,tile_y2240_x896,9523,2288,1234,115,48,338,808,909,151,3.46,0.322,1,0.3181,2360806,1,0.9550601143924361
z9632,tile_y1344_x1344,9733,1391,1679,101,47,335,1888,1864,490,2.29,0.265,2,0.0752,460375,1,0.7774599765716517
z9632,tile_y1344_x1344,9754,1407,1653,122,63,309,1910,790,1885,2.14,0.431,2,0.0752,460375,1,0.8214432396911451
z9632,tile_y1344_x1344,9765,1416,1712,133,72,368,1920,1918,1894,2.57,0.271,2,0.0752,460375,1,0.9881420199931058
z9632,tile_y1344_x1344,9819,1525,1646,187,181,302,2064,1279,1257,2.14,0.123,2,0.0752,460375,1,0.8655912787219427
z9632,tile_y1344_x1344,9840,1380,1422,208,36,78,956,1441,1428,4.43,0.235,1,0.0797,615411,1,0.8007408337518834
z9632,tile_y1344_x2240,9819,1522,2608,187,178,368,1577,1732,1756,4.83,0.442,1,0.3825,766747,1,1.0896220930232559
z9632,tile_y1344_x2688,9743,1514,2816,111,170,128,913,771,835,5.0,0.334,1,0.148,296676,1,0.9222515531483968
z9632,tile_y1344_x896,9698,1636,1226,66,292,330,79,622,469,2.12,0.181,2,0.078,705665,1,0.8711945794108715
z9632,tile_y1344_x896,9710,1383,1114,78,39,218,1976,455,1958,2.62,0.258,2,0.0557,378944,1,0.9774552963601707
z9632,tile_y1344_x896,9726,1428,1050,94,84,154,2007,1963,1994,3.0,0.562,2,0.0557,378944,1,0.9690364045569503
z9632,tile_y1344_x896,9753,1644,1002,121,300,106,2121,2036,2074,2.0,0.35,2,0.0386,358043,1,0.9635099815240413
z9632,tile_y1792_x0,9686,1992,344,54,200,344,394,71,406,6.43,0.157,1,0.1058,253884,1,0.899554184538021
z9632,tile_y1792_x1344,9809,1835,1689,177,43,345,1793,1810,1777,3.71,0.548,2,0.0958,902974,1,1.0175319453131981
z9632,tile_y1792_x1344,9815,1882,1800,183,90,456,1814,1813,1790,2.43,0.554,2,0.0958,902974,1,1.0704426280074029
z9632,tile_y1792_x1344,9820,1890,1782,188,98,438,1804,1803,1800,4.57,0.367,2,0.0958,902974,1,1.0277968354701772
z9632,tile_y1792_x2688,9668,2029,2944,36,237,256,828,694,754,4.5,0.574,1,0.0339,275040,1,0.8726632484089141
z9632,tile_y1792_x2688,9808,1904,2844,176,112,156,1005,386,1001,4.67,0.339,1,0.0586,503640,1,0.809519613027045
z9632,tile_y1792_x448,9674,2150,625,42,358,177,1516,1326,1564,4.56,0.359,1,0.3298,1763651,1,1.1174044542205115
z9632,tile_y1792_x896,9672,2270,986,40,478,90,1390,140,1434,2.57,0.345,2,0.0495,264648,1,0.90771303087929
z9632,tile_y1792_x896,9677,2127,983,45,335,87,1368,1360,1410,3.0,0.377,2,0.044,235139,1,1.0308017432056589
z9632,tile_y1792_x896,9689,2171,1066,57,379,170,1465,1572,1552,3.43,0.31,2,0.0424,339500,1,1.028756891758164
z9632,tile_y1792_x896,9704,2020,948,72,228,52,1562,1492,1587,2.29,0.461,2,0.0368,332844,1,0.8877661682204009
z9632,tile_y1792_x896,9711,1993,936,79,201,40,1561,1633,1651,3.71,0.318,2,0.0368,332844,1,0.9800430574607529
z9632,tile_y1792_x896,9804,2013,1011,172,221,115,1862,1842,721,3.43,0.182,2,0.0831,771286,1,0.826401645969579
z9632,tile_y2240_x1792,9666,2336,2231,34,96,439,624,567,668,5.2,0.399,1,0.0384,316111,1,0.9669318159443974
z9632,tile_y2240_x896,9729,2480,1246,97,240,350,975,989,1019,2.38,0.551,2,0.075,696899,1,1.099006431398417
z9632,tile_y2240_x896,9752,2515,1184,120,275,288,1003,1236,1002,1.88,0.424,2,0.075,696899,1,1.0850897846869592
z9632,tile_y2240_x896,9763,2456,1093,131,216,197,1069,1048,1098,7.0,0.268,1,0.075,696899,1,1.1585804677866052
z9632,tile_y2240_x896,9773,2496,1137,141,256,241,1236,1164,1061,4.29,0.239,1,0.075,696899,1,1.0761852617917833
z9632,tile_y2240_x896,9776,2500,1193,144,260,297,1236,1137,1139,2.0,0.569,2,0.075,696899,1,0.9988107340839775
z9632,tile_y2240_x896,9797,2468,1237,165,228,341,1175,375,1218,1.75,0.541,2,0.0402,373369,1,0.8083320439424416
z9632,tile_y2240_x896,9798,2443,1270,166,203,374,1155,1136,1246,3.25,0.603,2,0.0402,373369,1,0.9003509827517048
z9632,tile_y2240_x896,9807,2455,1312,175,215,416,1258,1213,1209,2.0,0.423,2,0.0402,373369,1,0.974671772428884
z9632,tile_y2240_x896,9815,2464,1227,183,224,331,1218,445,552,1.75,0.453,2,0.0402,373369,1,0.8373862986401963
z9632,tile_y2240_x896,9816,2565,1241,184,325,345,513,426,642,2.12,0.196,2,0.1031,40748,1,0.8345299420476497
z9632,tile_y2240_x896,9819,2535,1146,187,295,250,1235,641,1236,3.25,0.321,2,0.075,696899,1,0.9443202579258463
z9632,tile_y2240_x896,9823,2319,1227,191,79,331,519,583,530,2.75,0.189,2,0.0304,282860,1,0.8323457256086054
z9632,tile_y2240_x896,9826,2456,1107,194,216,211,1321,1259,1261,1.75,0.146,2,0.075,696899,1,0.9123037442664026
z9632,tile_y2240_x896,9827,2400,1136,195,160,240,1245,611,1347,1.88,0.425,2,0.0402,373369,1,0.8377704769457347
z9632,tile_y2240_x896,9837,2402,1177,205,162,281,1245,1347,1330,2.25,0.599,2,0.0402,373369,1,1.0443098168261276
z9632,tile_y2240_x896,9855,2376,1184,223,136,288,1394,622,519,1.75,0.209,2,0.0402,373369,1,0.8687536743092299
z9632,tile_y896_x1344,9754,1306,1671,122,410,327,71,189,295,3.71,0.202,2,0.0321,196673,1,0.840182387493429
z9632,tile_y896_x1344,9761,1334,1802,129,438,458,789,197,767,2.0,0.516,2,0.0599,366849,1,0.9165702032373759
z9632,tile_y896_x1344,9785,1323,1734,153,427,390,71,797,796,3.71,0.304,2,0.0321,196673,1,0.9503562667912627
z9632,tile_y896_x1344,9816,1318,1652,184,422,308,71,375,491,2.14,0.231,2,0.0321,196673,1,0.9190772733360117
z9632,tile_y896_x1344,9828,1283,1656,196,387,312,384,568,565,4.29,0.255,1,0.0317,194315,1,0.8818847847891501
z9632,tile_y896_x1344,9847,1266,1750,215,370,406,633,552,384,2.14,0.38,2,0.0321,196673,1,0.7646575443650397
z9856,tile_y1344_x0,9932,1732,325,76,388,325,562,542,60,2.14,0.548,2,0.059,201805,1,0.8747868914567153
z9856,tile_y1344_x0,9959,1803,348,103,459,348,629,602,573,1.86,0.588,2,0.0309,105655,1,0.9924606151537885
z9856,tile_y1344_x0,9972,1792,335,116,448,335,629,573,914,6.14,0.566,2,0.0309,105655,1,1.0265546013764542
z9856,tile_y1344_x0,9995,1717,417,139,373,417,617,746,211,1.86,0.733,2,0.3417,1298885,1,0.9213053918358437
z9856,tile_y1344_x0,10010,1745,339,154,401,339,914,209,301,3.57,0.212,2,0.3417,1298885,1,0.9563050819537106
z9856,tile_y1344_x0,10011,1650,327,155,306,327,686,203,914,1.71,0.467,2,0.3417,1298885,1,0.9671768581581285
z9856,tile_y1344_x0,10024,1641,332,168,297,332,253,287,914,1.71,0.334,2,0.3417,1298885,1,0.9901517016723168
z9856,tile_y1344_x0,10025,1775,376,169,431,376,746,677,656,3.29,0.378,2,0.3417,1298885,1,1.0318565362395438
z9856,tile_y1344_x0,10025,1820,442,169,476,442,705,312,736,2.71,0.316,2,0.3417,1298885,1,0.8957008422138192
z9856,tile_y1344_x0,10027,1782,305,171,438,305,914,772,744,4.0,0.34,1,0.3417,1298885,1,1.120226984824591
z9856,tile_y1344_x0,10031,1807,385,175,463,385,746,682,656,4.57,0.329,1,0.3417,1298885,1,0.9706138959390863
z9856,tile_y1344_x0,10059,1411,466,203,67,466,366,381,349,1.86,0.332,2,0.0459,31926,1,0.8879401922770489
z9856,tile_y1344_x0,10061,1784,361,205,440,361,914,877,832,1.86,0.214,2,0.3417,1298885,1,0.9411204761376659
z9856,tile_y1344_x0,10068,1753,315,212,409,315,914,868,856,2.29,0.4,2,0.3417,1298885,1,1.2454992426311737
z9856,tile_y1344_x0,10069,1798,303,213,454,303,914,744,682,4.0,0.535,2,0.3417,1298885,1,1.3317689292889372
z9856,tile_y1344_x0,10078,1790,335,222,446,335,914,877,842,1.71,0.465,2,0.3417,1298885,1,1.1416927399908328
z9856,tile_y1344_x1792,10008,1501,1834,152,157,42,2950,3163,3065,2.73,0.4,1,0.3733,2814001,1,1.0936804674665723
z9856,tile_y1344_x2240,9894,1712,2603,38,368,363,1753,2141,1340,2.14,0.663,2,0.1573,1441681,1,0.8100156874875716
z9856,tile_y1344_x2240,9897,1647,2329,41,303,89,1511,1800,1838,2.43,0.407,2,0.2855,2681562,1,0.9513084869774886
z9856,tile_y1344_x2240,9900,1493,2401,44,149,161,1793,1978,186,3.71,0.221,2,0.0637,293002,1,1.06281026067089
z9856,tile_y1344_x2240,9900,1578,2568,44,234,328,1759,1731,1883,2.14,0.385,2,0.1573,1441681,1,1.0202151193836295
z9856,tile_y1344_x2240,9901,1639,2602,45,295,362,1808,1839,1820,2.43,0.473,2,0.1573,1441681,1,1.108549864990483
z9856,tile_y1344_x2240,9907,1557,2617,51,213,377,1572,2091,1544,2.57,0.48,2,0.1573,1441681,1,1.0044985194746032
z9856,tile_y1344_x2240,9914,1504,2402,58,160,162,1854,1978,186,2.14,0.51,2,0.0637,293002,1,1.0619309988593073
z9856,tile_y1344_x2240,9914,1657,2437,58,313,197,1811,1916,2062,2.57,0.502,2,0.2855,2681562,1,1.0929033858924906
z9856,tile_y1344_x2240,9922,1672,2712,66,328,472,1905,2070,1839,2.43,0.38,2,0.1573,1441681,1,1.006015280523035
z9856,tile_y1344_x2240,9924,1624,2454,68,280,214,1811,2041,2138,2.0,0.504,2,0.2855,2681562,1,1.1188878733746002
z9856,tile_y1344_x2240,9926,1634,2591,70,290,351,2043,2033,2427,3.71,0.399,2,0.1573,1441681,1,1.137989313038902
z9856,tile_y1344_x2240,9927,1595,2442,71,251,202,2077,1811,2174,3.14,0.435,2,0.2855,2681562,1,1.0712198990025459
z9856,tile_y1344_x2240,9930,1604,2468,74,260,228,2077,2219,2205,3.71,0.453,2,0.2855,2681562,1,1.047213942705746
z9856,tile_y1344_x2240,9933,1609,2584,77,265,344,2427,2175,2592,2.0,0.299,2,0.1573,1441681,1,0.9742734427802123
z9856,tile_y1344_x2240,9933,1680,2615,77,336,375,2154,2153,2060,4.0,0.572,2,0.1573,1441681,1,1.068819015176162
z9856,tile_y1344_x2240,9942,1643,2287,86,299,47,2252,2147,2332,2.14,0.488,2,0.2855,2681562,1,0.8912165244021633
z9856,tile_y1344_x2240,9946,1659,2336,90,315,96,2197,2333,2355,3.57,0.333,2,0.2855,2681562,1,0.9403320847798282
z9856,tile_y1344_x2240,9953,1664,2432,97,320,192,2308,2375,2171,3.14,0.651,2,0.2855,2681562,1,0.9954482419253825
z9856,tile_y1344_x2240,9970,1644,2283,114,300,43,2448,2533,517,2.29,0.277,2,0.2855,2681562,1,0.8644913829340058
z9856,tile_y1344_x2240,10026,1708,2526,170,364,286,2636,2770,2807,2.29,0.406,2,0.0485,470632,1,0.8625885145124893
z9856,tile_y1344_x2240,10048,1792,2539,192,448,299,2757,2809,2837,5.0,0.501,1,0.0485,470632,1,1.035765525722484
z9856,tile_y1344_x2240,10057,1712,2718,201,368,478,540,926,1049,2.43,0.144,2,0.0993,882151,1,0.8473046169718855
z9856,tile_y1344_x2688,9888,1609,2735,32,265,47,936,996,981,3.25,0.558,2,0.1573,1441681,1,1.1072131827132345
z9856,tile_y1344_x2688,9891,1618,2758,35,274,70,936,920,990,1.88,0.446,2,0.1573,1441681,1,1.0059913706378127
z9856,tile_y1344_x2688,9894,1559,2743,38,215,55,999,910,989,1.88,0.478,2,0.1573,1441681,1,1.0429879045439687
z9856,tile_y1344_x2688,9962,1820,2790,106,476,102,1290,1277,1405,2.0,0.457,2,0.0761,697850,1,0.9150506172312161
z9856,tile_y1344_x2688,9964,1704,2792,108,360,104,1801,1346,1422,3.25,0.515,2,0.1573,1441681,1,0.9072164948453608
z9856,tile_y1344_x2688,9966,1768,2755,110,424,67,1554,1433,1399,2.25,0.341,2,0.0761,697850,1,0.9583400629895825
z9856,tile_y1344_x2688,9985,1667,2944,129,323,256,1683,1363,1529,1.88,0.175,2,0.0588,522173,1,0.9781624628368658
z9856,tile_y1344_x2688,9999,1823,2921,143,479,233,1683,1577,492,2.0,0.503,2,0.0548,486780,1,1.064395004216698
z9856,tile_y1344_x2688,10009,1775,2758,153,431,70,1532,1675,503,2.62,0.193,2,0.0384,341199,1,0.913956872602196
z9856,tile_y1344_x2688,10026,1646,2790,170,302,102,1801,1739,1708,3.5,0.645,2,0.0993,882151,1,0.9867586394769614
z9856,tile_y1344_x2688,10030,1427,2797,174,83,109,378,585,1630,1.62,0.676,2,0.0498,104181,1,0.8028760330578513
z9856,tile_y1344_x2688,10033,1641,2835,177,297,147,1801,539,1805,1.75,0.501,2,0.0993,882151,1,0.8774039384284672
z9856,tile_y1344_x2688,10045,1597,2835,189,253,147,1801,1824,1859,2.38,0.294,2,0.0993,882151,1,0.7987100539322225
z9856,tile_y1344_x2688,10053,1810,2955,197,466,267,1707,1874,1839,2.12,0.11,2,0.0548,486780,1,0.9162397540983607
z9856,tile_y1344_x2688,10060,1694,2795,204,350,107,1850,696,1673,3.75,0.371,2,0.0993,882151,1,0.9140222112853872
z9856,tile_y1344_x896,9935,1500,1023,79,156,127,1818,383,1790,2.14,0.468,2,0.2457,1009745,1,1.0019660805174282
z9856,tile_y1344_x896,9940,1488,961,84,144,65,1773,1864,1848,2.86,0.576,2,0.2457,1009745,1,1.0876325482754772
z9856,tile_y1344_x896,9941,1466,1010,85,122,114,1903,510,1915,3.0,0.67,2,0.2457,1009745,1,0.9561940554848356
z9856,tile_y1344_x896,10034,1687,1080,178,343,184,2347,2320,2440,4.29,0.317,2,0.0762,743776,1,1.133830479346959
z9856,tile_y1344_x896,10049,1611,1162,193,267,266,2426,2310,2509,3.0,0.3,2,0.0762,743776,1,0.9119229470841421
z9856,tile_y1792_x0,9891,1921,475,35,129,475,434,116,442,3.25,0.329,2,0.048,164102,1,0.903353222178851
z9856,tile_y1792_x0,9915,2089,424,59,297,424,490,455,476,2.75,0.436,2,0.297,363935,1,1.099643508369358
z9856,tile_y1792_x0,10024,1831,432,168,39,432,222,133,240,2.5,0.796,2,0.3417,1298885,1,0.8716622162883845
z9856,tile_y1792_x0,10028,2035,408,172,243,408,727,824,596,2.38,0.812,2,0.0757,287894,1,0.9131693569049449
z9856,tile_y1792_x1344,10065,1829,1793,209,37,449,1166,1478,1364,3.5,0.339,2,0.1089,1049050,1,0.8963460454630847
z9856,tile_y1792_x1792,9998,2096,1880,142,304,88,688,637,407,2.0,0.213,2,0.0342,321785,1,0.829671625366007
z9856,tile_y1792_x1792,10003,2125,1881,147,333,89,688,570,562,2.67,0.139,2,0.0342,321785,1,0.9437196691357055
z9856,tile_y1792_x2240,9958,2165,2710,102,373,470,383,499,594,4.83,0.355,2,0.0393,197200,1,0.8417284473628469
z9856,tile_y1792_x2240,9983,1843,2699,127,51,459,129,640,810,4.5,0.196,2,0.0761,697850,1,0.8808970823051241
z9856,tile_y1792_x2688,9901,1851,2759,45,59,71,1176,1139,1129,2.89,0.505,2,0.0761,697850,1,0.9517585162135604
z9856,tile_y1792_x2688,9952,1899,2892,96,107,204,1406,1324,1345,1.78,0.414,2,0.0761,697850,1,0.9138113740727658
z9856,tile_y1792_x2688,9954,2074,2859,98,282,171,1397,1449,1317,3.62,0.308,1,0.0634,317682,1,0.9566782307025152
z9856,tile_y1792_x2688,9970,1899,2860,114,107,172,1454,1470,1448,2.11,0.342,2,0.0761,697850,1,0.9184249442836017
z9856,tile_y1792_x2688,9991,1825,2919,135,33,231,1508,1749,1512,1.89,0.515,2,0.0548,486780,1,1.081203166226913
z9856,tile_y1792_x2688,10012,1851,2821,156,59,133,1626,1636,737,3.56,0.252,2,0.0548,486780,1,0.8671891392840656
z9856,tile_y1792_x2688,10049,2161,2945,193,369,257,830,795,775,1.67,1.0,2,0.0485,199014,1,0.7154863598787545
z9856,tile_y1792_x448,9898,1899,489,42,107,41,855,324,10,3.2,0.189,1,0.048,164102,1,0.9058797967011166
z9856,tile_y1792_x896,9895,2187,1100,39,395,204,1773,195,1864,3.12,0.297,2,0.0718,714820,1,1.0264675592173018
z9856,tile_y1792_x896,9912,2063,952,56,271,56,2001,2078,1962,3.75,0.498,2,0.0536,439588,1,1.0909028161236887
z9856,tile_y1792_x896,9917,2097,1006,61,305,110,1973,392,1825,3.25,0.529,2,0.0536,439588,1,0.984161082103359
z9856,tile_y1792_x896,9920,2104,1071,64,312,175,1925,1747,2028,4.38,0.438,1,0.0718,714820,1,0.99165868836764
z9856,tile_y1792_x896,9923,2259,1136,67,467,240,1977,1853,1956,3.25,0.452,2,0.0712,708797,1,1.0261327894633379
z9856,tile_y1792_x896,9945,2160,1178,89,368,282,2180,2214,413,2.0,0.243,2,0.0712,708797,1,0.8503211477279549
z9856,tile_y1792_x896,10004,2271,1128,148,479,232,2679,2482,2572,2.62,0.492,2,0.1546,1453291,1,1.0393134112294489
z9856,tile_y1792_x896,10040,2227,947,184,435,51,186,1143,2727,2.25,0.413,2,0.5719,4904661,1,0.8116754927459029
z9856,tile_y1792_x896,10048,2243,1034,192,451,138,2674,1354,2713,2.5,0.433,2,0.1546,1453291,1,0.8990512069206084
z9856,tile_y2240_x448,10028,2370,646,172,130,198,1172,1180,1158,4.62,0.421,1,0.5719,4904661,1,0.8410362056750811
z9856,tile_y896_x1792,10033,1245,1860,177,349,68,739,707,684,4.14,0.33,1,0.066,497164,1,0.9216647612347199
z9856,tile_y896_x1792,10051,1375,1922,195,479,130,838,799,373,4.14,0.271,1,0.3733,2814001,1,1.0618954780337302
